data,Id_punktu,pm25
2024-01-01 00:01:52,1,20.718715802406493
2024-01-01 00:02:22,1,14.92285115200832
2024-01-01 00:03:54,1,7.945185551276861
2024-01-01 00:05:47,1,15.53598287518286
2024-01-01 00:06:18,1,19.16547619529872
2024-01-01 00:06:29,1,18.5899730617175
2024-01-01 00:06:59,1,18.111109133059916
2024-01-01 00:07:50,1,50.72207086396655
2024-01-01 00:08:14,1,69.65648768921554
2024-01-01 00:09:14,1,52.74223699513465
2024-01-01 00:11:11,1,80.59488031037793
2024-01-01 00:11:23,1,58.94233021879601
2024-01-01 00:13:13,1,43.490064225776976
2024-01-01 00:14:01,1,58.75698018345672
2024-01-01 00:14:28,1,48.99746149894088
2024-01-01 00:15:30,1,64.47439821046639
2024-01-01 00:15:41,1,48.98293387770603
2024-01-01 00:17:01,1,73.52278184508938
2024-01-01 00:17:54,1,49.66351196157513
2024-01-01 00:19:21,1,54.94472137679874
2024-01-01 00:20:51,1,63.225449121031886
2024-01-01 00:21:02,1,42.791563500289776
2024-01-01 00:21:17,1,58.229997972782975
2024-01-01 00:22:59,1,41.06583059127296
2024-01-01 00:24:11,1,53.23714338074241
2024-01-01 00:25:34,1,67.00892771949529
2024-01-01 00:26:45,1,56.726937065255115
2024-01-01 00:27:09,1,58.24198767552732
2024-01-01 00:28:30,1,21.927660622491224
2024-01-01 00:29:41,1,31.280050456360215
2024-01-01 00:31:10,1,29.703731670515232
2024-01-01 00:32:48,1,23.354925935086847
2024-01-01 00:34:46,1,20.910613973565198
2024-01-01 00:35:30,1,22.438742297966787
2024-01-01 00:35:44,1,21.31142256809531
2024-01-01 00:37:06,1,19.205610812935646
2024-01-01 00:37:49,1,25.344706427161963
2024-01-01 00:38:35,1,12.380508327299816
2024-01-01 00:40:28,1,7.777884890900426
2024-01-01 00:41:24,1,23.347404430984653
2024-01-01 00:41:34,1,14.101490596700607
2024-01-01 00:42:10,1,13.780518198280372
2024-01-01 00:42:34,1,11.096414878638738
2024-01-01 00:44:19,1,16.595968542366233
2024-01-01 00:45:20,1,14.089760868500804
2024-01-01 00:47:12,1,20.11971534895467
2024-01-01 00:48:04,1,18.678769147382432
2024-01-01 00:49:39,1,21.040448310004805
2024-01-01 00:50:30,1,22.57701058851037
2024-01-01 00:51:07,1,19.643755548298422
2024-01-01 00:52:40,1,24.859310667748883
2024-01-01 00:54:21,1,18.877766469774162
2024-01-01 00:55:32,1,16.039459234339212
2024-01-01 00:56:58,1,10.682425259339407
2024-01-01 00:58:50,1,11.450246563937629
2024-01-01 01:00:36,1,32.71831708240642
2024-01-01 01:01:29,1,15.584386606243534
2024-01-01 01:03:06,1,15.150858258007982
2024-01-01 01:04:17,1,8.406143923504793
2024-01-01 01:05:22,1,54.73486124550783
2024-01-01 01:05:33,1,48.40817697563522
2024-01-01 01:07:23,1,55.039373044314026
2024-01-01 01:09:08,1,53.076390352188774
2024-01-01 01:09:19,1,58.015473423336125
2024-01-01 01:10:21,1,58.39820964186644
2024-01-01 01:11:02,1,54.92619850055427
2024-01-01 01:12:19,1,52.856755167438074
2024-01-01 01:12:45,1,48.10805789535755
2024-01-01 01:13:32,1,69.02794310936099
2024-01-01 01:14:51,1,40.98148937207719
2024-01-01 01:16:26,1,46.19359181470231
2024-01-01 01:18:12,1,55.76894948584572
2024-01-01 01:19:34,1,45.09463674869312
2024-01-01 01:21:16,1,49.33702270397228
2024-01-01 01:21:28,1,72.06604953678462
2024-01-01 01:21:56,1,63.735894156353794
2024-01-01 01:23:35,1,39.493365689338674
2024-01-01 01:25:20,1,55.68562974806027
2024-01-01 01:26:40,1,20.681680161910325
2024-01-01 01:27:28,1,13.426545343693613
2024-01-01 01:27:38,1,13.81209304118443
2024-01-01 01:28:18,1,21.385930327910497
2024-01-01 01:30:06,1,9.447352107374845
2024-01-01 01:30:16,1,18.594892459479926
2024-01-01 01:30:37,1,17.265273035398135
2024-01-01 01:32:31,1,18.9031148687011
2024-01-01 01:33:28,1,16.572553495068348
2024-01-01 01:34:10,1,23.32646234422975
2024-01-01 01:35:34,1,21.265241555248803
2024-01-01 01:37:22,1,23.513437327313557
2024-01-01 01:39:00,1,27.328872555723784
2024-01-01 01:40:29,1,20.36916460455894
2024-01-01 01:42:18,1,14.244102876680358
2024-01-01 01:42:47,1,12.34785973439735
2024-01-01 01:43:04,1,22.11030079997245
2024-01-01 01:44:29,1,27.483964913269737
2024-01-01 01:46:04,1,22.393367740954478
2024-01-01 01:46:40,1,16.802027459030953
2024-01-01 01:47:10,1,16.67671583381022
2024-01-01 01:48:28,1,31.600845832948096
2024-01-01 01:49:25,1,18.209900322350116
2024-01-01 01:49:51,1,17.31364091451092
2024-01-01 01:50:30,1,16.882686073370746
2024-01-01 01:52:24,1,21.57000247046046
2024-01-01 01:54:06,1,15.737688838276654
2024-01-01 01:55:40,1,21.88524897451804
2024-01-01 01:56:22,1,19.07046872065102
2024-01-01 01:58:06,1,11.77130610644006
2024-01-01 01:59:22,1,19.154768614725665
2024-01-01 02:00:57,1,13.955315543048194
2024-01-01 02:01:33,1,22.41418830254695
2024-01-01 02:01:51,1,15.75347806952109
2024-01-01 02:02:48,1,14.665283125217437
2024-01-01 02:03:47,1,9.540908718748485
2024-01-01 02:04:09,1,15.220275511126912
2024-01-01 02:05:45,1,53.72265171536114
2024-01-01 02:07:00,1,73.89547656126584
2024-01-01 02:08:00,1,48.24195265778603
2024-01-01 02:08:34,1,56.49833716339598
2024-01-01 02:09:32,1,56.40907368071322
2024-01-01 02:10:33,1,35.08462213468586
2024-01-01 02:10:50,1,59.26025866834002
2024-01-01 02:11:52,1,24.051993165683193
2024-01-01 02:13:37,1,17.243820172538854
2024-01-01 02:14:33,1,17.46402762419437
2024-01-01 02:15:01,1,15.56891357123438
2024-01-01 02:16:05,1,26.906455385131835
2024-01-01 02:16:15,1,14.612921661426217
2024-01-01 02:16:25,1,16.40322461092611
2024-01-01 02:18:03,1,16.976917472612058
2024-01-01 02:18:13,1,19.886481327302047
2024-01-01 02:18:44,1,26.25675493239745
2024-01-01 02:20:00,1,24.334555745933113
2024-01-01 02:21:06,1,14.461652671906096
2024-01-01 02:22:47,1,61.99092381859989
2024-01-01 02:24:36,1,60.99896633711006
2024-01-01 02:25:18,1,76.13112156958202
2024-01-01 02:25:37,1,50.01593377293554
2024-01-01 02:26:55,1,51.756045524326005
2024-01-01 02:27:14,1,60.24609000630509
2024-01-01 02:27:42,1,66.63163752154959
2024-01-01 02:29:00,1,55.10233061019587
2024-01-01 02:30:58,1,52.97542474168449
2024-01-01 02:31:39,1,55.6089660711716
2024-01-01 02:33:19,1,61.078385403348044
2024-01-01 02:34:03,1,65.32512792827882
2024-01-01 02:34:45,1,76.33033374656267
2024-01-01 02:36:35,1,35.47912200477498
2024-01-01 02:36:56,1,59.39327140103434
2024-01-01 02:38:19,1,53.91502111436487
2024-01-01 02:39:11,1,57.809918677350325
2024-01-01 02:40:41,1,48.77300480179406
2024-01-01 02:42:20,1,63.84990467186665
2024-01-01 02:43:59,1,15.677351256775161
2024-01-01 02:44:42,1,27.75640042867877
2024-01-01 02:46:40,1,17.799574313134983
2024-01-01 02:47:25,1,18.253719794276332
2024-01-01 02:49:15,1,20.472999459408573
2024-01-01 02:50:28,1,14.923773921152547
2024-01-01 02:52:20,1,19.913997335753933
2024-01-01 02:52:52,1,16.9115939838639
2024-01-01 02:53:14,1,23.49388425993595
2024-01-01 02:55:02,1,18.060732545366125
2024-01-01 02:56:40,1,22.654670419870396
2024-01-01 02:57:48,1,15.943547046700928
2024-01-01 02:58:25,1,22.92011772281545
2024-01-01 02:59:26,1,13.908896583832638
2024-01-01 03:01:14,1,28.461936378427303
2024-01-01 03:02:15,1,21.853391647615556
2024-01-01 03:03:21,1,21.335280517348956
2024-01-01 03:04:23,1,18.37902279096863
2024-01-01 03:04:37,1,14.614191442439441
2024-01-01 03:06:19,1,21.069206707377123
2024-01-01 03:08:10,1,24.78940394049994
2024-01-01 03:08:32,1,22.43100983064688
2024-01-01 03:09:47,1,16.831484103429975
2024-01-01 03:10:33,1,23.30346231590151
2024-01-01 03:12:08,1,19.1874262581097
2024-01-01 03:13:28,1,14.678862783477886
2024-01-01 03:14:08,1,24.800556831240858
2024-01-01 03:16:05,1,22.288298116010097
2024-01-01 03:16:53,1,17.200307350182864
2024-01-01 03:17:47,1,67.71138225980914
2024-01-01 03:19:13,1,62.708631014640396
2024-01-01 03:20:54,1,53.91239851543143
2024-01-01 03:21:28,1,59.01711722098941
2024-01-01 03:22:33,1,29.356580185393064
2024-01-01 03:23:40,1,66.42725883293832
2024-01-01 03:24:33,1,55.45607839925595
2024-01-01 03:25:29,1,58.891795761445394
2024-01-01 03:25:59,1,53.3192921079447
2024-01-01 03:26:27,1,57.851753246496536
2024-01-01 03:26:56,1,47.981865574724
2024-01-01 03:27:06,1,45.328889453990335
2024-01-01 03:28:09,1,63.723206367206785
2024-01-01 03:29:15,1,56.83342005738352
2024-01-01 03:30:39,1,53.8906806437049
2024-01-01 03:31:16,1,64.76309126481102
2024-01-01 03:31:33,1,59.62724313641119
2024-01-01 03:31:50,1,44.591498467201035
2024-01-01 03:32:57,1,47.43093909488404
2024-01-01 03:34:47,1,46.249211771318826
2024-01-01 03:35:37,1,51.766272009967985
2024-01-01 03:36:49,1,38.39882579443667
2024-01-01 03:37:15,1,48.546777908025135
2024-01-01 03:38:41,1,38.99388990972366
2024-01-01 03:40:22,1,48.53700500699251
2024-01-01 03:41:06,1,50.96445043153089
2024-01-01 03:41:21,1,41.797667929793576
2024-01-01 03:42:26,1,27.15729382927177
2024-01-01 03:43:05,1,23.897200603606436
2024-01-01 03:44:50,1,15.654121739476476
2024-01-01 03:45:10,1,19.704610992794766
2024-01-01 03:45:46,1,17.56793246584193
2024-01-01 03:46:28,1,10.027861706028165
2024-01-01 03:47:32,1,15.003124885231136
2024-01-01 03:49:02,1,19.597687894343572
2024-01-01 03:49:34,1,18.96639030924693
2024-01-01 03:50:20,1,11.246390235292468
2024-01-01 03:51:42,1,14.813822339620613
2024-01-01 03:52:42,1,19.665866474199124
2024-01-01 03:54:35,1,16.710489177282284
2024-01-01 03:56:16,1,17.99182016677951
2024-01-01 03:57:19,1,15.869838307177902
2024-01-01 03:58:18,1,28.303739624409936
2024-01-01 04:00:01,1,26.77670421221602
2024-01-01 04:00:27,1,25.445225869422394
2024-01-01 04:01:27,1,22.389125842400567
2024-01-01 04:02:40,1,71.105784632233
2024-01-01 04:04:08,1,67.7399339058882
2024-01-01 04:05:48,1,57.51194972219674
2024-01-01 04:06:35,1,50.46203335027844
2024-01-01 04:08:21,1,50.132855039572505
2024-01-01 04:10:16,1,68.34445640864135
2024-01-01 04:11:16,1,64.68628484627345
2024-01-01 04:11:35,1,61.45732788723247
2024-01-01 04:12:40,1,59.607370675639196
2024-01-01 04:14:13,1,20.930528023617
2024-01-01 04:15:50,1,34.325578999601234
2024-01-01 04:17:46,1,54.10879960487212
2024-01-01 04:18:38,1,53.770886934485446
2024-01-01 04:19:10,1,54.24696345244877
2024-01-01 04:20:14,1,37.35873100699918
2024-01-01 04:20:39,1,69.99888675675197
2024-01-01 04:20:56,1,60.602257109707196
2024-01-01 04:21:30,1,45.87871743390501
2024-01-01 04:22:46,1,55.437026680842735
2024-01-01 04:23:27,1,65.73682012098752
2024-01-01 04:24:26,1,41.34335213516344
2024-01-01 04:24:56,1,60.04106859690534
2024-01-01 04:25:10,1,42.197088717647446
2024-01-01 04:25:41,1,41.98396674258
2024-01-01 04:26:11,1,26.41463232186468
2024-01-01 04:26:32,1,29.908183972539753
2024-01-01 04:27:15,1,11.907551793567073
2024-01-01 04:27:50,1,12.19837487365347
2024-01-01 04:29:25,1,17.43835975154585
2024-01-01 04:29:35,1,16.895152002333884
2024-01-01 04:31:23,1,15.263600818312394
2024-01-01 04:32:58,1,11.85972990438188
2024-01-01 04:33:35,1,26.224838567506417
2024-01-01 04:33:58,1,16.75481980221811
2024-01-01 04:34:14,1,20.359134956331978
2024-01-01 04:36:12,1,21.25532528335152
2024-01-01 04:36:59,1,13.947470765103906
2024-01-01 04:38:49,1,13.477290581064644
2024-01-01 04:39:37,1,14.767135578787368
2024-01-01 04:40:30,1,12.592259981928025
2024-01-01 04:40:52,1,23.276654982732072
2024-01-01 04:42:50,1,21.26817130667662
2024-01-01 04:44:39,1,25.615620386348287
2024-01-01 04:46:36,1,20.694550218423295
2024-01-01 04:47:26,1,19.12998637047015
2024-01-01 04:48:34,1,22.19873718948857
2024-01-01 04:50:32,1,14.914547958565624
2024-01-01 04:50:45,1,11.705789792239024
2024-01-01 04:51:56,1,18.242608139724133
2024-01-01 04:52:45,1,13.84524941794481
2024-01-01 04:53:18,1,19.951266344915712
2024-01-01 04:53:31,1,54.15091167504168
2024-01-01 04:55:14,1,60.009171876243805
2024-01-01 04:56:20,1,45.22444755201449
2024-01-01 04:57:35,1,75.43320489682306
2024-01-01 04:58:35,1,71.19612155437311
2024-01-01 04:59:29,1,48.37376241054153
2024-01-01 05:00:46,1,60.70598668593159
2024-01-01 05:01:14,1,61.40582006949151
2024-01-01 05:01:35,1,46.85215872009702
2024-01-01 05:02:31,1,64.87493005700722
2024-01-01 05:03:18,1,62.64204388001908
2024-01-01 05:04:04,1,62.64252198609023
2024-01-01 05:05:30,1,55.107981648097
2024-01-01 05:07:26,1,37.70419906990854
2024-01-01 05:07:45,1,67.41713959652344
2024-01-01 05:07:59,1,65.0629280921444
2024-01-01 05:09:13,1,49.23108130476851
2024-01-01 05:10:25,1,66.06329104828443
2024-01-01 05:11:49,1,62.71638149301336
2024-01-01 05:12:13,1,30.283554998727105
2024-01-01 05:13:56,1,47.03104744529523
2024-01-01 05:15:40,1,56.69729284390374
2024-01-01 05:17:05,1,55.8939391914565
2024-01-01 05:18:53,1,55.865897874729
2024-01-01 05:19:24,1,53.44322764607921
2024-01-01 05:20:33,1,17.400745403172007
2024-01-01 05:22:27,1,18.568647301064903
2024-01-01 05:23:36,1,19.972260711891483
2024-01-01 05:25:03,1,15.895077595898686
2024-01-01 05:25:16,1,26.54646247364811
2024-01-01 05:26:37,1,22.12450093064367
2024-01-01 05:27:00,1,21.539621834848372
2024-01-01 05:28:12,1,29.042252629330907
2024-01-01 05:28:46,1,21.43415895271323
2024-01-01 05:29:48,1,6.302034987425568
2024-01-01 05:30:48,1,8.663240868154453
2024-01-01 05:31:48,1,14.176043065222746
2024-01-01 05:33:01,1,17.936279247558158
2024-01-01 05:34:44,1,23.271976079245572
2024-01-01 05:35:29,1,22.140767451950527
2024-01-01 05:36:05,1,23.049474805248302
2024-01-01 05:37:22,1,20.39489912873196
2024-01-01 05:39:08,1,19.66831052643474
2024-01-01 05:39:30,1,24.43487481924797
2024-01-01 05:39:44,1,15.7768122087718
2024-01-01 05:41:01,1,22.3480296005283
2024-01-01 05:41:46,1,24.778189294024756
2024-01-01 05:42:38,1,12.111072292538234
2024-01-01 05:43:10,1,14.598692064030459
2024-01-01 05:44:05,1,16.655829116024123
2024-01-01 05:45:58,1,15.800678561922911
2024-01-01 05:47:23,1,14.986760973473423
2024-01-01 05:47:41,1,24.509245840800475
2024-01-01 05:48:19,1,16.35363146472091
2024-01-01 05:49:58,1,15.648592766352781
2024-01-01 05:51:01,1,11.825278032312934
2024-01-01 05:51:50,1,12.503220875839556
2024-01-01 05:52:46,1,23.354982336026275
2024-01-01 05:53:21,1,15.085996992935012
2024-01-01 05:54:33,1,10.221250120641859
2024-01-01 05:56:13,1,4.076821776089499
2024-01-01 05:57:05,1,59.716881051978405
2024-01-01 05:58:06,1,39.70235696827192
2024-01-01 05:59:25,1,47.81696583829251
2024-01-01 06:00:00,1,64.05887611490503
2024-01-01 06:00:37,1,55.78408922506077
2024-01-01 06:02:07,1,40.15298428482928
2024-01-01 06:03:40,1,77.76651626398838
2024-01-01 06:05:15,1,38.70697389445748
2024-01-01 06:06:56,1,41.60371501806209
2024-01-01 06:08:16,1,56.48890227652224
2024-01-01 06:08:26,1,46.29135352353671
2024-01-01 06:09:26,1,38.88038820349915
2024-01-01 06:10:31,1,53.851559805169764
2024-01-01 06:11:09,1,56.55036623595519
2024-01-01 06:12:07,1,54.672467297840015
2024-01-01 06:12:56,1,49.56575228866235
2024-01-01 06:13:24,1,68.88582269040288
2024-01-01 06:15:05,1,28.406486429506273
2024-01-01 06:16:48,1,43.224716347250634
2024-01-01 06:16:58,1,57.037017981388495
2024-01-01 06:17:15,1,40.924883052821784
2024-01-01 06:19:14,1,47.22183312409125
2024-01-01 06:19:57,1,51.38109028766996
2024-01-01 06:21:38,1,17.65205088543495
2024-01-01 06:22:19,1,17.55389412203165
2024-01-01 06:23:35,1,18.14991817263579
2024-01-01 06:24:43,1,9.457483602157462
2024-01-01 06:26:33,1,23.051725014707888
2024-01-01 06:28:19,1,22.30982542530078
2024-01-01 06:29:56,1,21.116997194581757
2024-01-01 06:30:51,1,26.231986213399868
2024-01-01 06:32:25,1,12.964553178468694
2024-01-01 06:33:29,1,19.63066511121059
2024-01-01 06:34:38,1,11.744432118073485
2024-01-01 06:34:48,1,11.792493845254388
2024-01-01 06:34:59,1,13.918472954725772
2024-01-01 06:35:20,1,23.926051457554447
2024-01-01 06:35:38,1,14.649804032223265
2024-01-01 06:36:31,1,18.832075743814443
2024-01-01 06:37:39,1,13.120100958541666
2024-01-01 06:39:24,1,28.776197692165365
2024-01-01 06:41:16,1,21.36128642206886
2024-01-01 06:41:47,1,18.092169665326967
2024-01-01 06:43:45,1,19.737908526808354
2024-01-01 06:44:31,1,68.46745978640996
2024-01-01 06:45:21,1,56.2679315968047
2024-01-01 06:46:08,1,53.5130357588778
2024-01-01 06:47:59,1,48.20758083286561
2024-01-01 06:49:24,1,57.56029734313876
2024-01-01 06:49:45,1,64.82690983945514
2024-01-01 06:51:43,1,44.96242108436629
2024-01-01 06:52:37,1,60.10296389582323
2024-01-01 06:53:03,1,36.59125768668355
2024-01-01 06:53:58,1,42.204230332642986
2024-01-01 06:55:11,1,58.71593830486526
2024-01-01 06:56:25,1,53.81602099453771
2024-01-01 06:57:25,1,56.47207829369603
2024-01-01 06:58:03,1,52.7745852782886
2024-01-01 06:58:33,1,52.74994096629624
2024-01-01 06:59:18,1,67.07592170430262
2024-01-01 07:00:26,1,60.73966959201675
2024-01-01 07:02:13,1,37.464262820913135
2024-01-01 07:03:17,1,59.93317900880889
2024-01-01 07:04:35,1,56.84836123694874
2024-01-01 07:05:40,1,61.075668643313584
2024-01-01 07:07:36,1,10.404100085069114
2024-01-01 07:09:06,1,9.55221386960865
2024-01-01 07:09:41,1,22.93561100064355
2024-01-01 07:11:03,1,17.82505754751519
2024-01-01 07:11:55,1,26.85400317817755
2024-01-01 07:12:29,1,20.49868810056055
2024-01-01 07:13:22,1,20.662975546852756
2024-01-01 07:15:13,1,14.364314120875658
2024-01-01 07:16:11,1,16.762406822242475
2024-01-01 07:17:34,1,13.65696405367198
2024-01-01 07:19:03,1,18.223834335474518
2024-01-01 07:19:20,1,22.024015893669027
2024-01-01 07:20:49,1,22.651266729767705
2024-01-01 07:21:23,1,24.77422586186625
2024-01-01 07:23:17,1,23.14321315151533
2024-01-01 07:24:13,1,63.184847346385396
2024-01-01 07:24:36,1,56.33847654246
2024-01-01 07:26:04,1,44.189434595917376
2024-01-01 07:27:01,1,65.53152853332904
2024-01-01 07:28:22,1,66.29069437535142
2024-01-01 07:29:10,1,54.19584226291008
2024-01-01 07:30:58,1,64.38283805975998
2024-01-01 07:31:24,1,49.83955271782626
2024-01-01 07:31:47,1,40.9484007763554
2024-01-01 07:32:56,1,60.01033343517345
2024-01-01 07:33:50,1,57.22133771633713
2024-01-01 07:34:39,1,50.212513783365225
2024-01-01 07:36:18,1,52.38972746753205
2024-01-01 07:36:42,1,56.349847208196884
2024-01-01 07:36:55,1,48.494151584431435
2024-01-01 07:38:26,1,65.43545909286553
2024-01-01 07:39:08,1,57.67050265869259
2024-01-01 07:40:23,1,63.89630795623437
2024-01-01 07:41:27,1,57.561614584338244
2024-01-01 07:41:49,1,54.80118389711135
2024-01-01 07:42:11,1,61.409038494092364
2024-01-01 07:42:59,1,53.28086628928242
2024-01-01 07:43:54,1,67.23170950591458
2024-01-01 07:45:36,1,14.582841049349385
2024-01-01 07:46:47,1,22.59913755073832
2024-01-01 07:47:06,1,19.56930981735067
2024-01-01 07:48:58,1,8.693255481615884
2024-01-01 07:50:15,1,16.501307116953985
2024-01-01 07:51:01,1,52.549303816836634
2024-01-01 07:52:18,1,46.16842754903523
2024-01-01 07:52:39,1,60.63078873972571
2024-01-01 07:53:27,1,39.674726580826785
2024-01-01 07:54:32,1,57.434957388079
2024-01-01 07:55:43,1,64.28097776616194
2024-01-01 07:57:09,1,17.254054201206404
2024-01-01 07:58:51,1,14.702932942744988
2024-01-01 08:00:49,1,17.358942369524446
2024-01-01 08:01:39,1,15.49430016360715
2024-01-01 08:01:51,1,20.57636426493383
2024-01-01 08:03:27,1,23.970909812755345
2024-01-01 08:05:15,1,9.504963975781662
2024-01-01 08:05:59,1,18.88687695919773
2024-01-01 08:07:10,1,17.564455783188052
2024-01-01 08:07:32,1,22.727049499885663
2024-01-01 08:09:10,1,13.799449607083307
2024-01-01 08:11:04,1,18.823489137185703
2024-01-01 08:12:45,1,17.654887425018863
2024-01-01 08:13:19,1,17.062106678648743
2024-01-01 08:14:27,1,16.82271638897653
2024-01-01 08:14:54,1,18.510644604355168
2024-01-01 08:16:03,1,22.53747384208628
2024-01-01 08:17:19,1,18.1794727488385
2024-01-01 08:19:06,1,20.047067089345653
2024-01-01 08:20:43,1,21.189866350753864
2024-01-01 08:21:32,1,16.668812339192712
2024-01-01 08:21:54,1,16.656819708063487
2024-01-01 08:23:32,1,19.58902584600942
2024-01-01 08:24:41,1,14.85241725975458
2024-01-01 08:26:37,1,23.20102964111831
2024-01-01 08:27:28,1,17.526233132107986
2024-01-01 08:29:24,1,25.83653933319476
2024-01-01 08:29:45,1,58.431090829517586
2024-01-01 08:30:40,1,61.52534693759479
2024-01-01 08:32:33,1,36.07454014696036
2024-01-01 08:34:17,1,52.78802668274201
2024-01-01 08:35:49,1,56.89720883558058
2024-01-01 08:36:28,1,54.535796292586
2024-01-01 08:38:15,1,51.70085264866526
2024-01-01 08:39:27,1,43.145799953196885
2024-01-01 08:40:13,1,51.01107507746449
2024-01-01 08:41:55,1,49.44453267186579
2024-01-01 08:43:44,1,59.91793055399613
2024-01-01 08:45:01,1,65.73631749859771
2024-01-01 08:45:32,1,44.7348470058894
2024-01-01 08:45:58,1,36.90041099019294
2024-01-01 08:47:37,1,22.82507480531615
2024-01-01 08:49:08,1,15.205390763642058
2024-01-01 08:50:33,1,58.772118750645205
2024-01-01 08:51:15,1,53.68961593001004
2024-01-01 08:52:15,1,34.64759759374496
2024-01-01 08:53:39,1,49.44800473306802
2024-01-01 08:54:34,1,73.8115706944059
2024-01-01 08:56:21,1,42.701306217591856
2024-01-01 08:56:59,1,53.222596785125944
2024-01-01 08:57:37,1,63.34085718608303
2024-01-01 08:58:33,1,50.05296631082217
2024-01-01 09:00:00,1,50.15690819413632
2024-01-01 09:01:16,1,51.453758170665054
2024-01-01 09:02:46,1,59.308402443337485
2024-01-01 09:04:36,1,57.433076641283655
2024-01-01 09:05:44,1,8.766137827642993
2024-01-01 09:06:51,1,15.166652937449472
2024-01-01 09:07:15,1,19.76881389495934
2024-01-01 09:07:48,1,16.56023889048597
2024-01-01 09:08:12,1,11.921233129163749
2024-01-01 09:09:50,1,18.77123656867034
2024-01-01 09:10:52,1,26.13259735849841
2024-01-01 09:12:12,1,5.593525067173992
2024-01-01 09:13:25,1,17.191871272687646
2024-01-01 09:15:08,1,11.293626644908567
2024-01-01 09:15:34,1,19.827533674133463
2024-01-01 09:16:31,1,10.101384646441016
2024-01-01 09:17:43,1,22.45369041887445
2024-01-01 09:19:04,1,9.411031881191839
2024-01-01 09:20:30,1,27.814113170227294
2024-01-01 09:22:01,1,16.07469869070247
2024-01-01 09:23:45,1,24.07577504435877
2024-01-01 09:25:36,1,21.710422942618994
2024-01-01 09:25:56,1,16.68339048693018
2024-01-01 09:26:51,1,15.983552490134398
2024-01-01 09:28:20,1,14.952522090909707
2024-01-01 09:29:09,1,43.53508792400432
2024-01-01 09:29:20,1,65.23141204687226
2024-01-01 09:29:59,1,55.91585738693763
2024-01-01 09:30:41,1,50.28891827697301
2024-01-01 09:32:33,1,65.75124275217289
2024-01-01 09:33:48,1,64.19302869707755
2024-01-01 09:35:43,1,20.762620426291925
2024-01-01 09:36:36,1,24.99677718293001
2024-01-01 09:36:51,1,22.623168414563843
2024-01-01 09:38:13,1,27.059900620674355
2024-01-01 09:38:30,1,19.789628643458844
2024-01-01 09:40:11,1,23.247763576596675
2024-01-01 09:40:27,1,15.32382394219716
2024-01-01 09:41:56,1,17.010234367158347
2024-01-01 09:42:08,1,68.17278226731186
2024-01-01 09:42:31,1,48.48581996385552
2024-01-01 09:43:25,1,50.16114165945678
2024-01-01 09:43:53,1,60.228354880355
2024-01-01 09:44:57,1,49.26299996061421
2024-01-01 09:45:38,1,84.65010351720721
2024-01-01 09:46:05,1,54.03371093376779
2024-01-01 09:47:37,1,55.380034781682
2024-01-01 09:49:00,1,56.200313267182615
2024-01-01 09:49:44,1,50.87686881265138
2024-01-01 09:51:12,1,40.88039023455749
2024-01-01 09:52:58,1,51.63377272678839
2024-01-01 09:54:32,1,58.517546765937134
2024-01-01 09:55:12,1,66.31252790397738
2024-01-01 09:55:58,1,52.252525048255826
2024-01-01 09:56:11,1,22.36891520480058
2024-01-01 09:57:20,1,62.68123835134717
2024-01-01 09:58:20,1,39.38193138604528
2024-01-01 10:00:07,1,75.01737102530136
2024-01-01 10:01:56,1,38.670477194580165
2024-01-01 10:03:03,1,49.27231575451474
2024-01-01 10:03:24,1,48.27510526869716
2024-01-01 10:03:54,1,32.15180427674428
2024-01-01 10:04:18,1,62.49302417397503
2024-01-01 10:06:07,1,47.82712050043922
2024-01-01 10:07:50,1,49.4969484615458
2024-01-01 10:09:17,1,48.283766320619485
2024-01-01 10:09:28,1,58.23800127605945
2024-01-01 10:11:26,1,52.0851002100651
2024-01-01 10:12:16,1,60.43600154594432
2024-01-01 10:12:39,1,51.29385667913894
2024-01-01 10:14:31,1,66.48765700372104
2024-01-01 10:15:50,1,37.60286221221901
2024-01-01 10:16:16,1,58.74280055577306
2024-01-01 10:17:31,1,54.131552228698084
2024-01-01 10:18:15,1,42.053185242790946
2024-01-01 10:19:04,1,23.804133936892597
2024-01-01 10:20:29,1,17.76539710560408
2024-01-01 10:20:49,1,20.385204136115608
2024-01-01 10:21:12,1,27.755171490100096
2024-01-01 10:23:06,1,15.05010704792778
2024-01-01 10:23:35,1,11.517491162595855
2024-01-01 10:25:31,1,10.43702249580592
2024-01-01 10:27:21,1,21.536058415061913
2024-01-01 10:28:26,1,22.851494436300303
2024-01-01 10:29:54,1,15.417755291390922
2024-01-01 10:31:21,1,18.22121927111887
2024-01-01 10:32:07,1,21.663200386077897
2024-01-01 10:33:25,1,17.59641709945709
2024-01-01 10:34:25,1,50.19053872741909
2024-01-01 10:35:17,1,30.448749742777142
2024-01-01 10:37:04,1,39.55535506393532
2024-01-01 10:37:56,1,60.034290826018776
2024-01-01 10:38:55,1,59.27870677190386
2024-01-01 10:39:27,1,34.12110965399391
2024-01-01 10:40:21,1,47.67315808742381
2024-01-01 10:41:55,1,60.054271466248174
2024-01-01 10:42:05,1,47.792095810635615
2024-01-01 10:43:56,1,59.8389231724189
2024-01-01 10:44:10,1,53.9715583686393
2024-01-01 10:45:41,1,54.732056533643366
2024-01-01 10:46:07,1,56.83771134623042
2024-01-01 10:47:32,1,56.66769619596518
2024-01-01 10:49:12,1,18.98782995086191
2024-01-01 10:49:54,1,20.246142174598727
2024-01-01 10:50:34,1,26.167157661505478
2024-01-01 10:52:13,1,12.26827303490656
2024-01-01 10:53:28,1,23.02571286639009
2024-01-01 10:54:50,1,16.73809978267775
2024-01-01 10:55:30,1,16.779216823546758
2024-01-01 10:57:29,1,22.820435841441785
2024-01-01 10:57:57,1,21.607331368925372
2024-01-01 10:59:29,1,21.176984661074485
2024-01-01 10:59:39,1,17.13464087858065
2024-01-01 11:00:03,1,18.077895237907338
2024-01-01 11:01:23,1,22.374172191345657
2024-01-01 11:02:05,1,7.215096776501635
2024-01-01 11:02:49,1,18.848468961760098
2024-01-01 11:04:48,1,14.499420633974959
2024-01-01 11:06:03,1,22.90882743495797
2024-01-01 11:07:00,1,16.37584308245689
2024-01-01 11:07:37,1,41.10427533236404
2024-01-01 11:08:23,1,38.546012530431085
2024-01-01 11:09:51,1,78.28619008421566
2024-01-01 11:10:48,1,62.25151399381741
2024-01-01 11:12:24,1,60.94754341665286
2024-01-01 11:13:16,1,63.53415558780308
2024-01-01 11:15:14,1,52.2940010833663
2024-01-01 11:16:43,1,67.61820412934108
2024-01-01 11:17:39,1,43.13302882312067
2024-01-01 11:18:56,1,70.30732392537995
2024-01-01 11:19:26,1,41.024817671561266
2024-01-01 11:20:53,1,54.04754921774655
2024-01-01 11:22:10,1,46.294273837382434
2024-01-01 11:22:46,1,45.15727624707496
2024-01-01 11:23:24,1,56.798941511534785
2024-01-01 11:23:49,1,68.920022863446
2024-01-01 11:25:44,1,70.14517562589582
2024-01-01 11:26:42,1,62.73083189177527
2024-01-01 11:28:08,1,45.175126064616904
2024-01-01 11:29:32,1,52.753668500029754
2024-01-01 11:29:48,1,45.30800389686234
2024-01-01 11:30:10,1,60.51037302242538
2024-01-01 11:30:50,1,48.98632356048786
2024-01-01 11:31:41,1,58.19781934142537
2024-01-01 11:32:51,1,68.97414703060372
2024-01-01 11:33:01,1,54.24855833189983
2024-01-01 11:33:54,1,56.25224502647907
2024-01-01 11:34:16,1,50.70594458874747
2024-01-01 11:34:47,1,55.48860070325704
2024-01-01 11:35:05,1,55.405916912038826
2024-01-01 11:35:40,1,59.996371011259576
2024-01-01 11:36:31,1,42.03624080736158
2024-01-01 11:37:52,1,19.583710294022186
2024-01-01 11:39:32,1,25.548312291980203
2024-01-01 11:40:31,1,20.177779241874067
2024-01-01 11:42:09,1,22.461318301850667
2024-01-01 11:42:54,1,12.289367283519132
2024-01-01 11:43:52,1,16.74840644133503
2024-01-01 11:45:39,1,11.440799359179156
2024-01-01 11:46:25,1,18.721250114086953
2024-01-01 11:48:06,1,11.367896565705035
2024-01-01 11:49:32,1,21.763510742863136
2024-01-01 11:50:06,1,20.07270907189894
2024-01-01 11:51:22,1,14.138479873367624
2024-01-01 11:52:10,1,19.949802930149506
2024-01-01 11:54:01,1,24.02034009442442
2024-01-01 11:54:49,1,22.047696360029537
2024-01-01 11:55:34,1,11.450114208588033
2024-01-01 11:55:51,1,23.809618010735402
2024-01-01 11:56:13,1,10.242347266249116
2024-01-01 11:56:24,1,18.980837727893643
2024-01-01 11:56:41,1,14.990563943993832
2024-01-01 11:57:40,1,16.767456537229297
2024-01-01 11:59:15,1,10.309821461172795
2024-01-01 12:00:51,1,8.244407625755715
2024-01-01 12:01:22,1,14.855355544056536
2024-01-01 12:02:07,1,24.556051151962
2024-01-01 12:03:11,1,21.472031594726857
2024-01-01 12:04:22,1,6.32213637916686
2024-01-01 12:04:54,1,15.503513802140013
2024-01-01 12:06:47,1,55.72996755973357
2024-01-01 12:07:26,1,62.800781797165826
2024-01-01 12:07:56,1,52.63419649270859
2024-01-01 12:09:17,1,51.036061649521955
2024-01-01 12:11:09,1,57.980522101071756
2024-01-01 12:12:34,1,65.01927548955194
2024-01-01 12:13:21,1,52.09193919855962
2024-01-01 12:15:19,1,50.921769139314556
2024-01-01 12:16:34,1,39.63548259509771
2024-01-01 12:17:56,1,43.09351427821299
2024-01-01 12:19:10,1,46.51901300660768
2024-01-01 12:19:42,1,38.989807022982475
2024-01-01 12:20:17,1,58.885786045309644
2024-01-01 12:21:01,1,79.9299951743279
2024-01-01 12:21:32,1,57.513056408063804
2024-01-01 12:23:22,1,54.984494941640975
2024-01-01 12:25:17,1,29.84961547464993
2024-01-01 12:26:04,1,55.28202711521928
2024-01-01 12:27:35,1,69.76146110720066
2024-01-01 12:29:30,1,65.835849007423
2024-01-01 12:30:09,1,47.969371019988564
2024-01-01 12:30:25,1,59.33967422465047
2024-01-01 12:31:26,1,15.268699144845515
2024-01-01 12:32:10,1,22.905343268373514
2024-01-01 12:32:21,1,18.43657487004282
2024-01-01 12:32:40,1,20.733458028856564
2024-01-01 12:33:14,1,22.56187306981435
2024-01-01 12:34:28,1,10.011440401132955
2024-01-01 12:35:31,1,19.434587143361615
2024-01-01 12:35:46,1,17.421889425212722
2024-01-01 12:37:33,1,18.283249624485535
2024-01-01 12:38:14,1,20.648463771783653
2024-01-01 12:39:55,1,3.558643974036377
2024-01-01 12:41:04,1,19.466346570667515
2024-01-01 12:41:45,1,25.65375416171849
2024-01-01 12:43:17,1,24.093809258486584
2024-01-01 12:43:31,1,14.556666225185284
2024-01-01 12:43:51,1,17.68671521898778
2024-01-01 12:44:31,1,14.9329866822953
2024-01-01 12:46:00,1,16.487651567559357
2024-01-01 12:47:46,1,10.328506868077707
2024-01-01 12:48:47,1,22.56217624629583
2024-01-01 12:49:34,1,11.165606507922895
2024-01-01 12:49:50,1,16.87617299053658
2024-01-01 12:51:25,1,22.393217548630215
2024-01-01 12:52:29,1,21.810992003961058
2024-01-01 12:54:09,1,19.934826494272713
2024-01-01 12:55:45,1,24.838286657350736
2024-01-01 12:56:33,1,22.676190806998136
2024-01-01 12:58:31,1,15.531147111257503
2024-01-01 13:00:02,1,17.388265486794474
2024-01-01 13:01:11,1,15.82421701072624
2024-01-01 13:01:41,1,17.86347730245034
2024-01-01 13:02:58,1,13.33366020463402
2024-01-01 13:04:29,1,11.140494285343218
2024-01-01 13:05:16,1,9.932193010616295
2024-01-01 13:06:07,1,23.71163227269176
2024-01-01 13:07:16,1,12.395888172398063
2024-01-01 13:09:02,1,28.786541066327516
2024-01-01 13:09:45,1,14.971425384983307
2024-01-01 13:11:20,1,14.797532826154079
2024-01-01 13:12:57,1,18.84197596237623
2024-01-01 13:14:15,1,28.066936237633115
2024-01-01 13:15:41,1,56.36535331082737
2024-01-01 13:16:33,1,65.93068586613211
2024-01-01 13:18:21,1,60.75369627192375
2024-01-01 13:18:54,1,55.100233022422536
2024-01-01 13:20:47,1,49.57401035568924
2024-01-01 13:21:54,1,57.35762132401405
2024-01-01 13:22:55,1,54.81750034799481
2024-01-01 13:23:19,1,44.233390654756704
2024-01-01 13:23:33,1,37.21369166790197
2024-01-01 13:25:16,1,47.02040522258556
2024-01-01 13:26:57,1,53.5526934871428
2024-01-01 13:28:27,1,64.96047685805816
2024-01-01 13:29:01,1,47.43204911430539
2024-01-01 13:30:23,1,42.47410987634504
2024-01-01 13:31:21,1,49.97537513089383
2024-01-01 13:32:06,1,68.28194141849058
2024-01-01 13:32:56,1,60.5623000940066
2024-01-01 13:34:34,1,49.166420277726516
2024-01-01 13:34:53,1,55.38591940227033
2024-01-01 13:35:23,1,54.269310315929275
2024-01-01 13:35:34,1,44.329834135821244
2024-01-01 13:35:56,1,70.28468426412532
2024-01-01 13:36:37,1,60.07835756289624
2024-01-01 13:37:18,1,46.462634653150886
2024-01-01 13:37:42,1,58.592094004578406
2024-01-01 13:38:08,1,44.55190805978967
2024-01-01 13:39:46,1,35.33643410623998
2024-01-01 13:40:17,1,58.15040489181615
2024-01-01 13:41:10,1,53.33616670641676
2024-01-01 13:41:51,1,51.79225167093721
2024-01-01 13:42:21,1,54.97398332390981
2024-01-01 13:44:09,1,11.937713605753862
2024-01-01 13:44:57,1,23.67742508181385
2024-01-01 13:46:51,1,11.793405007861256
2024-01-01 13:47:08,1,21.027698890402018
2024-01-01 13:49:07,1,12.80599085998722
2024-01-01 13:50:42,1,20.514502024570678
2024-01-01 13:52:20,1,19.998439758763208
2024-01-01 13:52:56,1,14.743215531040855
2024-01-01 13:54:24,1,20.472217070418093
2024-01-01 13:55:16,1,21.618068095888898
2024-01-01 13:57:02,1,20.82754822815772
2024-01-01 13:57:40,1,9.196186204220911
2024-01-01 13:59:37,1,14.888109025045985
2024-01-01 14:01:32,1,20.39044998313728
2024-01-01 14:02:53,1,16.954883713569874
2024-01-01 14:04:48,1,13.7473977289535
2024-01-01 14:06:26,1,21.599186454356953
2024-01-01 14:07:02,1,25.23251967973289
2024-01-01 14:07:24,1,23.98447475901208
2024-01-01 14:08:31,1,55.83080514282051
2024-01-01 14:09:58,1,40.501434345190944
2024-01-01 14:11:42,1,43.93691818771658
2024-01-01 14:13:01,1,46.828145333910044
2024-01-01 14:13:30,1,34.05879372336223
2024-01-01 14:13:49,1,57.24684725751886
2024-01-01 14:14:35,1,64.3259083187309
2024-01-01 14:16:26,1,71.81092314930487
2024-01-01 14:16:56,1,47.49094450219886
2024-01-01 14:18:19,1,39.74343685429905
2024-01-01 14:19:25,1,67.62584103427182
2024-01-01 14:20:19,1,56.81116510211061
2024-01-01 14:20:32,1,46.64237864979091
2024-01-01 14:22:14,1,49.357524013426115
2024-01-01 14:23:43,1,56.84551303197037
2024-01-01 14:24:50,1,73.61315597236394
2024-01-01 14:25:23,1,73.8661464608941
2024-01-01 14:26:06,1,71.06119491831294
2024-01-01 14:27:15,1,70.62459506862115
2024-01-01 14:28:24,1,65.90274506344261
2024-01-01 14:29:56,1,10.895077194636105
2024-01-01 14:30:27,1,20.766363444754745
2024-01-01 14:30:55,1,15.53120028819772
2024-01-01 14:32:44,1,13.611787901202124
2024-01-01 14:33:56,1,21.912467473503106
2024-01-01 14:35:37,1,12.879065878353975
2024-01-01 14:35:50,1,27.27046283167094
2024-01-01 14:36:46,1,23.737046650958032
2024-01-01 14:38:10,1,16.478880594140932
2024-01-01 14:39:49,1,15.555752891068629
2024-01-01 14:40:48,1,12.401912833554944
2024-01-01 14:42:44,1,56.40886246911204
2024-01-01 14:44:42,1,37.31560634437149
2024-01-01 14:45:42,1,65.32963947152805
2024-01-01 14:47:24,1,53.05054791571042
2024-01-01 14:48:37,1,60.136001065697165
2024-01-01 14:50:00,1,49.672991603380886
2024-01-01 14:51:13,1,43.885869878655654
2024-01-01 14:51:26,1,54.48355844834915
2024-01-01 14:53:18,1,52.25771642945469
2024-01-01 14:54:51,1,45.00687242349863
2024-01-01 14:55:24,1,51.80992333247176
2024-01-01 14:55:57,1,54.81683140557149
2024-01-01 14:57:54,1,45.45938252253678
2024-01-01 14:58:17,1,45.46395386980302
2024-01-01 14:58:36,1,64.13584626233249
2024-01-01 15:00:31,1,46.96821049319655
2024-01-01 15:02:09,1,49.73921967788041
2024-01-01 15:03:42,1,54.85980461742411
2024-01-01 15:05:13,1,30.757597397270583
2024-01-01 15:05:29,1,63.8404539636105
2024-01-01 15:06:48,1,57.470773778063034
2024-01-01 15:07:12,1,55.873310579154094
2024-01-01 15:08:09,1,39.374541431134574
2024-01-01 15:09:15,1,15.354736613268527
2024-01-01 15:10:01,1,21.971323398109135
2024-01-01 15:11:40,1,11.728552884153753
2024-01-01 15:12:38,1,18.39996690279572
2024-01-01 15:13:48,1,19.73953058162443
2024-01-01 15:14:47,1,13.884409693259602
2024-01-01 15:16:22,1,17.179102941897476
2024-01-01 15:17:52,1,15.540133154304401
2024-01-01 15:18:44,1,11.016855721058862
2024-01-01 15:20:19,1,11.310632543948838
2024-01-01 15:22:06,1,20.75779635106212
2024-01-01 15:23:40,1,12.378537028970847
2024-01-01 15:25:03,1,21.25095190365377
2024-01-01 15:26:03,1,14.446199482254107
2024-01-01 15:26:52,1,18.36885053943443
2024-01-01 15:28:00,1,14.770179104377323
2024-01-01 15:28:29,1,14.004039966748731
2024-01-01 15:29:46,1,10.76935983719919
2024-01-01 15:31:20,1,18.47496875678152
2024-01-01 15:33:01,1,18.430364324968377
2024-01-01 15:33:38,1,21.193915397241046
2024-01-01 15:34:50,1,16.657658648541773
2024-01-01 15:35:43,1,14.515301274597142
2024-01-01 15:37:31,1,23.191943778673057
2024-01-01 15:38:30,1,20.527120466083495
2024-01-01 15:39:48,1,18.56635205268882
2024-01-01 15:40:21,1,10.808610108413166
2024-01-01 15:41:11,1,23.94072867353492
2024-01-01 15:42:07,1,20.68371811506231
2024-01-01 15:44:06,1,20.423664086472375
2024-01-01 15:44:27,1,13.768216725045633
2024-01-01 15:45:56,1,16.67226580990788
2024-01-01 15:46:45,1,20.417127440573015
2024-01-01 15:48:26,1,13.224387103253235
2024-01-01 15:48:39,1,20.117995327967307
2024-01-01 15:50:38,1,18.957604819329823
2024-01-01 15:51:33,1,19.20619068827674
2024-01-01 15:51:43,1,12.688032359265602
2024-01-01 15:53:34,1,20.141535486038244
2024-01-01 15:54:42,1,18.16362245770354
2024-01-01 15:56:28,1,52.33085287985679
2024-01-01 15:57:11,1,49.760034265446436
2024-01-01 15:58:59,1,42.42788725142462
2024-01-01 16:00:09,1,42.41268350736989
2024-01-01 16:02:00,1,44.9084171065037
2024-01-01 16:02:59,1,57.859849407224594
2024-01-01 16:03:19,1,50.71157064369562
2024-01-01 16:04:34,1,53.34600981856488
2024-01-01 16:06:08,1,68.0596991732719
2024-01-01 16:07:45,1,67.96994546561109
2024-01-01 16:09:26,1,54.77131937701118
2024-01-01 16:10:05,1,60.45817174562015
2024-01-01 16:11:44,1,46.60119103489264
2024-01-01 16:12:55,1,49.016321897697814
2024-01-01 16:13:38,1,71.41046629728959
2024-01-01 16:14:28,1,47.15964125006026
2024-01-01 16:15:52,1,61.08638829873995
2024-01-01 16:16:58,1,74.43876893108603
2024-01-01 16:17:24,1,38.77088752548826
2024-01-01 16:18:42,1,59.29331021819902
2024-01-01 16:20:22,1,58.82441417819298
2024-01-01 16:21:06,1,16.41213400588131
2024-01-01 16:21:43,1,14.62269277572111
2024-01-01 16:23:02,1,20.933469007376374
2024-01-01 16:24:38,1,15.625481716887379
2024-01-01 16:25:54,1,8.319423431606893
2024-01-01 16:27:06,1,18.629234848096786
2024-01-01 16:28:12,1,20.569539248294575
2024-01-01 16:29:37,1,18.89790890969799
2024-01-01 16:29:55,1,11.939550540308673
2024-01-01 16:31:41,1,22.171163328700807
2024-01-01 16:33:21,1,17.33683126808713
2024-01-01 16:34:08,1,13.127353476646793
2024-01-01 16:35:29,1,24.537894053799914
2024-01-01 16:37:02,1,51.22721794116311
2024-01-01 16:38:39,1,58.88242647785344
2024-01-01 16:40:38,1,48.03580207077397
2024-01-01 16:41:38,1,60.408692224813464
2024-01-01 16:42:15,1,63.847510547633135
2024-01-01 16:43:48,1,55.388655620485636
2024-01-01 16:45:10,1,56.54315831633586
2024-01-01 16:45:38,1,58.67287313401341
2024-01-01 16:46:27,1,73.38183676795123
2024-01-01 16:47:57,1,36.14799947978883
2024-01-01 16:49:21,1,16.518662782455593
2024-01-01 16:50:23,1,23.250552980544573
2024-01-01 16:51:40,1,13.68024389289597
2024-01-01 16:53:21,1,22.75153795986788
2024-01-01 16:54:11,1,26.553066862909624
2024-01-01 16:55:15,1,15.47584717577525
2024-01-01 16:55:36,1,21.97535808402892
2024-01-01 16:56:49,1,27.303422229352694
2024-01-01 16:57:46,1,22.296550488467226
2024-01-01 16:59:02,1,18.90793422974395
2024-01-01 16:59:20,1,26.545806164891058
2024-01-01 17:00:50,1,15.41043674973105
2024-01-01 17:01:53,1,19.205242385540824
2024-01-01 17:02:49,1,13.066805076802169
2024-01-01 17:03:20,1,15.657085340449921
2024-01-01 17:04:20,1,20.899544837359603
2024-01-01 17:05:24,1,23.99829337929284
2024-01-01 17:06:01,1,13.52000596592749
2024-01-01 17:07:41,1,13.345594029032979
2024-01-01 17:07:51,1,22.534288475628674
2024-01-01 17:09:22,1,16.922508988400654
2024-01-01 17:09:43,1,17.02351152208953
2024-01-01 17:11:38,1,19.52330914349041
2024-01-01 17:13:20,1,15.18693258585672
2024-01-01 17:14:17,1,29.39124351590624
2024-01-01 17:15:22,1,23.795076224485783
2024-01-01 17:16:33,1,18.605589991686028
2024-01-01 17:17:02,1,23.42239791536535
2024-01-01 17:18:00,1,15.11234953246223
2024-01-01 17:19:55,1,17.199336022166797
2024-01-01 17:20:41,1,21.356700382252328
2024-01-01 17:21:07,1,18.517720693196964
2024-01-01 17:21:57,1,33.37780779082207
2024-01-01 17:23:56,1,47.91593233089537
2024-01-01 17:25:53,1,39.862856073871725
2024-01-01 17:26:21,1,63.31349267063254
2024-01-01 17:28:19,1,53.18521670420804
2024-01-01 17:28:40,1,43.01815967397664
2024-01-01 17:30:19,1,65.29221791233894
2024-01-01 17:32:11,1,63.10703655349994
2024-01-01 17:33:09,1,60.35173471049099
2024-01-01 17:34:05,1,51.23004840832964
2024-01-01 17:35:22,1,60.75779782666453
2024-01-01 17:37:05,1,20.939648713671957
2024-01-01 17:38:55,1,23.42796838204086
2024-01-01 17:39:32,1,16.97393512750402
2024-01-01 17:39:56,1,22.289415530657152
2024-01-01 17:40:07,1,12.54800461278577
2024-01-01 17:41:31,1,25.05466189873135
2024-01-01 17:41:54,1,19.033620236224973
2024-01-01 17:42:31,1,21.79469300060974
2024-01-01 17:43:50,1,12.281368963396691
2024-01-01 17:45:20,1,18.542798528882617
2024-01-01 17:45:41,1,31.390549368191962
2024-01-01 17:47:20,1,15.57174411954664
2024-01-01 17:48:31,1,24.328539204323505
2024-01-01 17:49:18,1,13.669125758927496
2024-01-01 17:50:21,1,14.306845939869653
2024-01-01 17:51:43,1,17.159724671558173
2024-01-01 17:52:22,1,20.640341838731175
2024-01-01 17:52:59,1,20.44345976354609
2024-01-01 17:53:49,1,21.967443602761065
2024-01-01 17:54:55,1,37.51468026761819
2024-01-01 17:55:28,1,44.09033569784802
2024-01-01 17:56:14,1,50.891857120454155
2024-01-01 17:56:30,1,45.35595745388308
2024-01-01 17:57:08,1,50.69843364408163
2024-01-01 17:58:31,1,68.10308746119608
2024-01-01 17:59:23,1,68.95683810789956
2024-01-01 18:01:07,1,20.182125647465394
2024-01-01 18:01:54,1,24.631710989936103
2024-01-01 18:02:11,1,27.456939247751695
2024-01-01 18:04:09,1,15.689519906743008
2024-01-01 18:04:48,1,53.97871559965001
2024-01-01 18:05:24,1,59.09258387597242
2024-01-01 18:06:19,1,54.11637040794665
2024-01-01 18:08:14,1,51.29988970117872
2024-01-01 18:09:14,1,36.962185782218214
2024-01-01 18:11:04,1,51.45012715886712
2024-01-01 18:11:50,1,17.532829645415003
2024-01-01 18:13:26,1,19.14491212530539
2024-01-01 18:13:53,1,17.463489279978855
2024-01-01 18:15:51,1,20.238584629051388
2024-01-01 18:16:22,1,18.916501060524965
2024-01-01 18:17:05,1,12.098535302050532
2024-01-01 18:18:07,1,8.994711329236305
2024-01-01 18:18:48,1,15.28663100132989
2024-01-01 18:20:22,1,8.103500948121061
2024-01-01 18:22:03,1,21.73955128058767
2024-01-01 18:23:51,1,15.390490929084226
2024-01-01 18:24:17,1,20.82407074841465
2024-01-01 18:25:48,1,27.803456360805235
2024-01-01 18:26:34,1,23.636791215873792
2024-01-01 18:26:51,1,60.237602174456796
2024-01-01 18:28:04,1,57.71421493800943
2024-01-01 18:29:44,1,57.537396614945735
2024-01-01 18:30:38,1,59.676931717654334
2024-01-01 18:31:34,1,51.38236931163186
2024-01-01 18:33:04,1,57.801213889694495
2024-01-01 18:34:09,1,61.21571889856051
2024-01-01 18:34:30,1,51.30389663956366
2024-01-01 18:35:49,1,53.753822038098704
2024-01-01 18:36:46,1,43.27408391147257
2024-01-01 18:38:43,1,66.26050250772168
2024-01-01 18:39:47,1,54.48606276411514
2024-01-01 18:41:36,1,45.94267699137381
2024-01-01 18:43:13,1,48.4623366135118
2024-01-01 18:43:45,1,57.40471249330207
2024-01-01 18:45:15,1,30.802547525882375
2024-01-01 18:46:15,1,53.93405239085348
2024-01-01 18:47:56,1,22.775770584504116
2024-01-01 18:48:56,1,24.40367229280197
2024-01-01 18:49:40,1,19.90919530420492
2024-01-01 18:51:02,1,12.88386116928351
2024-01-01 18:52:14,1,14.027869732656598
2024-01-01 18:53:22,1,61.55900776529761
2024-01-01 18:54:51,1,56.94736194718775
2024-01-01 18:56:36,1,55.79000083611062
2024-01-01 18:57:49,1,65.79543620811641
2024-01-01 18:58:19,1,66.45389188547352
2024-01-01 18:58:52,1,49.684430627569434
2024-01-01 18:59:36,1,64.53125045376086
2024-01-01 19:00:56,1,60.130854200972934
2024-01-01 19:01:35,1,60.15042673276188
2024-01-01 19:02:21,1,62.15658244757891
2024-01-01 19:02:43,1,63.00409525227683
2024-01-01 19:04:05,1,62.542913298135744
2024-01-01 19:04:15,1,58.51448207541583
2024-01-01 19:06:08,1,65.70150238316427
2024-01-01 19:06:40,1,46.797586705512984
2024-01-01 19:06:53,1,54.75972141919396
2024-01-01 19:07:32,1,76.0944459464246
2024-01-01 19:08:58,1,62.846003184367085
2024-01-01 19:09:52,1,47.84083149241467
2024-01-01 19:10:35,1,58.36160046276041
2024-01-01 19:12:30,1,17.31776268322914
2024-01-01 19:13:45,1,9.91083047220839
2024-01-01 19:14:07,1,20.132479094598445
2024-01-01 19:15:23,1,16.304773483951305
2024-01-01 19:16:50,1,23.751480131506966
2024-01-01 19:17:16,1,19.39921330498804
2024-01-01 19:18:18,1,68.60658595838652
2024-01-01 19:19:53,1,41.91179600880888
2024-01-01 19:20:33,1,55.079642826473304
2024-01-01 19:21:44,1,65.03709523810677
2024-01-01 19:23:07,1,73.00511181510853
2024-01-01 19:24:08,1,67.38946352939438
2024-01-01 19:24:37,1,43.94646682447208
2024-01-01 19:25:14,1,62.8218260795576
2024-01-01 19:27:13,1,59.76357769356219
2024-01-01 19:27:44,1,60.054701591666266
2024-01-01 19:28:23,1,43.44374518331138
2024-01-01 19:29:59,1,55.652681953425535
2024-01-01 19:30:16,1,54.74425687808006
2024-01-01 19:31:43,1,37.30924095110882
2024-01-01 19:32:26,1,58.35238687069948
2024-01-01 19:33:50,1,45.52507865026226
2024-01-01 19:35:44,1,46.775800676177994
2024-01-01 19:37:28,1,66.21030667324472
2024-01-01 19:39:10,1,51.72105283487082
2024-01-01 19:40:09,1,56.551906838589794
2024-01-01 19:40:26,1,46.41550059625314
2024-01-01 19:40:46,1,66.25587771040344
2024-01-01 19:42:00,1,18.924504084644884
2024-01-01 19:42:43,1,12.735174607998466
2024-01-01 19:44:32,1,17.438230542648096
2024-01-01 19:45:51,1,21.206251966641943
2024-01-01 19:47:16,1,21.690401874548254
2024-01-01 19:48:54,1,18.55444739443884
2024-01-01 19:49:13,1,20.75047528513847
2024-01-01 19:51:03,1,16.199839426725696
2024-01-01 19:53:00,1,19.98850885253648
2024-01-01 19:54:22,1,18.788753905148578
2024-01-01 19:55:54,1,5.873928610636995
2024-01-01 19:56:44,1,17.849141666854326
2024-01-01 19:57:11,1,16.568040632516116
2024-01-01 19:59:01,1,19.637098858254937
2024-01-01 19:59:41,1,22.668919564361715
2024-01-01 20:00:44,1,16.373185608242924
2024-01-01 20:02:30,1,21.364431081587256
2024-01-01 20:03:15,1,17.177917797693095
2024-01-01 20:03:52,1,18.69149344892905
2024-01-01 20:04:55,1,16.300427471153917
2024-01-01 20:06:44,1,18.56734518357738
2024-01-01 20:07:42,1,16.446227641096005
2024-01-01 20:08:01,1,19.491887263005896
2024-01-01 20:08:23,1,14.825465401287925
2024-01-01 20:08:56,1,18.882436551813125
2024-01-01 20:09:40,1,18.411649433585435
2024-01-01 20:11:31,1,17.613138043336136
2024-01-01 20:12:23,1,18.075096132971446
2024-01-01 20:13:32,1,16.655027463483293
2024-01-01 20:13:57,1,25.825859662644383
2024-01-01 20:15:50,1,19.158240077419915
2024-01-01 20:16:41,1,23.48921180444136
2024-01-01 20:18:24,1,16.69522583520371
2024-01-01 20:20:09,1,11.561122773508812
2024-01-01 20:20:51,1,21.143579304001527
2024-01-01 20:21:12,1,42.7351791019151
2024-01-01 20:23:01,1,65.27677674801032
2024-01-01 20:24:01,1,56.311020906859184
2024-01-01 20:25:23,1,67.61933876731534
2024-01-01 20:26:59,1,56.797184530984495
2024-01-01 20:28:37,1,45.65648391421489
2024-01-01 20:29:45,1,48.33761275741772
2024-01-01 20:29:58,1,57.9789491647869
2024-01-01 20:30:36,1,60.6628087971737
2024-01-01 20:32:23,1,48.80065812595104
2024-01-01 20:33:59,1,79.07377583931219
2024-01-01 20:34:52,1,55.20886488295962
2024-01-01 20:35:16,1,57.30700905718683
2024-01-01 20:35:57,1,52.942724091720265
2024-01-01 20:37:05,1,14.749916656647734
2024-01-01 20:38:44,1,19.694073004053685
2024-01-01 20:39:03,1,13.029099537991064
2024-01-01 20:40:35,1,20.491108742483924
2024-01-01 20:42:19,1,23.700745192606334
2024-01-01 20:44:15,1,17.24293384944858
2024-01-01 20:45:18,1,20.082307223780703
2024-01-01 20:46:14,1,23.5725814210923
2024-01-01 20:46:28,1,23.569743166078304
2024-01-01 20:48:22,1,9.961694864409706
2024-01-01 20:49:32,1,18.923702894478623
2024-01-01 20:50:27,1,22.207641710198796
2024-01-01 20:51:58,1,14.911816953028765
2024-01-01 20:52:53,1,10.880214237749275
2024-01-01 20:54:49,1,16.666738353827927
2024-01-01 20:56:19,1,20.239308738758968
2024-01-01 20:56:56,1,19.85547025656961
2024-01-01 20:57:46,1,10.009378240581263
2024-01-01 20:59:24,1,20.310863330409713
2024-01-01 21:01:00,1,18.81372207423198
2024-01-01 21:01:13,1,18.20689526292924
2024-01-01 21:01:51,1,20.12943603096518
2024-01-01 21:02:08,1,18.09573888707876
2024-01-01 21:02:25,1,12.712644039020951
2024-01-01 21:03:17,1,14.250942964167706
2024-01-01 21:04:25,1,20.81158310311629
2024-01-01 21:05:18,1,59.17263447858186
2024-01-01 21:06:03,1,61.184883804564755
2024-01-01 21:06:54,1,52.925224773161275
2024-01-01 21:07:46,1,55.603219145329724
2024-01-01 21:08:43,1,41.76728976894895
2024-01-01 21:10:23,1,46.55283538243904
2024-01-01 21:12:05,1,46.819139503894974
2024-01-01 21:13:21,1,89.958777896001
2024-01-01 21:14:41,1,40.365940415733114
2024-01-01 21:15:57,1,69.19603004513637
2024-01-01 21:16:41,1,48.99576434261295
2024-01-01 21:18:29,1,56.00520094508162
2024-01-01 21:19:56,1,20.938658262399713
2024-01-01 21:20:22,1,20.03238738619209
2024-01-01 21:22:02,1,10.101922462970617
2024-01-01 21:23:16,1,18.071365339182172
2024-01-01 21:24:40,1,13.230302903016776
2024-01-01 21:24:54,1,59.41421499490926
2024-01-01 21:25:44,1,46.350493483691736
2024-01-01 21:27:26,1,71.8354649877845
2024-01-01 21:28:31,1,49.72878614584884
2024-01-01 21:29:31,1,36.75559113323537
2024-01-01 21:29:59,1,47.383540938619646
2024-01-01 21:31:57,1,62.79273887394164
2024-01-01 21:33:17,1,52.09424896902638
2024-01-01 21:33:52,1,53.10879609222967
2024-01-01 21:34:05,1,64.2165011192446
2024-01-01 21:34:37,1,51.39108580575393
2024-01-01 21:36:35,1,20.28570108061617
2024-01-01 21:38:17,1,46.399866384214604
2024-01-01 21:40:09,1,44.69985424136892
2024-01-01 21:41:04,1,28.95786143372866
2024-01-01 21:41:37,1,56.98948146796494
2024-01-01 21:42:13,1,50.214327579838866
2024-01-01 21:44:00,1,64.5772765366201
2024-01-01 21:45:42,1,61.802161054504495
2024-01-01 21:46:58,1,23.962537562389876
2024-01-01 21:47:41,1,9.107062079967417
2024-01-01 21:48:13,1,19.598259129594886
2024-01-01 21:49:57,1,21.45118400190136
2024-01-01 21:51:47,1,5.208158083714489
2024-01-01 21:52:36,1,12.563770305685987
2024-01-01 21:52:48,1,12.570874355574073
2024-01-01 21:54:23,1,24.08686784875815
2024-01-01 21:55:41,1,22.102777095031865
2024-01-01 21:56:48,1,23.97054701523686
2024-01-01 21:57:24,1,13.094172344301592
2024-01-01 21:58:30,1,25.2986593751897
2024-01-01 21:58:55,1,9.399487245260909
2024-01-01 21:59:35,1,9.258091719295676
2024-01-01 22:01:20,1,56.330937351367844
2024-01-01 22:01:46,1,39.11535459582442
2024-01-01 22:02:20,1,62.92934853493107
2024-01-01 22:02:50,1,69.56709950061794
2024-01-01 22:04:02,1,58.11814183477261
2024-01-01 22:05:40,1,42.94237871544461
2024-01-01 22:06:04,1,53.18993861340386
2024-01-01 22:07:49,1,50.8222020256822
2024-01-01 22:08:32,1,64.42238151497361
2024-01-01 22:09:22,1,49.41698246053969
2024-01-01 22:09:37,1,43.99845767028305
2024-01-01 22:11:10,1,65.58207046943907
2024-01-01 22:12:06,1,64.37560122204765
2024-01-01 22:14:04,1,54.94403981170954
2024-01-01 22:15:20,1,61.687416555925125
2024-01-01 22:16:59,1,59.54183167189838
2024-01-01 22:18:16,1,49.65266752440409
2024-01-01 22:18:43,1,57.56054864283259
2024-01-01 22:19:25,1,51.7676203547791
2024-01-01 22:19:48,1,55.5392042530578
2024-01-01 22:20:03,1,84.23355617319088
2024-01-01 22:21:49,1,73.19223183299721
2024-01-01 22:22:04,1,55.39936397214691
2024-01-01 22:23:57,1,59.920188479927994
2024-01-01 22:25:45,1,49.739651573324196
2024-01-01 22:26:13,1,45.03608310832933
2024-01-01 22:27:36,1,52.20126913833978
2024-01-01 22:29:14,1,50.211625439915956
2024-01-01 22:29:46,1,46.372242359568794
2024-01-01 22:29:57,1,58.76574015139124
2024-01-01 22:31:47,1,22.049289208185133
2024-01-01 22:33:08,1,23.55789328565984
2024-01-01 22:33:33,1,27.673529992166948
2024-01-01 22:34:33,1,51.07685231266097
2024-01-01 22:34:54,1,50.77487265577957
2024-01-01 22:35:56,1,44.706284918179286
2024-01-01 22:36:22,1,41.47329714156466
2024-01-01 22:36:37,1,67.177484856512
2024-01-01 22:38:04,1,46.31558970747851
2024-01-01 22:39:22,1,49.64198536947702
2024-01-01 22:39:50,1,37.92642042407053
2024-01-01 22:41:25,1,50.67762160835373
2024-01-01 22:42:21,1,53.36679192716102
2024-01-01 22:43:09,1,56.60018225852788
2024-01-01 22:44:12,1,60.01782736167545
2024-01-01 22:44:28,1,43.145376464049
2024-01-01 22:44:56,1,60.209681655748284
2024-01-01 22:45:59,1,59.244730942479094
2024-01-01 22:47:53,1,53.31906534034756
2024-01-01 22:48:59,1,54.72710060360299
2024-01-01 22:50:22,1,52.327438855769735
2024-01-01 22:50:48,1,56.13096137820237
2024-01-01 22:51:25,1,45.6067326213406
2024-01-01 22:52:36,1,41.62290576082201
2024-01-01 22:54:09,1,57.393308003974816
2024-01-01 22:54:59,1,18.481303882016913
2024-01-01 22:56:19,1,10.780552112680432
2024-01-01 22:56:38,1,21.713749808934622
2024-01-01 22:57:11,1,24.823994048711675
2024-01-01 22:57:42,1,12.070444953835768
2024-01-01 22:59:33,1,19.724485041249597
2024-01-01 23:00:23,1,26.367260451492683
2024-01-01 23:01:38,1,24.70230525895174
2024-01-01 23:02:21,1,23.038267463001983
2024-01-01 23:03:43,1,7.969348984488027
2024-01-01 23:04:40,1,9.761009458079824
2024-01-01 23:04:51,1,18.847209154298433
2024-01-01 23:06:05,1,28.776663740953087
2024-01-01 23:07:13,1,13.112189372636564
2024-01-01 23:08:10,1,71.64317098124636
2024-01-01 23:08:44,1,62.247238578942586
2024-01-01 23:10:42,1,52.70609255931972
2024-01-01 23:11:59,1,54.56523050186138
2024-01-01 23:12:15,1,51.72881803411188
2024-01-01 23:12:25,1,38.76444761976867
2024-01-01 23:12:44,1,66.24353359870503
2024-01-01 23:14:39,1,51.659227690200595
2024-01-01 23:15:20,1,46.35608929085819
2024-01-01 23:16:54,1,53.5907208572238
2024-01-01 23:17:28,1,38.94534910280954
2024-01-01 23:19:10,1,50.609940491287716
2024-01-01 23:20:32,1,57.63851701073935
2024-01-01 23:21:22,1,39.75584661879023
2024-01-01 23:22:13,1,45.42291751110262
2024-01-01 23:23:01,1,61.49961566153887
2024-01-01 23:23:33,1,54.25872893569956
2024-01-01 23:25:32,1,52.578507741760696
2024-01-01 23:26:50,1,45.268846397786795
2024-01-01 23:28:01,1,36.22557114763891
2024-01-01 23:29:08,1,70.95609823010949
2024-01-01 23:30:51,1,71.34195266577176
2024-01-01 23:31:48,1,62.68179564462847
2024-01-01 23:32:16,1,51.66828335169073
2024-01-01 23:33:01,1,55.759552679160876
2024-01-01 23:33:56,1,62.426824183597226
2024-01-01 23:34:08,1,69.17020412981627
2024-01-01 23:35:48,1,61.81339503185609
2024-01-01 23:37:47,1,22.887840160807727
2024-01-01 23:39:17,1,14.23577615307138
2024-01-01 23:39:32,1,22.26693221664541
2024-01-01 23:41:18,1,16.055855733457133
2024-01-01 23:41:36,1,64.99329711239754
2024-01-01 23:42:45,1,52.629230091144215
2024-01-01 23:44:36,1,38.846335487232736
2024-01-01 23:46:32,1,34.64469157182127
2024-01-01 23:47:18,1,51.03564170568585
2024-01-01 23:48:30,1,68.96628479507312
2024-01-01 23:49:01,1,59.65584016541032
2024-01-01 23:50:27,1,68.42874212949411
2024-01-01 23:50:40,1,38.35390264966233
2024-01-01 23:52:36,1,71.26142798783111
2024-01-01 23:53:39,1,64.78924006865424
2024-01-01 23:54:26,1,44.9348670729042
2024-01-01 23:54:36,1,69.87727035658267
2024-01-01 23:56:17,1,55.85281317965739
2024-01-01 23:56:47,1,63.5605922349704
2024-01-01 23:57:43,1,64.57789735136868
2024-01-01 23:59:16,1,68.594114199614
2024-01-01 23:59:26,1,52.60876305497041
2024-01-02 00:00:43,1,53.958758457754776
2024-01-02 00:02:38,1,62.797554962888206
2024-01-02 00:03:10,1,63.57473498001236
2024-01-02 00:04:11,1,46.33380391335868
2024-01-02 00:05:48,1,48.31929347902229
2024-01-02 00:06:29,1,65.0553522597456
2024-01-02 00:07:33,1,17.372728699985498
2024-01-02 00:09:28,1,19.639397620796785
2024-01-02 00:10:35,1,23.32438369645119
2024-01-02 00:11:19,1,7.298670606110104
2024-01-02 00:12:09,1,22.60900750988626
2024-01-02 00:13:45,1,20.413439436046062
2024-01-02 00:14:24,1,12.48488272264751
2024-01-02 00:15:10,1,19.795100762779693
2024-01-02 00:15:51,1,15.913165931974579
2024-01-02 00:16:17,1,16.524550428810468
2024-01-02 00:17:51,1,18.560524734122584
2024-01-02 00:18:22,1,26.72319586629341
2024-01-02 00:19:01,1,60.726081079141
2024-01-02 00:19:20,1,58.486904517572455
2024-01-02 00:20:05,1,52.45158161945981
2024-01-02 00:20:25,1,51.62471714150139
2024-01-02 00:21:52,1,49.91610628741932
2024-01-02 00:22:20,1,48.39257963964692
2024-01-02 00:22:44,1,59.48689768338907
2024-01-02 00:24:40,1,70.56049439477057
2024-01-02 00:24:58,1,39.140166877620416
2024-01-02 00:25:26,1,36.20075614860955
2024-01-02 00:26:42,1,65.85926696322798
2024-01-02 00:27:56,1,65.55218851331043
2024-01-02 00:28:34,1,28.64252260983122
2024-01-02 00:28:44,1,55.03375506597161
2024-01-02 00:29:27,1,54.57798605687957
2024-01-02 00:30:37,1,74.31439151127057
2024-01-02 00:31:15,1,58.54617568017944
2024-01-02 00:31:41,1,54.55045413227617
2024-01-02 00:33:01,1,57.91761442533547
2024-01-02 00:34:17,1,15.875073133116752
2024-01-02 00:34:33,1,23.138472967507393
2024-01-02 00:34:45,1,19.60113592749673
2024-01-02 00:36:41,1,19.403182022450682
2024-01-02 00:37:55,1,26.793102420975668
2024-01-02 00:39:30,1,7.570920705383557
2024-01-02 00:41:24,1,17.065652015748004
2024-01-02 00:42:02,1,13.999807178011768
2024-01-02 00:42:41,1,17.682377126923225
2024-01-02 00:43:08,1,16.62148903539567
2024-01-02 00:44:14,1,22.70348071911341
2024-01-02 00:45:42,1,14.966498526173517
2024-01-02 00:46:57,1,19.056418461397364
2024-01-02 00:48:25,1,14.245973474561296
2024-01-02 00:49:52,1,17.531937953582762
2024-01-02 00:51:00,1,10.73602052055827
2024-01-02 00:52:24,1,11.014210008909613
2024-01-02 00:54:20,1,23.55058803333159
2024-01-02 00:55:18,1,15.976979274434282
2024-01-02 00:55:58,1,19.342669932324043
2024-01-02 00:56:32,1,25.565046330019946
2024-01-02 00:57:54,1,21.522532699123616
2024-01-02 00:58:42,1,21.945283436877595
2024-01-02 01:00:12,1,69.0336997012519
2024-01-02 01:01:32,1,61.979032725390276
2024-01-02 01:03:13,1,56.50870213277535
2024-01-02 01:03:51,1,53.82125935418404
2024-01-02 01:04:58,1,56.972922656312065
2024-01-02 01:05:10,1,58.11308673442885
2024-01-02 01:05:40,1,62.841275908647006
2024-01-02 01:07:30,1,58.10591258872703
2024-01-02 01:09:05,1,47.0687465483285
2024-01-02 01:10:15,1,65.60813686255389
2024-01-02 01:10:37,1,46.94942607656596
2024-01-02 01:12:30,1,70.05415600508462
2024-01-02 01:13:38,1,58.89600394794567
2024-01-02 01:13:49,1,42.714014842961916
2024-01-02 01:15:32,1,58.98983328790583
2024-01-02 01:15:52,1,61.55603912873426
2024-01-02 01:17:20,1,75.77379995591244
2024-01-02 01:18:19,1,69.21282982952499
2024-01-02 01:18:40,1,36.81759566002852
2024-01-02 01:19:51,1,34.26253812813463
2024-01-02 01:21:36,1,70.51155044595704
2024-01-02 01:22:52,1,33.33619156584221
2024-01-02 01:23:39,1,13.934939391398139
2024-01-02 01:25:22,1,21.66994613709283
2024-01-02 01:25:59,1,22.491409280140203
2024-01-02 01:26:15,1,11.568329266585259
2024-01-02 01:28:07,1,17.217464845823137
2024-01-02 01:29:26,1,24.541579154457178
2024-01-02 01:31:16,1,15.946826540095994
2024-01-02 01:32:02,1,15.463081591269507
2024-01-02 01:33:21,1,22.900467675350523
2024-01-02 01:34:18,1,19.779446887771595
2024-01-02 01:35:23,1,26.633132532482975
2024-01-02 01:36:43,1,18.518985905480466
2024-01-02 01:38:34,1,21.71938312257319
2024-01-02 01:39:21,1,20.94974242277471
2024-01-02 01:39:50,1,30.2472989947905
2024-01-02 01:40:15,1,12.118483715383656
2024-01-02 01:40:59,1,58.338599665685344
2024-01-02 01:41:56,1,69.31366781831184
2024-01-02 01:42:40,1,57.39588880724169
2024-01-02 01:44:29,1,59.84159118932953
2024-01-02 01:45:10,1,55.35126669927737
2024-01-02 01:46:17,1,43.910033067890765
2024-01-02 01:48:05,1,53.718145304142325
2024-01-02 01:48:24,1,61.59721199656394
2024-01-02 01:49:56,1,56.44887833096891
2024-01-02 01:50:24,1,55.23903043284955
2024-01-02 01:51:16,1,46.61058747919698
2024-01-02 01:51:50,1,59.086652833721686
2024-01-02 01:52:19,1,65.5459351622706
2024-01-02 01:52:39,1,56.98902662150327
2024-01-02 01:54:38,1,68.89955366887824
2024-01-02 01:55:50,1,39.92928076821613
2024-01-02 01:56:58,1,29.82856857903755
2024-01-02 01:57:57,1,41.42209104742123
2024-01-02 01:58:10,1,53.79038189613278
2024-01-02 01:58:57,1,66.24625499115862
2024-01-02 01:59:31,1,61.54492490071203
2024-01-02 02:00:41,1,55.058335466654334
2024-01-02 02:01:08,1,64.38221997655732
2024-01-02 02:02:44,1,51.45062548567718
2024-01-02 02:04:08,1,55.01379651007985
2024-01-02 02:04:58,1,42.23227047868913
2024-01-02 02:06:06,1,23.05731517704178
2024-01-02 02:07:29,1,24.707379577654407
2024-01-02 02:08:43,1,11.969998994637653
2024-01-02 02:10:08,1,58.734932694017225
2024-01-02 02:11:04,1,61.37371977587794
2024-01-02 02:12:03,1,54.33117461542862
2024-01-02 02:12:32,1,53.208502423365715
2024-01-02 02:13:21,1,42.319857926166236
2024-01-02 02:13:50,1,55.43514668643466
2024-01-02 02:14:55,1,60.58139514518506
2024-01-02 02:16:34,1,43.96817242691767
2024-01-02 02:17:20,1,51.87457262899836
2024-01-02 02:18:18,1,58.8632331781156
2024-01-02 02:18:53,1,52.95528779013878
2024-01-02 02:20:17,1,37.60934368895566
2024-01-02 02:20:48,1,66.12905667380932
2024-01-02 02:21:17,1,54.260524343916074
2024-01-02 02:21:56,1,50.483405238403776
2024-01-02 02:23:26,1,64.31571268681064
2024-01-02 02:23:51,1,57.612666841319
2024-01-02 02:24:46,1,43.693846650624735
2024-01-02 02:25:40,1,61.227112239002686
2024-01-02 02:26:48,1,53.33530871764771
2024-01-02 02:27:50,1,57.11878678651823
2024-01-02 02:29:26,1,63.95355430762599
2024-01-02 02:30:10,1,48.68422270834669
2024-01-02 02:31:10,1,57.88653930807484
2024-01-02 02:31:27,1,55.74776267921968
2024-01-02 02:32:55,1,15.417851780562142
2024-01-02 02:33:16,1,17.017667082859514
2024-01-02 02:34:29,1,20.46826782653044
2024-01-02 02:36:16,1,8.772101823379192
2024-01-02 02:38:13,1,14.607572974874603
2024-01-02 02:39:50,1,17.808944862643393
2024-01-02 02:40:51,1,19.668395299726985
2024-01-02 02:41:40,1,18.102726894438575
2024-01-02 02:43:37,1,14.936526770611957
2024-01-02 02:43:54,1,23.25947528632802
2024-01-02 02:44:59,1,14.150019669012714
2024-01-02 02:45:21,1,11.519416678750527
2024-01-02 02:47:11,1,18.99648654996032
2024-01-02 02:47:58,1,19.43364919541896
2024-01-02 02:49:34,1,20.66612780777821
2024-01-02 02:50:29,1,22.248175008799336
2024-01-02 02:51:47,1,14.47222954110875
2024-01-02 02:52:20,1,23.040009736225226
2024-01-02 02:53:29,1,17.597001253516197
2024-01-02 02:55:13,1,13.834719714996208
2024-01-02 02:56:17,1,12.070697264348984
2024-01-02 02:56:39,1,6.390217913290947
2024-01-02 02:57:06,1,20.41033363667693
2024-01-02 02:57:30,1,58.6873314731752
2024-01-02 02:58:18,1,70.16812867129873
2024-01-02 02:59:07,1,58.57838348671024
2024-01-02 02:59:36,1,55.16549398909113
2024-01-02 03:01:02,1,51.479443922880634
2024-01-02 03:02:31,1,62.46923469071059
2024-01-02 03:03:18,1,74.56418253188451
2024-01-02 03:04:50,1,46.98541029270272
2024-01-02 03:05:47,1,58.30810925259757
2024-01-02 03:06:14,1,58.734811877321604
2024-01-02 03:07:22,1,47.9121491975346
2024-01-02 03:09:00,1,64.25398090796725
2024-01-02 03:10:58,1,55.31781568161591
2024-01-02 03:12:28,1,55.42932245214413
2024-01-02 03:13:54,1,68.44676120102133
2024-01-02 03:15:03,1,77.18780233448135
2024-01-02 03:15:16,1,53.40954789599949
2024-01-02 03:16:04,1,55.95301353873937
2024-01-02 03:17:12,1,56.70531860387999
2024-01-02 03:19:03,1,57.325949082278164
2024-01-02 03:19:15,1,52.80249504157271
2024-01-02 03:21:13,1,63.471183189796406
2024-01-02 03:22:58,1,53.03672443974627
2024-01-02 03:23:45,1,55.67493681247275
2024-01-02 03:24:51,1,20.22543235676701
2024-01-02 03:25:06,1,15.33843867035105
2024-01-02 03:26:14,1,23.975695899167178
2024-01-02 03:27:22,1,15.343928526962006
2024-01-02 03:29:00,1,59.838766511880394
2024-01-02 03:30:33,1,46.61414201552769
2024-01-02 03:30:55,1,46.133190777165424
2024-01-02 03:31:49,1,57.961848047310134
2024-01-02 03:32:18,1,58.75216957157163
2024-01-02 03:33:44,1,47.32578999928325
2024-01-02 03:33:54,1,46.23615266554697
2024-01-02 03:34:18,1,48.63710454321919
2024-01-02 03:35:39,1,45.72066040062279
2024-01-02 03:37:19,1,48.43804045111557
2024-01-02 03:38:27,1,47.67107114272774
2024-01-02 03:38:49,1,32.61768766675028
2024-01-02 03:40:27,1,33.792998473649334
2024-01-02 03:41:37,1,54.55256819237402
2024-01-02 03:43:08,1,42.86058293842617
2024-01-02 03:43:34,1,58.5973676435746
2024-01-02 03:45:16,1,56.687062610952026
2024-01-02 03:47:15,1,51.149781882871366
2024-01-02 03:48:49,1,58.829889847409284
2024-01-02 03:50:32,1,49.00633506159681
2024-01-02 03:51:21,1,43.89996428114073
2024-01-02 03:52:53,1,62.682072166317376
2024-01-02 03:54:16,1,19.07698252728144
2024-01-02 03:56:13,1,7.579435302507058
2024-01-02 03:57:16,1,26.62348324880554
2024-01-02 03:58:09,1,48.52367886411459
2024-01-02 03:58:30,1,43.764708790860055
2024-01-02 04:00:16,1,56.31190090343883
2024-01-02 04:00:33,1,55.86428517078435
2024-01-02 04:01:54,1,57.24848816045638
2024-01-02 04:03:50,1,59.85464524646742
2024-01-02 04:05:43,1,27.56204704958399
2024-01-02 04:07:29,1,22.32077106735443
2024-01-02 04:09:11,1,10.827673290751566
2024-01-02 04:11:09,1,12.713335914126349
2024-01-02 04:12:12,1,14.923854046460384
2024-01-02 04:13:49,1,38.58746797640137
2024-01-02 04:15:04,1,60.054042734309974
2024-01-02 04:15:41,1,56.958452470106856
2024-01-02 04:16:07,1,44.04566542705413
2024-01-02 04:16:44,1,60.46073513137111
2024-01-02 04:17:59,1,68.82641935664194
2024-01-02 04:19:16,1,71.60042489483483
2024-01-02 04:20:51,1,45.37312967892046
2024-01-02 04:21:58,1,45.190128016710815
2024-01-02 04:22:20,1,63.760467925297945
2024-01-02 04:24:19,1,69.72670675750982
2024-01-02 04:25:51,1,44.11680512970946
2024-01-02 04:27:44,1,42.20629504147155
2024-01-02 04:28:49,1,38.605158374745656
2024-01-02 04:30:20,1,51.07528893939127
2024-01-02 04:31:17,1,50.31566151719633
2024-01-02 04:31:30,1,43.45305257367134
2024-01-02 04:32:17,1,58.24057028221561
2024-01-02 04:33:54,1,43.523086101843326
2024-01-02 04:34:17,1,63.49010913276553
2024-01-02 04:35:33,1,53.947630319187326
2024-01-02 04:36:06,1,75.75637542165838
2024-01-02 04:36:41,1,51.27727515714401
2024-01-02 04:37:10,1,20.333354909830405
2024-01-02 04:38:26,1,25.6050311357969
2024-01-02 04:39:42,1,21.17723014157179
2024-01-02 04:40:17,1,12.412909132433018
2024-01-02 04:41:53,1,23.67810073591472
2024-01-02 04:42:03,1,12.468532437941828
2024-01-02 04:43:18,1,13.819465020602
2024-01-02 04:44:16,1,8.57606820491863
2024-01-02 04:45:50,1,8.896983497257414
2024-01-02 04:46:14,1,19.35028679195711
2024-01-02 04:48:13,1,11.954828015054073
2024-01-02 04:48:27,1,16.808309138432147
2024-01-02 04:50:23,1,22.260894424040092
2024-01-02 04:50:50,1,24.257282109071323
2024-01-02 04:52:38,1,21.66246051389901
2024-01-02 04:52:57,1,19.443618314125118
2024-01-02 04:54:18,1,17.38645533202138
2024-01-02 04:56:16,1,18.466861871383255
2024-01-02 04:57:02,1,18.74455037923186
2024-01-02 04:58:16,1,14.602795385341436
2024-01-02 04:59:16,1,13.240407699888822
2024-01-02 05:00:55,1,18.387402592594313
2024-01-02 05:02:16,1,17.67012689554595
2024-01-02 05:02:59,1,20.253277776673272
2024-01-02 05:04:00,1,39.794586826301014
2024-01-02 05:04:10,1,52.66084969355547
2024-01-02 05:05:24,1,59.15976621217802
2024-01-02 05:06:15,1,47.02006597818524
2024-01-02 05:06:45,1,52.46669668845054
2024-01-02 05:08:33,1,56.46641284297463
2024-01-02 05:10:31,1,15.55804134591484
2024-01-02 05:10:57,1,20.100589991259863
2024-01-02 05:12:36,1,15.797017657669027
2024-01-02 05:13:30,1,23.203093030048795
2024-01-02 05:15:29,1,19.147016239157175
2024-01-02 05:16:05,1,12.594314436011693
2024-01-02 05:16:45,1,18.95211944962529
2024-01-02 05:18:23,1,20.24609360642517
2024-01-02 05:19:19,1,12.263390161758299
2024-01-02 05:20:32,1,16.437891042524754
2024-01-02 05:20:45,1,16.287253995711175
2024-01-02 05:21:38,1,18.852318854982855
2024-01-02 05:22:06,1,18.38119113840787
2024-01-02 05:22:50,1,17.10100277424234
2024-01-02 05:24:39,1,14.815867751383301
2024-01-02 05:25:59,1,8.711400693211443
2024-01-02 05:27:13,1,19.03980465340193
2024-01-02 05:27:36,1,26.21138028770219
2024-01-02 05:29:04,1,16.11477915432871
2024-01-02 05:30:45,1,16.25192504982225
2024-01-02 05:30:58,1,10.427648454096165
2024-01-02 05:31:31,1,19.607966056696192
2024-01-02 05:32:11,1,19.76773931599338
2024-01-02 05:34:08,1,16.720347191651232
2024-01-02 05:36:03,1,15.490141463176531
2024-01-02 05:37:54,1,16.683725848681853
2024-01-02 05:39:12,1,12.16881053070347
2024-01-02 05:40:06,1,7.420792173833865
2024-01-02 05:41:49,1,16.83935340725773
2024-01-02 05:42:02,1,23.82307495155178
2024-01-02 05:42:17,1,17.71705755550052
2024-01-02 05:44:02,1,24.094853948968314
2024-01-02 05:45:25,1,16.87171648390966
2024-01-02 05:46:41,1,17.57195955264377
2024-01-02 05:47:33,1,17.527706427789987
2024-01-02 05:48:23,1,20.09804986012059
2024-01-02 05:49:04,1,24.73334861877433
2024-01-02 05:49:24,1,15.628272790482637
2024-01-02 05:51:19,1,67.82363474115604
2024-01-02 05:53:13,1,65.87739843233747
2024-01-02 05:54:35,1,59.43501720584525
2024-01-02 05:55:31,1,43.48131615413226
2024-01-02 05:56:49,1,59.50603412862539
2024-01-02 05:57:28,1,36.30183660467836
2024-01-02 05:58:02,1,51.72176473657303
2024-01-02 05:58:36,1,51.61506035707703
2024-01-02 05:59:59,1,46.59529064314069
2024-01-02 06:00:49,1,52.752543794850155
2024-01-02 06:01:23,1,65.48707126416564
2024-01-02 06:03:10,1,71.55407113088296
2024-01-02 06:03:29,1,51.2633792173583
2024-01-02 06:04:42,1,49.927285894061875
2024-01-02 06:04:53,1,53.60602799336766
2024-01-02 06:05:56,1,62.396531517246714
2024-01-02 06:07:20,1,17.20868059298005
2024-01-02 06:09:08,1,54.74178814951642
2024-01-02 06:09:23,1,48.086255025860645
2024-01-02 06:10:20,1,65.45134548384269
2024-01-02 06:11:11,1,37.68798696555075
2024-01-02 06:13:03,1,69.94938227453235
2024-01-02 06:13:14,1,55.577743640135125
2024-01-02 06:14:42,1,47.843299862823606
2024-01-02 06:16:03,1,52.58250361106553
2024-01-02 06:16:58,1,62.80070297391064
2024-01-02 06:18:10,1,54.00905699758731
2024-01-02 06:19:02,1,48.97179344216038
2024-01-02 06:19:28,1,48.0000820642817
2024-01-02 06:20:13,1,44.32555654453448
2024-01-02 06:21:47,1,40.58155574000288
2024-01-02 06:22:19,1,63.57330765560618
2024-01-02 06:22:44,1,67.12972729226188
2024-01-02 06:23:45,1,42.48242313638258
2024-01-02 06:24:31,1,53.78724524164331
2024-01-02 06:25:27,1,72.67829058405178
2024-01-02 06:26:22,1,40.423923210044926
2024-01-02 06:26:52,1,57.71037800762125
2024-01-02 06:28:05,1,60.27537158680015
2024-01-02 06:28:43,1,52.38534362680797
2024-01-02 06:29:12,1,13.820025792018583
2024-01-02 06:29:23,1,24.371940436658594
2024-01-02 06:29:48,1,19.568829616541937
2024-01-02 06:30:16,1,24.053452868779516
2024-01-02 06:30:38,1,11.679279324861689
2024-01-02 06:32:00,1,12.532817089517941
2024-01-02 06:32:28,1,19.40195985556657
2024-01-02 06:32:57,1,19.81020072929526
2024-01-02 06:33:10,1,18.642769616950325
2024-01-02 06:34:34,1,16.131091974044857
2024-01-02 06:35:41,1,63.929538701087694
2024-01-02 06:36:51,1,73.29620201716088
2024-01-02 06:37:31,1,52.197308955364335
2024-01-02 06:38:46,1,36.7401575837237
2024-01-02 06:39:54,1,39.6495975246764
2024-01-02 06:41:03,1,36.19989966092236
2024-01-02 06:42:40,1,66.4460628205009
2024-01-02 06:43:35,1,57.097132991973666
2024-01-02 06:44:23,1,56.85175536829914
2024-01-02 06:44:33,1,59.25444864184172
2024-01-02 06:44:53,1,69.69582537360887
2024-01-02 06:45:28,1,57.954272865648846
2024-01-02 06:46:27,1,53.03993166528309
2024-01-02 06:47:51,1,38.37373677748645
2024-01-02 06:49:32,1,60.525673906570105
2024-01-02 06:50:34,1,43.91940961882972
2024-01-02 06:52:29,1,20.30127931755063
2024-01-02 06:52:42,1,24.54572193458798
2024-01-02 06:53:17,1,21.418362107084587
2024-01-02 06:55:03,1,17.722763189431035
2024-01-02 06:56:57,1,21.807108836984963
2024-01-02 06:58:55,1,11.70009260780842
2024-01-02 07:00:28,1,19.83585080116717
2024-01-02 07:00:49,1,11.827037771078803
2024-01-02 07:02:14,1,53.143825320820795
2024-01-02 07:02:43,1,51.782937821785666
2024-01-02 07:03:31,1,44.291475813155614
2024-01-02 07:04:16,1,74.11419087139723
2024-01-02 07:04:49,1,77.93977283293148
2024-01-02 07:05:55,1,53.72741980097726
2024-01-02 07:07:22,1,67.55972920431155
2024-01-02 07:09:12,1,50.80838058166028
2024-01-02 07:09:49,1,62.167987979895
2024-01-02 07:11:39,1,33.93237908600504
2024-01-02 07:12:06,1,57.63569073535484
2024-01-02 07:13:13,1,51.72947441245904
2024-01-02 07:14:38,1,56.33106902463963
2024-01-02 07:15:32,1,53.67756945876617
2024-01-02 07:16:17,1,22.40561569639763
2024-01-02 07:17:27,1,21.5093789065396
2024-01-02 07:19:05,1,19.86884214046747
2024-01-02 07:19:52,1,23.50978348698712
2024-01-02 07:21:37,1,13.988988578818994
2024-01-02 07:23:29,1,51.24623044406912
2024-01-02 07:23:50,1,66.65032104839457
2024-01-02 07:24:13,1,42.54406088385445
2024-01-02 07:25:23,1,46.21676922820261
2024-01-02 07:26:16,1,51.21992100981783
2024-01-02 07:26:42,1,47.39810551037914
2024-01-02 07:28:18,1,57.87133354122986
2024-01-02 07:30:11,1,44.899540607161754
2024-01-02 07:31:03,1,44.37090317546881
2024-01-02 07:32:49,1,43.478306204799814
2024-01-02 07:34:00,1,18.890153673396863
2024-01-02 07:35:36,1,18.615530422938047
2024-01-02 07:36:10,1,22.62167141495891
2024-01-02 07:37:25,1,11.055459144854463
2024-01-02 07:37:35,1,15.024482806761382
2024-01-02 07:39:11,1,14.021551185023618
2024-01-02 07:39:36,1,17.080765596390602
2024-01-02 07:40:31,1,16.69452950768712
2024-01-02 07:40:41,1,8.01861867564292
2024-01-02 07:41:19,1,26.291036863059013
2024-01-02 07:42:01,1,21.93146281697305
2024-01-02 07:42:45,1,18.947819282173157
2024-01-02 07:43:14,1,13.036174121240897
2024-01-02 07:43:27,1,21.397561270397052
2024-01-02 07:44:33,1,23.483532151700636
2024-01-02 07:45:34,1,14.823862667353994
2024-01-02 07:46:55,1,21.521111447422086
2024-01-02 07:47:46,1,13.09177464912389
2024-01-02 07:49:12,1,12.7073997497872
2024-01-02 07:49:41,1,14.246489864818507
2024-01-02 07:50:01,1,17.77619846193913
2024-01-02 07:50:37,1,9.218194841807527
2024-01-02 07:50:52,1,18.893253642945176
2024-01-02 07:52:43,1,12.481810643753011
2024-01-02 07:53:39,1,18.678160043879767
2024-01-02 07:53:59,1,14.503408960861691
2024-01-02 07:54:59,1,23.81229143296153
2024-01-02 07:55:54,1,15.425203703396548
2024-01-02 07:56:07,1,22.355378644227976
2024-01-02 07:57:05,1,13.107718733003965
2024-01-02 07:58:59,1,10.74446806414996
2024-01-02 07:59:31,1,8.86535726761083
2024-01-02 08:00:05,1,22.717834409503723
2024-01-02 08:01:37,1,13.110098947287376
2024-01-02 08:03:36,1,17.991341508871965
2024-01-02 08:05:18,1,19.540428303795704
2024-01-02 08:07:09,1,17.84807255245007
2024-01-02 08:08:05,1,6.677425103019418
2024-01-02 08:09:18,1,13.324165850783574
2024-01-02 08:11:13,1,16.516133695171522
2024-01-02 08:12:36,1,16.210469676854828
2024-01-02 08:12:52,1,13.807034235180682
2024-01-02 08:14:01,1,15.482216870913136
2024-01-02 08:14:27,1,13.041697786831673
2024-01-02 08:15:47,1,21.447157852575664
2024-01-02 08:17:09,1,16.352804314539384
2024-01-02 08:17:54,1,15.429237417396282
2024-01-02 08:18:46,1,16.978523333490816
2024-01-02 08:19:24,1,22.019596654403603
2024-01-02 08:20:20,1,24.870106710665624
2024-01-02 08:21:08,1,10.285934289650164
2024-01-02 08:22:47,1,10.835304396572429
2024-01-02 08:23:18,1,18.059641187000786
2024-01-02 08:25:15,1,11.040268796484218
2024-01-02 08:26:35,1,12.944791176950947
2024-01-02 08:27:42,1,13.084389327090792
2024-01-02 08:28:35,1,38.811946911423206
2024-01-02 08:29:03,1,81.33537940031604
2024-01-02 08:30:53,1,60.317448831256584
2024-01-02 08:31:32,1,52.77525103221735
2024-01-02 08:33:22,1,75.46862195719558
2024-01-02 08:33:43,1,49.10090702134244
2024-01-02 08:34:54,1,63.44283228097417
2024-01-02 08:35:18,1,52.03103148679496
2024-01-02 08:36:11,1,55.6886201461507
2024-01-02 08:37:14,1,52.79513845832589
2024-01-02 08:38:45,1,52.35385296627871
2024-01-02 08:40:42,1,58.64250212222989
2024-01-02 08:42:39,1,57.26459031113447
2024-01-02 08:43:47,1,52.35357313699275
2024-01-02 08:45:18,1,41.36921655102306
2024-01-02 08:46:35,1,66.4146431797225
2024-01-02 08:47:06,1,49.406700618627546
2024-01-02 08:48:21,1,59.44198327290672
2024-01-02 08:48:55,1,66.01322957735762
2024-01-02 08:50:01,1,53.88981126392845
2024-01-02 08:51:46,1,56.21254683103932
2024-01-02 08:53:27,1,54.85063222679235
2024-01-02 08:54:34,1,51.6515151639522
2024-01-02 08:55:28,1,20.17071110131108
2024-01-02 08:56:46,1,20.135668643438304
2024-01-02 08:58:31,1,7.11709457187942
2024-01-02 08:59:51,1,21.708198732323872
2024-01-02 09:00:03,1,15.611772086979974
2024-01-02 09:00:18,1,11.724323140133025
2024-01-02 09:01:05,1,6.1178357183106815
2024-01-02 09:02:38,1,16.306543300390626
2024-01-02 09:03:38,1,18.632616025090275
2024-01-02 09:05:04,1,14.327209515672642
2024-01-02 09:05:22,1,18.87643389466962
2024-01-02 09:07:12,1,11.316372805620347
2024-01-02 09:07:31,1,15.560033418963874
2024-01-02 09:09:09,1,22.104834421842003
2024-01-02 09:10:47,1,18.261292452487417
2024-01-02 09:11:37,1,12.696974668016995
2024-01-02 09:12:09,1,19.595801450459952
2024-01-02 09:12:36,1,18.65510381039349
2024-01-02 09:13:28,1,23.767951716584626
2024-01-02 09:14:04,1,24.931746986314216
2024-01-02 09:14:22,1,18.551948195538486
2024-01-02 09:15:51,1,20.537104639166444
2024-01-02 09:17:43,1,16.364913411951143
2024-01-02 09:19:14,1,16.93271610324781
2024-01-02 09:20:29,1,16.367730554746583
2024-01-02 09:21:54,1,14.23407937798167
2024-01-02 09:22:58,1,18.22611354499991
2024-01-02 09:23:51,1,18.255989509405428
2024-01-02 09:25:05,1,15.012883174283859
2024-01-02 09:26:09,1,23.389508697266628
2024-01-02 09:27:18,1,20.173850322784457
2024-01-02 09:28:16,1,20.377153412633117
2024-01-02 09:30:04,1,24.397593348800793
2024-01-02 09:31:30,1,6.915905803229677
2024-01-02 09:32:33,1,24.409961265471523
2024-01-02 09:33:27,1,21.165474673526884
2024-01-02 09:35:24,1,9.349831302823542
2024-01-02 09:36:58,1,27.416378837055312
2024-01-02 09:38:12,1,23.370926960894856
2024-01-02 09:40:08,1,13.413253669039383
2024-01-02 09:40:47,1,11.772397052493321
2024-01-02 09:41:17,1,14.350295270489763
2024-01-02 09:41:49,1,15.316384449584856
2024-01-02 09:42:05,1,21.580553490405496
2024-01-02 09:43:38,1,23.921045729808455
2024-01-02 09:44:44,1,13.90067227483124
2024-01-02 09:46:23,1,17.14486626727188
2024-01-02 09:46:52,1,12.686115862669178
2024-01-02 09:48:33,1,8.762958077360425
2024-01-02 09:49:23,1,18.597784622992425
2024-01-02 09:50:10,1,14.605691032571126
2024-01-02 09:50:22,1,16.443242866119874
2024-01-02 09:52:10,1,13.552756253802258
2024-01-02 09:52:54,1,16.357585142947332
2024-01-02 09:54:43,1,12.720370932445784
2024-01-02 09:56:30,1,17.92353669519271
2024-01-02 09:58:17,1,20.21039518400504
2024-01-02 09:59:20,1,24.105655392632467
2024-01-02 09:59:30,1,16.082694771211735
2024-01-02 10:01:23,1,15.983161633267553
2024-01-02 10:02:06,1,26.00973753256198
2024-01-02 10:03:25,1,26.402478152073236
2024-01-02 10:04:22,1,22.579926779728975
2024-01-02 10:04:49,1,21.746829711350205
2024-01-02 10:06:11,1,22.99211411561087
2024-01-02 10:08:09,1,16.454230943217432
2024-01-02 10:08:22,1,21.31058645741014
2024-01-02 10:09:40,1,8.356349886250772
2024-01-02 10:10:09,1,18.306138042350867
2024-01-02 10:10:22,1,18.37377661682816
2024-01-02 10:11:45,1,19.73832623203713
2024-01-02 10:12:57,1,13.392473019880885
2024-01-02 10:13:15,1,8.933833569984774
2024-01-02 10:14:37,1,12.706947047354005
2024-01-02 10:14:48,1,18.888552225150995
2024-01-02 10:16:01,1,21.186692738838644
2024-01-02 10:16:33,1,22.329763419583223
2024-01-02 10:18:17,1,16.58711950606771
2024-01-02 10:19:16,1,17.625220174952997
2024-01-02 10:20:57,1,20.42774647651068
2024-01-02 10:22:16,1,16.125978077524643
2024-01-02 10:23:49,1,15.746893579625524
2024-01-02 10:25:21,1,18.05321121616325
2024-01-02 10:26:32,1,16.87884896697626
2024-01-02 10:28:09,1,14.86008706758681
2024-01-02 10:28:53,1,23.25591890074953
2024-01-02 10:29:51,1,17.049210281306358
2024-01-02 10:30:49,1,18.28371283581027
2024-01-02 10:32:42,1,18.908371364517357
2024-01-02 10:34:14,1,14.205475802398
2024-01-02 10:35:26,1,19.562810867288714
2024-01-02 10:36:11,1,20.035527077230338
2024-01-02 10:36:44,1,15.852674282494208
2024-01-02 10:37:48,1,22.415230638505147
2024-01-02 10:38:21,1,13.991474786755138
2024-01-02 10:38:58,1,12.700249605076417
2024-01-02 10:39:45,1,53.7110081588181
2024-01-02 10:40:50,1,58.406541364121416
2024-01-02 10:42:42,1,62.31380252574992
2024-01-02 10:43:11,1,60.904220612514635
2024-01-02 10:44:56,1,61.31217200495194
2024-01-02 10:46:54,1,60.89525046176678
2024-01-02 10:47:04,1,47.3982694488478
2024-01-02 10:48:21,1,56.77916807009872
2024-01-02 10:49:05,1,54.353113949674814
2024-01-02 10:50:58,1,55.72874098015515
2024-01-02 10:51:14,1,52.96272871958402
2024-01-02 10:53:05,1,73.0651621066201
2024-01-02 10:54:25,1,43.80453871616831
2024-01-02 10:55:49,1,51.06470144030271
2024-01-02 10:56:40,1,41.553509725305744
2024-01-02 10:58:29,1,57.11600380588507
2024-01-02 10:59:15,1,79.85189916678891
2024-01-02 11:01:03,1,57.6477531097798
2024-01-02 11:02:00,1,58.78810529496593
2024-01-02 11:02:56,1,19.88914610611079
2024-01-02 11:04:07,1,27.25940945966936
2024-01-02 11:05:17,1,16.594661810293168
2024-01-02 11:05:43,1,19.57015812176835
2024-01-02 11:07:10,1,12.942889643144518
2024-01-02 11:08:38,1,23.325859828571932
2024-01-02 11:08:55,1,25.263083727430896
2024-01-02 11:10:06,1,22.982623169482903
2024-01-02 11:11:51,1,14.351676880894367
2024-01-02 11:13:34,1,18.94423178565457
2024-01-02 11:15:16,1,9.629071505930483
2024-01-02 11:16:36,1,34.215464847973664
2024-01-02 11:17:23,1,29.539581253080552
2024-01-02 11:19:03,1,19.074132530583007
2024-01-02 11:20:08,1,15.191087525849925
2024-01-02 11:21:41,1,14.889825972228092
2024-01-02 11:22:06,1,20.91368791586932
2024-01-02 11:22:58,1,22.290070976510727
2024-01-02 11:24:32,1,13.859018635173827
2024-01-02 11:26:15,1,17.986248794829088
2024-01-02 11:26:44,1,55.21060198364359
2024-01-02 11:28:38,1,47.03060739542976
2024-01-02 11:29:29,1,81.48143985753487
2024-01-02 11:30:35,1,56.28934191247815
2024-01-02 11:32:10,1,45.54747341922523
2024-01-02 11:33:23,1,63.276019763260464
2024-01-02 11:34:01,1,49.38535643131316
2024-01-02 11:34:48,1,60.947785958245866
2024-01-02 11:36:08,1,58.681616950534575
2024-01-02 11:37:22,1,62.61727129407676
2024-01-02 11:37:35,1,45.063189892342585
2024-01-02 11:37:48,1,54.160181311938274
2024-01-02 11:38:56,1,54.49290780134516
2024-01-02 11:39:37,1,45.244294340770516
2024-01-02 11:40:41,1,62.75314210519647
2024-01-02 11:42:30,1,62.62669550438552
2024-01-02 11:44:07,1,46.85210390029552
2024-01-02 11:45:12,1,47.96507118346813
2024-01-02 11:46:15,1,57.09390466692817
2024-01-02 11:47:41,1,63.69935652448026
2024-01-02 11:48:51,1,66.15166774089013
2024-01-02 11:49:42,1,58.114675632610535
2024-01-02 11:50:45,1,20.151742209523764
2024-01-02 11:51:24,1,19.38679230982338
2024-01-02 11:51:51,1,17.888605104081435
2024-01-02 11:52:40,1,19.6829335071114
2024-01-02 11:53:38,1,19.230079820880167
2024-01-02 11:55:34,1,23.69454377037207
2024-01-02 11:56:30,1,18.55016545023753
2024-01-02 11:57:30,1,11.30419132231759
2024-01-02 11:59:05,1,18.798716835253725
2024-01-02 12:00:09,1,13.506163877363008
2024-01-02 12:01:33,1,7.985254896639187
2024-01-02 12:02:11,1,24.126293685445074
2024-01-02 12:02:50,1,18.667433727213325
2024-01-02 12:03:16,1,22.544799146140654
2024-01-02 12:04:21,1,20.29695208163927
2024-01-02 12:05:26,1,17.53829318504074
2024-01-02 12:05:56,1,11.546055669247037
2024-01-02 12:07:53,1,10.591108472515815
2024-01-02 12:09:34,1,17.55840560593859
2024-01-02 12:10:57,1,18.267613989495228
2024-01-02 12:12:54,1,19.214686772128537
2024-01-02 12:13:49,1,16.307100096305227
2024-01-02 12:15:34,1,25.899700539717234
2024-01-02 12:15:53,1,24.271567664693194
2024-01-02 12:16:24,1,16.99602501565688
2024-01-02 12:17:57,1,16.782368054073665
2024-01-02 12:19:29,1,13.280677047885765
2024-01-02 12:20:23,1,22.50775628287382
2024-01-02 12:21:27,1,23.300738526013298
2024-01-02 12:22:33,1,24.465116391073508
2024-01-02 12:24:02,1,18.072450986598955
2024-01-02 12:25:31,1,23.98593242311214
2024-01-02 12:27:07,1,10.619664541141391
2024-01-02 12:28:53,1,23.90945546479981
2024-01-02 12:29:09,1,20.40454046374448
2024-01-02 12:30:19,1,10.99045966141881
2024-01-02 12:31:39,1,24.600920985992087
2024-01-02 12:32:18,1,13.159771207448774
2024-01-02 12:33:41,1,16.448461473075483
2024-01-02 12:34:32,1,18.6910856555222
2024-01-02 12:35:13,1,21.45860540353845
2024-01-02 12:35:49,1,17.35234296138783
2024-01-02 12:36:56,1,11.073714552463489
2024-01-02 12:37:41,1,11.424161287859047
2024-01-02 12:38:50,1,51.199014364896776
2024-01-02 12:40:14,1,56.42809392442583
2024-01-02 12:41:06,1,49.22249491845823
2024-01-02 12:41:53,1,57.148957538382206
2024-01-02 12:43:52,1,10.964788932287874
2024-01-02 12:45:38,1,12.693532341442591
2024-01-02 12:45:56,1,17.77267511935498
2024-01-02 12:46:22,1,19.597623353914777
2024-01-02 12:47:26,1,26.268086342461423
2024-01-02 12:48:49,1,15.648782038483594
2024-01-02 12:50:39,1,15.854680615492711
2024-01-02 12:51:05,1,14.303142962704818
2024-01-02 12:52:36,1,23.959496672067864
2024-01-02 12:53:32,1,10.336497200550346
2024-01-02 12:54:00,1,17.018596743060314
2024-01-02 12:54:35,1,19.48697426765554
2024-01-02 12:56:06,1,17.491399872234776
2024-01-02 12:56:18,1,18.71524384939476
2024-01-02 12:57:00,1,22.248059942581065
2024-01-02 12:58:05,1,23.75564702979095
2024-01-02 12:59:53,1,16.90484092823761
2024-01-02 13:01:42,1,24.96727263762216
2024-01-02 13:02:07,1,62.10549102297785
2024-01-02 13:03:18,1,51.304691537436405
2024-01-02 13:04:47,1,54.583915422689394
2024-01-02 13:05:12,1,71.14778790709852
2024-01-02 13:06:53,1,51.77971845507942
2024-01-02 13:07:08,1,43.645333041898304
2024-01-02 13:09:02,1,59.87905445074186
2024-01-02 13:10:29,1,40.847328080758125
2024-01-02 13:11:49,1,57.185340424109455
2024-01-02 13:12:31,1,53.834896216530176
2024-01-02 13:13:43,1,71.64801829240452
2024-01-02 13:14:59,1,54.12564671222819
2024-01-02 13:15:38,1,60.483196275544984
2024-01-02 13:16:36,1,55.597678373732826
2024-01-02 13:16:58,1,64.49522917961009
2024-01-02 13:18:25,1,51.535734939931004
2024-01-02 13:19:00,1,38.88432640897172
2024-01-02 13:19:30,1,62.52682315286057
2024-01-02 13:20:27,1,43.12534598261561
2024-01-02 13:20:38,1,59.73934099211351
2024-01-02 13:20:50,1,47.79373942409232
2024-01-02 13:21:54,1,63.875039674140595
2024-01-02 13:23:43,1,62.60846654311478
2024-01-02 13:25:10,1,36.39552000075693
2024-01-02 13:27:09,1,63.642436147342266
2024-01-02 13:27:24,1,41.714203422760136
2024-01-02 13:27:51,1,54.8865481022472
2024-01-02 13:28:12,1,19.808928811308693
2024-01-02 13:29:12,1,23.42214788692198
2024-01-02 13:30:57,1,22.267107257460577
2024-01-02 13:32:53,1,16.153066339681576
2024-01-02 13:33:09,1,16.600033490627602
2024-01-02 13:34:27,1,11.604846318901068
2024-01-02 13:35:13,1,15.839781175129328
2024-01-02 13:35:48,1,47.72691937229693
2024-01-02 13:36:08,1,59.10429753194502
2024-01-02 13:36:52,1,56.95674063230978
2024-01-02 13:37:15,1,63.98139720816636
2024-01-02 13:38:02,1,44.245772231553346
2024-01-02 13:39:59,1,55.70890652822065
2024-01-02 13:40:18,1,46.03968436234412
2024-01-02 13:40:44,1,51.32929594018328
2024-01-02 13:40:54,1,47.95177829002017
2024-01-02 13:41:15,1,65.33074984598515
2024-01-02 13:41:28,1,65.11847083639415
2024-01-02 13:42:59,1,58.55668948563229
2024-01-02 13:44:29,1,56.91577396194089
2024-01-02 13:45:52,1,42.255071175009775
2024-01-02 13:46:52,1,58.7955030461223
2024-01-02 13:47:12,1,68.62562852712452
2024-01-02 13:48:34,1,71.40614563488288
2024-01-02 13:48:45,1,34.42033246603245
2024-01-02 13:49:47,1,58.56216709814462
2024-01-02 13:51:36,1,60.53149156379209
2024-01-02 13:51:53,1,49.517997018332274
2024-01-02 13:52:38,1,53.731192858978055
2024-01-02 13:53:01,1,46.74015821973484
2024-01-02 13:54:04,1,62.53461451658329
2024-01-02 13:56:01,1,61.17240454356382
2024-01-02 13:57:00,1,39.85075724629947
2024-01-02 13:57:35,1,46.98933009600176
2024-01-02 13:58:22,1,56.53548638320741
2024-01-02 13:59:57,1,56.425038225761654
2024-01-02 14:00:50,1,18.691490583999556
2024-01-02 14:01:37,1,15.478895180389202
2024-01-02 14:01:56,1,12.875969233314361
2024-01-02 14:03:02,1,15.397475460147058
2024-01-02 14:04:39,1,21.507484340594935
2024-01-02 14:06:24,1,21.96804343518106
2024-01-02 14:07:15,1,25.876947370280828
2024-01-02 14:07:56,1,18.14395406869241
2024-01-02 14:08:30,1,17.60466329067722
2024-01-02 14:10:04,1,15.104379451821268
2024-01-02 14:11:00,1,17.69449043124317
2024-01-02 14:11:27,1,15.239709991112992
2024-01-02 14:13:04,1,16.559139269225664
2024-01-02 14:14:40,1,20.063913764119633
2024-01-02 14:15:00,1,21.53522947067035
2024-01-02 14:15:22,1,31.743224672419437
2024-01-02 14:16:39,1,12.288301601166488
2024-01-02 14:17:46,1,23.037536974133264
2024-01-02 14:18:49,1,17.13918442860977
2024-01-02 14:19:06,1,13.695494457532487
2024-01-02 14:19:20,1,17.086689800681498
2024-01-02 14:19:32,1,15.818791149415917
2024-01-02 14:20:39,1,17.47828603506554
2024-01-02 14:22:14,1,19.966535250026617
2024-01-02 14:24:04,1,15.926921251115136
2024-01-02 14:24:36,1,22.720030713307455
2024-01-02 14:25:45,1,18.67535939930897
2024-01-02 14:27:09,1,11.861323291977392
2024-01-02 14:28:35,1,22.37938230999392
2024-01-02 14:28:51,1,15.666863062204536
2024-01-02 14:29:32,1,12.779294888210746
2024-01-02 14:30:51,1,19.89801050893127
2024-01-02 14:31:11,1,9.894402614719102
2024-01-02 14:32:51,1,16.37137111631456
2024-01-02 14:34:17,1,21.168305123870294
2024-01-02 14:35:34,1,14.509001626944752
2024-01-02 14:36:14,1,29.43682132528666
2024-01-02 14:37:17,1,56.41440512923354
2024-01-02 14:37:54,1,53.2018336861996
2024-01-02 14:39:53,1,56.617819126012584
2024-01-02 14:41:40,1,44.01379574822188
2024-01-02 14:42:31,1,69.20504287271064
2024-01-02 14:43:18,1,45.88664696907904
2024-01-02 14:44:23,1,42.81284671325125
2024-01-02 14:46:17,1,60.95490897639257
2024-01-02 14:47:04,1,49.10105243537109
2024-01-02 14:47:28,1,53.38444016374112
2024-01-02 14:48:28,1,48.7512358223445
2024-01-02 14:48:47,1,68.5107289241314
2024-01-02 14:49:21,1,63.86191188584796
2024-01-02 14:50:57,1,67.1215868855033
2024-01-02 14:52:13,1,50.068551442458514
2024-01-02 14:52:31,1,52.99647422205836
2024-01-02 14:53:15,1,57.31842092134848
2024-01-02 14:54:27,1,42.141973659354754
2024-01-02 14:55:54,1,63.73771996048796
2024-01-02 14:56:07,1,43.87369438761861
2024-01-02 14:57:06,1,54.67309682998797
2024-01-02 14:58:34,1,59.25535774857266
2024-01-02 14:59:52,1,52.9109146779136
2024-01-02 15:01:39,1,42.28579222874864
2024-01-02 15:03:18,1,54.016070172487616
2024-01-02 15:03:44,1,48.923536546265275
2024-01-02 15:04:28,1,53.6268903421112
2024-01-02 15:05:23,1,26.421742580624905
2024-01-02 15:05:54,1,23.00010857546411
2024-01-02 15:07:02,1,16.784694005595668
2024-01-02 15:08:39,1,18.01143968071752
2024-01-02 15:10:23,1,13.883974513492886
2024-01-02 15:11:15,1,23.443482793088478
2024-01-02 15:12:52,1,20.777878040705176
2024-01-02 15:14:18,1,7.222045301284458
2024-01-02 15:15:35,1,16.88278545068436
2024-01-02 15:16:51,1,8.663277156502469
2024-01-02 15:18:26,1,21.125744317551963
2024-01-02 15:19:33,1,19.896078284167352
2024-01-02 15:20:35,1,15.278182092454525
2024-01-02 15:21:05,1,22.65670461591501
2024-01-02 15:21:51,1,13.24365303430849
2024-01-02 15:23:02,1,14.980549421721072
2024-01-02 15:24:35,1,10.285983908785502
2024-01-02 15:25:28,1,17.196844402372527
2024-01-02 15:26:11,1,17.910178557714218
2024-01-02 15:27:01,1,16.97689356036827
2024-01-02 15:28:19,1,14.142274565242564
2024-01-02 15:29:19,1,11.612320889335226
2024-01-02 15:30:33,1,13.768201400565136
2024-01-02 15:32:07,1,15.075461732911151
2024-01-02 15:32:33,1,17.510845939500282
2024-01-02 15:33:43,1,12.46029164542502
2024-01-02 15:34:35,1,45.307223126678494
2024-01-02 15:36:21,1,56.54696749345324
2024-01-02 15:37:32,1,67.84095793948117
2024-01-02 15:39:29,1,30.73607929464792
2024-01-02 15:39:48,1,63.962839601306065
2024-01-02 15:41:08,1,55.211681444148596
2024-01-02 15:42:15,1,61.78843870526199
2024-01-02 15:43:44,1,17.904022247995847
2024-01-02 15:44:49,1,18.3325913698034
2024-01-02 15:45:23,1,14.839696210564705
2024-01-02 15:45:53,1,13.07230199639535
2024-01-02 15:47:39,1,13.151281401826628
2024-01-02 15:47:51,1,12.768197674358973
2024-01-02 15:48:25,1,7.253432245409334
2024-01-02 15:50:16,1,17.590241074684524
2024-01-02 15:51:52,1,23.454113339277598
2024-01-02 15:53:18,1,20.618886057793393
2024-01-02 15:53:46,1,24.152802144346033
2024-01-02 15:54:02,1,20.94890737767169
2024-01-02 15:55:24,1,56.46916276637929
2024-01-02 15:55:35,1,73.56647436561954
2024-01-02 15:56:01,1,50.18234028906525
2024-01-02 15:57:19,1,74.88333993580596
2024-01-02 15:58:04,1,77.80499306477608
2024-01-02 15:58:53,1,54.9443970635193
2024-01-02 16:00:30,1,66.78512689798423
2024-01-02 16:01:08,1,57.442109025467516
2024-01-02 16:01:31,1,39.78870048305421
2024-01-02 16:02:49,1,57.76581505591049
2024-01-02 16:03:10,1,55.0855608082435
2024-01-02 16:04:41,1,67.86625810103529
2024-01-02 16:06:29,1,48.90015378481456
2024-01-02 16:07:01,1,39.36965693428746
2024-01-02 16:07:19,1,43.2054033549222
2024-01-02 16:07:43,1,54.37630660563346
2024-01-02 16:08:27,1,53.22336743974938
2024-01-02 16:10:02,1,49.00125831399184
2024-01-02 16:10:31,1,65.98329200694047
2024-01-02 16:11:45,1,60.89177834201379
2024-01-02 16:12:04,1,47.65296963339984
2024-01-02 16:13:00,1,52.02891052801459
2024-01-02 16:14:52,1,16.316766978173572
2024-01-02 16:16:27,1,18.359404678594373
2024-01-02 16:16:54,1,20.3571993324742
2024-01-02 16:17:52,1,19.16924012894799
2024-01-02 16:18:35,1,23.177217082084724
2024-01-02 16:19:02,1,20.68580250730478
2024-01-02 16:20:24,1,10.145359714391162
2024-01-02 16:21:24,1,14.248194857290946
2024-01-02 16:21:37,1,11.768679930327847
2024-01-02 16:22:50,1,19.45448528795003
2024-01-02 16:23:21,1,8.022341097741307
2024-01-02 16:24:18,1,10.132751199488908
2024-01-02 16:25:24,1,42.78922535911933
2024-01-02 16:25:38,1,55.85122057297815
2024-01-02 16:26:53,1,70.9495345140532
2024-01-02 16:28:16,1,77.10890992800782
2024-01-02 16:28:42,1,58.52689539822612
2024-01-02 16:29:59,1,51.4584721006148
2024-01-02 16:31:51,1,65.40507977349104
2024-01-02 16:32:34,1,56.450806495092436
2024-01-02 16:33:41,1,48.42212610704423
2024-01-02 16:34:41,1,60.08608373233442
2024-01-02 16:36:08,1,50.696906800453576
2024-01-02 16:37:27,1,53.609496802128014
2024-01-02 16:38:43,1,67.05095653450029
2024-01-02 16:38:55,1,67.06608154863915
2024-01-02 16:40:10,1,10.364160717051762
2024-01-02 16:40:23,1,13.037221931180602
2024-01-02 16:41:55,1,22.670168799861678
2024-01-02 16:43:18,1,41.92630217769036
2024-01-02 16:43:31,1,39.021278655051624
2024-01-02 16:44:04,1,43.628212241974396
2024-01-02 16:46:01,1,46.071704026819205
2024-01-02 16:47:39,1,59.94705653775033
2024-01-02 16:49:06,1,58.83435031403644
2024-01-02 16:49:28,1,68.94625388211176
2024-01-02 16:51:21,1,44.54785637679289
2024-01-02 16:53:09,1,48.005152208391934
2024-01-02 16:54:50,1,62.08560314856645
2024-01-02 16:55:42,1,53.349926386336584
2024-01-02 16:57:38,1,65.82683516983681
2024-01-02 16:58:42,1,57.606278576000264
2024-01-02 16:59:03,1,57.98654448259491
2024-01-02 17:00:40,1,23.701567075013042
2024-01-02 17:02:03,1,30.494336930828933
2024-01-02 17:02:52,1,18.652578065020478
2024-01-02 17:04:12,1,9.457407483846396
2024-01-02 17:04:31,1,14.730508058372118
2024-01-02 17:05:55,1,18.136566899257193
2024-01-02 17:07:53,1,18.08727732626328
2024-01-02 17:08:59,1,11.279485919087932
2024-01-02 17:10:28,1,20.02106432638666
2024-01-02 17:12:08,1,21.579363723454797
2024-01-02 17:12:55,1,15.94936877407622
2024-01-02 17:14:37,1,19.422378147322362
2024-01-02 17:15:35,1,26.592035363242307
2024-01-02 17:17:27,1,5.538284360349676
2024-01-02 17:18:13,1,19.980997001920898
2024-01-02 17:19:04,1,8.958217837912937
2024-01-02 17:19:57,1,6.141703195705539
2024-01-02 17:21:05,1,28.2103482646394
2024-01-02 17:22:46,1,20.12797126731398
2024-01-02 17:24:26,1,23.540214291916172
2024-01-02 17:26:24,1,50.93757551130472
2024-01-02 17:27:11,1,48.83169122877729
2024-01-02 17:28:29,1,56.45836470215384
2024-01-02 17:28:53,1,60.85299436516338
2024-01-02 17:30:38,1,48.76649319709738
2024-01-02 17:30:56,1,58.38384026811142
2024-01-02 17:32:09,1,63.39663864431189
2024-01-02 17:33:09,1,41.42482460158065
2024-01-02 17:33:57,1,58.20876511184577
2024-01-02 17:35:43,1,53.35439030377326
2024-01-02 17:37:34,1,23.40028029569655
2024-01-02 17:38:04,1,22.71394257070038
2024-01-02 17:39:55,1,24.651908428290305
2024-01-02 17:41:43,1,24.605308691767334
2024-01-02 17:42:20,1,17.37412785808418
2024-01-02 17:43:36,1,22.23441051942457
2024-01-02 17:43:47,1,16.135297397849317
2024-01-02 17:45:05,1,27.241753146337132
2024-01-02 17:45:48,1,19.002298157068644
2024-01-02 17:47:13,1,21.04452678127316
2024-01-02 17:48:47,1,17.65930443106322
2024-01-02 17:50:10,1,19.150505867349317
2024-01-02 17:51:49,1,24.27701804729948
2024-01-02 17:53:46,1,22.72934821842073
2024-01-02 17:54:00,1,16.39007816770374
2024-01-02 17:54:46,1,18.544018548527042
2024-01-02 17:55:42,1,9.094207927671834
2024-01-02 17:56:12,1,6.847659904377705
2024-01-02 17:56:48,1,15.668480112775438
2024-01-02 17:57:43,1,10.435216166998663
2024-01-02 17:59:04,1,11.215322151502123
2024-01-02 17:59:34,1,19.115765273738486
2024-01-02 18:00:46,1,35.63247297497535
2024-01-02 18:01:04,1,47.38644730191059
2024-01-02 18:01:28,1,66.0835508351264
2024-01-02 18:02:57,1,63.047705218937665
2024-01-02 18:03:42,1,50.08262151209273
2024-01-02 18:05:17,1,50.14465961360502
2024-01-02 18:06:37,1,66.49672018878746
2024-01-02 18:08:06,1,57.96576938530305
2024-01-02 18:09:57,1,55.957358338665635
2024-01-02 18:10:20,1,49.06675110370066
2024-01-02 18:12:06,1,37.19542847993487
2024-01-02 18:13:46,1,58.41038510507548
2024-01-02 18:15:23,1,54.3764535803122
2024-01-02 18:16:21,1,59.90915348926659
2024-01-02 18:17:13,1,60.04101074480846
2024-01-02 18:18:55,1,62.9114671151253
2024-01-02 18:19:09,1,58.20301933048545
2024-01-02 18:21:03,1,61.647502719530685
2024-01-02 18:21:39,1,44.03598635494889
2024-01-02 18:23:01,1,65.94575820454325
2024-01-02 18:23:37,1,56.07444374340893
2024-01-02 18:24:38,1,58.8737148063299
2024-01-02 18:25:12,1,73.67224204312315
2024-01-02 18:26:27,1,67.43234330479464
2024-01-02 18:27:34,1,63.45802872562928
2024-01-02 18:28:59,1,20.57031276212388
2024-01-02 18:29:30,1,15.694151339826906
2024-01-02 18:30:44,1,62.5656467491314
2024-01-02 18:32:42,1,43.05477060233965
2024-01-02 18:33:37,1,57.85803286794733
2024-01-02 18:34:41,1,49.661450706079656
2024-01-02 18:36:38,1,14.730600431739498
2024-01-02 18:37:32,1,15.695838301016185
2024-01-02 18:38:16,1,16.132851524919097
2024-01-02 18:40:05,1,19.97710492694019
2024-01-02 18:41:08,1,13.21215522492394
2024-01-02 18:41:32,1,25.334366450773434
2024-01-02 18:42:49,1,20.69640225440338
2024-01-02 18:44:37,1,17.20663247260374
2024-01-02 18:46:02,1,24.261835483303877
2024-01-02 18:46:37,1,11.374063479215003
2024-01-02 18:47:06,1,20.720189283868894
2024-01-02 18:47:51,1,4.648770012865949
2024-01-02 18:48:35,1,27.012559295373777
2024-01-02 18:49:38,1,20.668516004843188
2024-01-02 18:51:10,1,31.461892938234854
2024-01-02 18:52:10,1,12.282202701172498
2024-01-02 18:53:12,1,20.708228439252963
2024-01-02 18:54:29,1,15.561473135256277
2024-01-02 18:55:19,1,23.371665023851218
2024-01-02 18:56:34,1,23.169453945341953
2024-01-02 18:57:22,1,25.335358175216577
2024-01-02 18:59:01,1,18.840076702662643
2024-01-02 19:00:23,1,22.72605767305742
2024-01-02 19:01:21,1,23.4524236245382
2024-01-02 19:02:29,1,23.999377418903414
2024-01-02 19:03:36,1,21.712294567963102
2024-01-02 19:04:26,1,14.81206228962018
2024-01-02 19:06:16,1,14.941501694335107
2024-01-02 19:06:39,1,3.319189849504218
2024-01-02 19:08:27,1,17.424316982543512
2024-01-02 19:09:19,1,13.441617695990583
2024-01-02 19:10:13,1,15.605069764621923
2024-01-02 19:10:40,1,29.46605502849662
2024-01-02 19:11:46,1,45.410237564655525
2024-01-02 19:12:37,1,63.72918347333287
2024-01-02 19:13:15,1,43.32751440505517
2024-01-02 19:14:21,1,65.51463319008118
2024-01-02 19:15:19,1,49.62354242220184
2024-01-02 19:15:42,1,61.55403829850237
2024-01-02 19:15:54,1,71.28938225643576
2024-01-02 19:17:07,1,38.92105193570931
2024-01-02 19:18:58,1,62.918593103880674
2024-01-02 19:20:36,1,49.293595697998875
2024-01-02 19:21:42,1,48.13663153065175
2024-01-02 19:23:09,1,46.565984515429626
2024-01-02 19:24:55,1,69.5211769918256
2024-01-02 19:26:13,1,55.141492649657586
2024-01-02 19:26:53,1,49.92852257227839
2024-01-02 19:27:35,1,53.198264434649204
2024-01-02 19:28:51,1,52.15241371509981
2024-01-02 19:29:03,1,50.012348128063685
2024-01-02 19:30:42,1,47.50642310577223
2024-01-02 19:31:17,1,52.78463402416262
2024-01-02 19:31:28,1,55.28078774047991
2024-01-02 19:32:02,1,56.042279391284076
2024-01-02 19:33:02,1,49.336054087852766
2024-01-02 19:34:12,1,22.158083930902016
2024-01-02 19:35:02,1,22.377618035893065
2024-01-02 19:36:47,1,21.4756994795218
2024-01-02 19:38:46,1,18.79415969864446
2024-01-02 19:39:51,1,14.878732897146525
2024-01-02 19:41:29,1,12.566690044855402
2024-01-02 19:42:33,1,18.000495109259102
2024-01-02 19:42:45,1,16.612278718422242
2024-01-02 19:43:37,1,24.456369195079397
2024-01-02 19:44:35,1,26.649426993417222
2024-01-02 19:46:27,1,10.614925685927858
2024-01-02 19:46:54,1,16.27417647275102
2024-01-02 19:48:50,1,20.44627267538164
2024-01-02 19:49:29,1,25.209725029009448
2024-01-02 19:50:50,1,15.438128796616532
2024-01-02 19:51:26,1,52.60407675346291
2024-01-02 19:52:14,1,55.087634848853675
2024-01-02 19:53:23,1,50.46363612408317
2024-01-02 19:54:55,1,72.26226545635632
2024-01-02 19:56:41,1,61.71698183821259
2024-01-02 19:57:16,1,49.273183598407016
2024-01-02 19:59:01,1,48.32810915222495
2024-01-02 20:00:42,1,47.67031100876241
2024-01-02 20:02:00,1,73.37238392774539
2024-01-02 20:03:28,1,69.71906399113541
2024-01-02 20:03:50,1,55.414019502141066
2024-01-02 20:05:36,1,50.27300467629131
2024-01-02 20:07:32,1,52.122770260539525
2024-01-02 20:08:07,1,56.30266618869024
2024-01-02 20:08:32,1,55.69539108893108
2024-01-02 20:09:29,1,74.01635770831969
2024-01-02 20:10:43,1,51.01078970783353
2024-01-02 20:10:58,1,47.95062085768396
2024-01-02 20:11:53,1,70.8054184060837
2024-01-02 20:13:34,1,61.784591530118384
2024-01-02 20:14:57,1,21.445015720207035
2024-01-02 20:15:12,1,15.407241963944527
2024-01-02 20:15:33,1,12.62517686137091
2024-01-02 20:16:53,1,18.622734010119274
2024-01-02 20:18:31,1,25.40980384218268
2024-01-02 20:18:49,1,16.583909805273837
2024-01-02 20:19:00,1,16.52603774613735
2024-01-02 20:20:55,1,13.316532600947344
2024-01-02 20:22:14,1,25.071475530022106
2024-01-02 20:23:45,1,22.31455371479107
2024-01-02 20:25:10,1,22.113913904170012
2024-01-02 20:26:28,1,13.186744940405118
2024-01-02 20:28:09,1,12.129629341955127
2024-01-02 20:29:06,1,14.056640344243187
2024-01-02 20:29:37,1,12.81466963215002
2024-01-02 20:30:21,1,21.32684467516415
2024-01-02 20:30:45,1,11.642944089129623
2024-01-02 20:32:21,1,11.763536774849232
2024-01-02 20:33:01,1,17.045638902234103
2024-01-02 20:34:28,1,17.0090216181014
2024-01-02 20:35:25,1,62.887849831273016
2024-01-02 20:36:12,1,57.63080801712222
2024-01-02 20:37:48,1,54.22419208397486
2024-01-02 20:38:41,1,55.74029352341238
2024-01-02 20:40:30,1,57.37898188802142
2024-01-02 20:41:19,1,49.21184185881489
2024-01-02 20:41:31,1,59.90079628251496
2024-01-02 20:42:26,1,20.73827885959596
2024-01-02 20:44:01,1,19.369286401995627
2024-01-02 20:45:16,1,11.561839017772332
2024-01-02 20:45:58,1,19.147755701307705
2024-01-02 20:47:07,1,54.522975305153835
2024-01-02 20:47:18,1,56.222397518484954
2024-01-02 20:48:25,1,49.4577045685234
2024-01-02 20:48:39,1,63.56095854230007
2024-01-02 20:49:08,1,60.75060767550441
2024-01-02 20:49:42,1,70.92669998282884
2024-01-02 20:51:01,1,55.19344070811754
2024-01-02 20:51:51,1,59.06727469461114
2024-01-02 20:52:51,1,45.38115137794051
2024-01-02 20:53:05,1,57.909473643394854
2024-01-02 20:53:39,1,64.57839631108267
2024-01-02 20:54:45,1,55.22102749849856
2024-01-02 20:54:59,1,60.564217054585406
2024-01-02 20:56:46,1,41.34978204573365
2024-01-02 20:57:42,1,62.01494781924715
2024-01-02 20:58:45,1,24.00329477216729
2024-01-02 20:59:27,1,56.28652947954217
2024-01-02 21:00:48,1,75.58601746400309
2024-01-02 21:01:13,1,57.53967960900943
2024-01-02 21:02:38,1,53.723219276944064
2024-01-02 21:03:31,1,55.80250989711774
2024-01-02 21:03:49,1,59.369610753903935
2024-01-02 21:05:34,1,56.101653486945416
2024-01-02 21:05:58,1,61.61102535734969
2024-01-02 21:07:33,1,42.35232716814481
2024-01-02 21:09:02,1,61.719446078144976
2024-01-02 21:10:00,1,58.84202072005897
2024-01-02 21:10:27,1,57.61176806974509
2024-01-02 21:11:36,1,65.23200973347987
2024-01-02 21:12:40,1,43.16943815265611
2024-01-02 21:14:11,1,16.736183724519073
2024-01-02 21:14:49,1,18.075914712702165
2024-01-02 21:15:23,1,13.125967120385791
2024-01-02 21:15:55,1,18.251859483364985
2024-01-02 21:16:24,1,21.17765099916449
2024-01-02 21:17:26,1,12.523647405785976
2024-01-02 21:19:25,1,2.1164809340199966
2024-01-02 21:21:18,1,17.493375418850523
2024-01-02 21:21:44,1,7.53733397125422
2024-01-02 21:23:03,1,7.548485505734217
2024-01-02 21:24:20,1,17.148708766020473
2024-01-02 21:25:57,1,13.5774846346999
2024-01-02 21:27:40,1,15.397029111597735
2024-01-02 21:29:09,1,16.137728439753683
2024-01-02 21:29:30,1,21.351743514509998
2024-01-02 21:30:00,1,11.02275747622464
2024-01-02 21:30:50,1,14.460445296629622
2024-01-02 21:31:26,1,21.311250928478692
2024-01-02 21:32:36,1,13.348471510727775
2024-01-02 21:34:09,1,21.78244177158049
2024-01-02 21:35:28,1,8.429699647062664
2024-01-02 21:36:24,1,16.224391722547505
2024-01-02 21:37:27,1,20.07412241017937
2024-01-02 21:38:07,1,17.85598652662789
2024-01-02 21:39:14,1,11.357487354924382
2024-01-02 21:41:12,1,13.602497638660243
2024-01-02 21:42:43,1,23.784568453482
2024-01-02 21:43:29,1,22.343862502953854
2024-01-02 21:45:01,1,12.068317864450728
2024-01-02 21:46:42,1,60.87855888137735
2024-01-02 21:48:31,1,61.197387847028686
2024-01-02 21:50:14,1,46.89511417626683
2024-01-02 21:50:54,1,50.35340547795458
2024-01-02 21:51:46,1,68.50852330699006
2024-01-02 21:53:42,1,48.46320859362581
2024-01-02 21:54:17,1,64.7800052417156
2024-01-02 21:54:30,1,39.8686122485819
2024-01-02 21:56:05,1,56.868597022320685
2024-01-02 21:57:44,1,60.89118178772656
2024-01-02 21:59:08,1,58.8280119830135
2024-01-02 21:59:25,1,54.77181239269652
2024-01-02 22:00:03,1,58.21376319081456
2024-01-02 22:01:02,1,50.21461699577046
2024-01-02 22:01:25,1,78.3801140420633
2024-01-02 22:03:13,1,16.8201504247695
2024-01-02 22:03:33,1,14.817473186752352
2024-01-02 22:05:00,1,18.28463210435388
2024-01-02 22:06:24,1,54.17353531973359
2024-01-02 22:08:21,1,75.99758398326557
2024-01-02 22:10:06,1,48.12985900300502
2024-01-02 22:10:19,1,41.494440356570166
2024-01-02 22:12:00,1,29.264757563018602
2024-01-02 22:12:44,1,51.92899794312173
2024-01-02 22:14:34,1,41.63715911415029
2024-01-02 22:15:55,1,65.12438436829495
2024-01-02 22:17:25,1,55.446077244342895
2024-01-02 22:19:00,1,67.5707976848107
2024-01-02 22:20:27,1,42.55457499915277
2024-01-02 22:22:25,1,57.32868087426898
2024-01-02 22:23:40,1,63.68663042355715
2024-01-02 22:25:10,1,38.166553054271674
2024-01-02 22:26:55,1,48.18619764930426
2024-01-02 22:27:10,1,64.67826024025204
2024-01-02 22:27:46,1,59.45104254832707
2024-01-02 22:28:19,1,47.01079344081235
2024-01-02 22:30:10,1,46.47613233925897
2024-01-02 22:31:24,1,59.753656106920104
2024-01-02 22:31:51,1,15.876388919306395
2024-01-02 22:32:28,1,20.499833461299247
2024-01-02 22:33:48,1,19.13747937866027
2024-01-02 22:34:32,1,21.17983875355869
2024-01-02 22:35:23,1,12.93485244188581
2024-01-02 22:35:56,1,9.563881250321494
2024-01-02 22:37:54,1,16.504975189587704
2024-01-02 22:39:15,1,15.454161150375189
2024-01-02 22:40:11,1,61.44518491645292
2024-01-02 22:41:52,1,64.28245691344324
2024-01-02 22:42:40,1,46.88078340892007
2024-01-02 22:44:07,1,52.25487700451075
2024-01-02 22:45:09,1,49.817473611387975
2024-01-02 22:45:25,1,68.25276090437038
2024-01-02 22:47:16,1,56.12657688750646
2024-01-02 22:49:00,1,63.565884418863504
2024-01-02 22:50:55,1,12.93315996204338
2024-01-02 22:52:31,1,8.822267946058423
2024-01-02 22:53:41,1,21.623115733821972
2024-01-02 22:53:59,1,13.591004477666145
2024-01-02 22:55:30,1,18.604309395131992
2024-01-02 22:56:18,1,13.656041264202472
2024-01-02 22:57:47,1,16.686943215075217
2024-01-02 22:58:15,1,13.467936189051791
2024-01-02 22:59:49,1,27.68777150981169
2024-01-02 23:01:39,1,4.7076178407289415
2024-01-02 23:03:03,1,21.607904475588267
2024-01-02 23:04:46,1,16.56363753942269
2024-01-02 23:04:57,1,20.88790090165961
2024-01-02 23:06:43,1,24.514927493584604
2024-01-02 23:08:40,1,18.206185092582892
2024-01-02 23:08:50,1,25.051162577754393
2024-01-02 23:09:32,1,13.737288784704873
2024-01-02 23:09:50,1,18.364407664854372
2024-01-02 23:10:34,1,12.615122268347456
2024-01-02 23:11:45,1,23.17942330776792
2024-01-02 23:12:18,1,18.23810509981248
2024-01-02 23:13:13,1,17.131890273576783
2024-01-02 23:14:16,1,23.435511810078715
2024-01-02 23:14:58,1,19.576224632854274
2024-01-02 23:15:59,1,12.447218755164954
2024-01-02 23:17:41,1,11.541826419328043
2024-01-02 23:18:48,1,18.420532439442454
2024-01-02 23:19:10,1,16.323963733702907
2024-01-02 23:20:16,1,27.609664818090124
2024-01-02 23:22:10,1,14.714685404291437
2024-01-02 23:22:31,1,10.711877566897115
2024-01-02 23:23:33,1,14.441702113044272
2024-01-02 23:25:25,1,25.327881921823554
2024-01-02 23:26:04,1,15.610858113129655
2024-01-02 23:26:48,1,23.242413255252963
2024-01-02 23:28:05,1,20.43887410542169
2024-01-02 23:28:21,1,18.285589202755876
2024-01-02 23:30:03,1,19.424126393118183
2024-01-02 23:31:55,1,18.383045352258296
2024-01-02 23:33:50,1,15.441182210288483
2024-01-02 23:35:29,1,21.333530304293046
2024-01-02 23:36:33,1,17.686920906935388
2024-01-02 23:38:11,1,17.070377595256147
2024-01-02 23:39:53,1,10.003026189028443
2024-01-02 23:41:02,1,18.069909079846624
2024-01-02 23:41:31,1,11.689754883918326
2024-01-02 23:43:21,1,21.65500313392741
2024-01-02 23:45:17,1,20.692174786082262
2024-01-02 23:45:39,1,28.92547447518056
2024-01-02 23:46:55,1,14.566423284983523
2024-01-02 23:47:43,1,13.790031101191996
2024-01-02 23:49:13,1,18.663939075385322
2024-01-02 23:49:55,1,7.627568244918443
2024-01-02 23:50:27,1,17.88982567997865
2024-01-02 23:51:40,1,19.70830115976313
2024-01-02 23:52:06,1,16.643425109658512
2024-01-02 23:52:23,1,21.546762572276585
2024-01-02 23:54:02,1,18.097291277594415
2024-01-02 23:55:11,1,11.648102643957978
2024-01-02 23:56:02,1,15.805330138279984
2024-01-02 23:57:47,1,18.156979327663883
2024-01-02 23:59:44,1,26.037891531997552
2024-01-03 00:00:28,1,13.553781555529493
2024-01-01 00:01:18,2,18.9713070483963
2024-01-01 00:01:35,2,11.302584223446651
2024-01-01 00:02:15,2,17.85091591665586
2024-01-01 00:03:20,2,18.952126775326427
2024-01-01 00:03:49,2,14.571157960773412
2024-01-01 00:04:07,2,19.91448228105544
2024-01-01 00:04:38,2,61.88983952725054
2024-01-01 00:05:38,2,50.99520507193162
2024-01-01 00:06:21,2,51.60496358530113
2024-01-01 00:07:45,2,43.93109595450359
2024-01-01 00:08:48,2,74.62796243370614
2024-01-01 00:09:41,2,36.79239722197984
2024-01-01 00:10:36,2,47.94226516904635
2024-01-01 00:11:41,2,59.52064010151615
2024-01-01 00:11:53,2,42.9078546951682
2024-01-01 00:12:40,2,62.04654086999342
2024-01-01 00:13:48,2,58.51424774941985
2024-01-01 00:14:07,2,73.9603749515394
2024-01-01 00:15:01,2,53.75840792533181
2024-01-01 00:16:58,2,41.88125976819762
2024-01-01 00:17:56,2,47.116138861309935
2024-01-01 00:19:45,2,46.090774079551466
2024-01-01 00:20:05,2,62.192509830553334
2024-01-01 00:21:56,2,57.2400313333153
2024-01-01 00:22:52,2,69.11005207323618
2024-01-01 00:23:35,2,61.566942596644296
2024-01-01 00:25:28,2,68.6586533518599
2024-01-01 00:26:31,2,63.43863832178362
2024-01-01 00:27:47,2,64.25635686788347
2024-01-01 00:29:18,2,12.190944618192814
2024-01-01 00:30:14,2,9.352488001836761
2024-01-01 00:31:35,2,24.283884391804477
2024-01-01 00:32:33,2,17.85820535371313
2024-01-01 00:34:31,2,11.097006470501745
2024-01-01 00:35:16,2,15.819222792462575
2024-01-01 00:35:49,2,18.399153959414882
2024-01-01 00:37:31,2,12.176014924598825
2024-01-01 00:39:17,2,11.615721117794594
2024-01-01 00:40:58,2,22.742542716317654
2024-01-01 00:41:30,2,24.741931859940784
2024-01-01 00:43:22,2,21.56015860494194
2024-01-01 00:44:46,2,15.48447887789294
2024-01-01 00:45:11,2,29.316164195427678
2024-01-01 00:45:57,2,23.16940527462104
2024-01-01 00:47:12,2,15.962699463541991
2024-01-01 00:48:36,2,21.99029936676171
2024-01-01 00:49:14,2,12.116640854649685
2024-01-01 00:50:29,2,20.590508510149878
2024-01-01 00:51:15,2,15.353994950942436
2024-01-01 00:51:54,2,18.59829652259467
2024-01-01 00:52:09,2,13.812659919367336
2024-01-01 00:53:50,2,17.110940077683054
2024-01-01 00:55:04,2,35.05165539399025
2024-01-01 00:56:58,2,46.185750938326464
2024-01-01 00:58:02,2,69.04165940100397
2024-01-01 01:00:01,2,47.33879169389329
2024-01-01 01:00:35,2,43.71937445192306
2024-01-01 01:00:46,2,43.511485900707115
2024-01-01 01:01:31,2,57.56079878666021
2024-01-01 01:01:46,2,60.496831862902596
2024-01-01 01:03:36,2,73.01430099266489
2024-01-01 01:05:14,2,58.25883463350233
2024-01-01 01:05:56,2,71.20840176903155
2024-01-01 01:06:19,2,59.4249667956793
2024-01-01 01:07:14,2,44.30873235581872
2024-01-01 01:07:39,2,61.6678534467242
2024-01-01 01:07:51,2,53.060814580761246
2024-01-01 01:09:29,2,61.45779092903631
2024-01-01 01:11:04,2,57.53729020508514
2024-01-01 01:12:27,2,45.82023895389264
2024-01-01 01:14:07,2,72.311696317673
2024-01-01 01:14:29,2,52.71971970215121
2024-01-01 01:15:02,2,69.38826379454223
2024-01-01 01:16:18,2,65.2944055592704
2024-01-01 01:18:01,2,16.315524366074307
2024-01-01 01:19:49,2,16.346125519884737
2024-01-01 01:21:31,2,15.449195931748914
2024-01-01 01:22:20,2,9.45418222404772
2024-01-01 01:23:44,2,24.1487756527899
2024-01-01 01:25:31,2,18.53584957629798
2024-01-01 01:27:08,2,12.607436293177013
2024-01-01 01:27:40,2,15.022396048320104
2024-01-01 01:28:54,2,18.70889185345717
2024-01-01 01:29:25,2,10.196965064835357
2024-01-01 01:30:46,2,27.10257550109791
2024-01-01 01:31:43,2,23.9092966905464
2024-01-01 01:32:57,2,21.21104886155631
2024-01-01 01:33:42,2,16.970051418810982
2024-01-01 01:34:30,2,15.1379736490684
2024-01-01 01:35:15,2,19.539161862569426
2024-01-01 01:36:22,2,28.34113020752912
2024-01-01 01:37:44,2,14.018366773352414
2024-01-01 01:38:53,2,18.839066223378946
2024-01-01 01:39:17,2,22.86028482869861
2024-01-01 01:40:29,2,17.933476823106822
2024-01-01 01:42:27,2,19.549187965999614
2024-01-01 01:43:26,2,21.305513888405866
2024-01-01 01:43:50,2,13.171086835680203
2024-01-01 01:45:43,2,15.307131633516878
2024-01-01 01:46:35,2,13.922486490648897
2024-01-01 01:46:55,2,15.995630218725129
2024-01-01 01:47:05,2,24.326579904953128
2024-01-01 01:47:35,2,15.607126542437426
2024-01-01 01:47:56,2,23.46053391991213
2024-01-01 01:49:14,2,49.52094695793065
2024-01-01 01:50:40,2,60.184928459641235
2024-01-01 01:51:43,2,79.06223922853239
2024-01-01 01:52:18,2,58.51766137814326
2024-01-01 01:53:02,2,60.23807363087754
2024-01-01 01:53:54,2,83.40886393001497
2024-01-01 01:54:57,2,71.3370101734755
2024-01-01 01:55:45,2,65.41447216883354
2024-01-01 01:55:57,2,43.38881143843164
2024-01-01 01:56:16,2,48.58918733461645
2024-01-01 01:57:12,2,61.590543439134194
2024-01-01 01:58:03,2,57.76994520427125
2024-01-01 01:58:44,2,68.57340466746174
2024-01-01 01:59:19,2,42.83103289659833
2024-01-01 02:01:14,2,68.6337651353834
2024-01-01 02:01:25,2,65.91149092535503
2024-01-01 02:01:35,2,52.09262780195519
2024-01-01 02:02:57,2,46.01857122161462
2024-01-01 02:03:46,2,46.81401300609198
2024-01-01 02:04:40,2,52.91331628779534
2024-01-01 02:05:11,2,51.87331554267643
2024-01-01 02:05:38,2,57.8405657052987
2024-01-01 02:07:00,2,57.57574970889195
2024-01-01 02:07:15,2,53.70965884870216
2024-01-01 02:07:31,2,46.48337825665607
2024-01-01 02:09:00,2,64.7384625725982
2024-01-01 02:09:46,2,47.53151741007915
2024-01-01 02:11:38,2,52.27589983396313
2024-01-01 02:13:08,2,67.33724278336193
2024-01-01 02:14:21,2,52.39824650204406
2024-01-01 02:15:31,2,48.43570036385874
2024-01-01 02:16:13,2,54.16783129766008
2024-01-01 02:17:22,2,23.74795344849313
2024-01-01 02:18:53,2,45.15544503535903
2024-01-01 02:19:06,2,50.4872946907047
2024-01-01 02:20:32,2,65.84198244043543
2024-01-01 02:20:51,2,57.10303040221996
2024-01-01 02:22:05,2,53.28229149396597
2024-01-01 02:22:29,2,64.93039882880502
2024-01-01 02:24:17,2,38.90479016919021
2024-01-01 02:24:48,2,48.02690849300973
2024-01-01 02:26:01,2,49.61239162653904
2024-01-01 02:26:33,2,52.45053029596411
2024-01-01 02:28:30,2,67.2547054531447
2024-01-01 02:29:13,2,53.165900127079574
2024-01-01 02:30:25,2,47.75813734058148
2024-01-01 02:32:11,2,54.42314397102644
2024-01-01 02:33:11,2,14.74851503605655
2024-01-01 02:34:58,2,18.7602466551149
2024-01-01 02:36:40,2,30.015090958927452
2024-01-01 02:36:57,2,20.182648339062805
2024-01-01 02:37:54,2,24.24765361825864
2024-01-01 02:39:45,2,20.10586613290974
2024-01-01 02:40:23,2,12.723882549379816
2024-01-01 02:40:33,2,19.28569232904048
2024-01-01 02:41:47,2,14.59516108357269
2024-01-01 02:43:23,2,10.31680549525199
2024-01-01 02:45:22,2,24.37488691010409
2024-01-01 02:46:25,2,18.988745677690346
2024-01-01 02:47:51,2,8.964793025340919
2024-01-01 02:49:35,2,16.62577349665104
2024-01-01 02:51:33,2,14.550420109855377
2024-01-01 02:51:53,2,18.20886828682456
2024-01-01 02:53:38,2,24.81614487566125
2024-01-01 02:55:00,2,16.481869635509995
2024-01-01 02:55:30,2,18.7832677830187
2024-01-01 02:56:27,2,15.90461047028177
2024-01-01 02:57:13,2,21.651784656005994
2024-01-01 02:57:25,2,18.297260171088247
2024-01-01 02:59:01,2,13.86661160433285
2024-01-01 03:00:44,2,21.850517832792285
2024-01-01 03:02:39,2,16.338227632405175
2024-01-01 03:03:32,2,23.219229974035393
2024-01-01 03:04:27,2,13.679650239559544
2024-01-01 03:04:47,2,16.796687697812327
2024-01-01 03:05:16,2,25.964755991044452
2024-01-01 03:07:03,2,21.319320449658374
2024-01-01 03:08:25,2,15.519536881700459
2024-01-01 03:09:35,2,22.402331805224506
2024-01-01 03:11:02,2,8.11387577380509
2024-01-01 03:11:30,2,12.090807152955042
2024-01-01 03:12:49,2,10.944715844669592
2024-01-01 03:14:42,2,22.01577371307011
2024-01-01 03:16:02,2,18.31129928164666
2024-01-01 03:16:34,2,13.937674081589774
2024-01-01 03:18:12,2,20.671824493181916
2024-01-01 03:18:56,2,18.455468031279565
2024-01-01 03:19:36,2,22.544062056749844
2024-01-01 03:20:26,2,15.960142609493735
2024-01-01 03:22:17,2,14.179066066810767
2024-01-01 03:24:11,2,63.76173931693076
2024-01-01 03:25:15,2,66.586103667417
2024-01-01 03:26:11,2,56.16562349241945
2024-01-01 03:27:35,2,54.38381955207728
2024-01-01 03:28:59,2,67.29050306347615
2024-01-01 03:29:49,2,53.29253360501693
2024-01-01 03:30:52,2,30.937618489901027
2024-01-01 03:31:32,2,47.28799700450709
2024-01-01 03:32:44,2,37.260303838878706
2024-01-01 03:33:12,2,58.51955365935016
2024-01-01 03:33:24,2,64.8000418456638
2024-01-01 03:34:40,2,48.227971199203
2024-01-01 03:36:29,2,67.4978275781769
2024-01-01 03:36:55,2,50.04732979058812
2024-01-01 03:38:38,2,24.072104017343378
2024-01-01 03:39:08,2,11.823125464365571
2024-01-01 03:40:09,2,25.616133535894196
2024-01-01 03:40:45,2,17.11976251986524
2024-01-01 03:41:46,2,18.98278388849791
2024-01-01 03:43:03,2,12.16743845779555
2024-01-01 03:44:25,2,25.735250594527017
2024-01-01 03:45:00,2,17.228132326380354
2024-01-01 03:45:28,2,13.695442347033207
2024-01-01 03:46:54,2,68.74307068970737
2024-01-01 03:48:20,2,48.7335567867259
2024-01-01 03:49:27,2,64.52030131437301
2024-01-01 03:51:00,2,78.49099258787778
2024-01-01 03:51:24,2,70.15444808352248
2024-01-01 03:52:03,2,58.817341689625096
2024-01-01 03:53:14,2,59.12980565525047
2024-01-01 03:53:39,2,52.07045384236455
2024-01-01 03:54:54,2,58.19160177508909
2024-01-01 03:55:06,2,52.99097494457628
2024-01-01 03:55:27,2,58.00446059762776
2024-01-01 03:56:35,2,63.24230025686069
2024-01-01 03:57:33,2,55.827729037854255
2024-01-01 03:58:33,2,55.367828331742345
2024-01-01 03:59:15,2,52.825836144847635
2024-01-01 03:59:47,2,65.30956649146339
2024-01-01 04:01:14,2,45.61912481241572
2024-01-01 04:03:09,2,52.92657723743211
2024-01-01 04:04:04,2,73.67389901752533
2024-01-01 04:04:57,2,65.08979199129904
2024-01-01 04:06:21,2,50.97910274532785
2024-01-01 04:07:22,2,43.94932684140026
2024-01-01 04:08:25,2,58.87598328212361
2024-01-01 04:08:56,2,46.73135443930171
2024-01-01 04:09:25,2,46.18310524388132
2024-01-01 04:10:47,2,68.23488489691329
2024-01-01 04:12:34,2,23.26484847340714
2024-01-01 04:13:44,2,17.617431986954628
2024-01-01 04:14:09,2,19.723347596646178
2024-01-01 04:15:23,2,20.022255993319785
2024-01-01 04:17:14,2,16.941081947993162
2024-01-01 04:18:45,2,22.393617066878875
2024-01-01 04:19:43,2,21.61983259795557
2024-01-01 04:21:07,2,12.084943879716096
2024-01-01 04:22:27,2,10.08437590296547
2024-01-01 04:24:17,2,12.19711423571891
2024-01-01 04:24:56,2,21.767097317512153
2024-01-01 04:25:44,2,14.927306081544526
2024-01-01 04:26:16,2,16.08392581520692
2024-01-01 04:26:53,2,20.70868823808095
2024-01-01 04:28:06,2,24.57754145470052
2024-01-01 04:29:18,2,19.05248149460752
2024-01-01 04:29:40,2,15.111928910675484
2024-01-01 04:31:39,2,17.958189444379695
2024-01-01 04:32:12,2,11.837843804179998
2024-01-01 04:32:41,2,22.762309852680847
2024-01-01 04:34:39,2,15.44939630260562
2024-01-01 04:36:36,2,21.647596754931012
2024-01-01 04:37:48,2,15.540215475652584
2024-01-01 04:39:01,2,68.28056888986967
2024-01-01 04:40:12,2,57.299016080245636
2024-01-01 04:41:57,2,49.84943977009872
2024-01-01 04:42:55,2,51.075229623825834
2024-01-01 04:44:03,2,58.17947757323381
2024-01-01 04:45:24,2,49.72001138609643
2024-01-01 04:45:52,2,63.81498948144919
2024-01-01 04:46:24,2,52.2092766465719
2024-01-01 04:46:49,2,37.60372961315478
2024-01-01 04:47:31,2,76.73710139552743
2024-01-01 04:49:10,2,37.553497597013475
2024-01-01 04:50:17,2,51.69776873343802
2024-01-01 04:51:13,2,54.72835132873394
2024-01-01 04:52:06,2,74.93690566745299
2024-01-01 04:53:10,2,45.550128492483694
2024-01-01 04:53:34,2,54.972138893330985
2024-01-01 04:54:10,2,49.66909597984167
2024-01-01 04:55:33,2,50.22147603964825
2024-01-01 04:57:14,2,43.772633746313204
2024-01-01 04:57:46,2,48.318569516722334
2024-01-01 04:59:41,2,56.93379451924159
2024-01-01 05:01:23,2,19.485197354399375
2024-01-01 05:03:08,2,11.628074327655412
2024-01-01 05:04:47,2,23.83754911493223
2024-01-01 05:06:15,2,14.380176347661063
2024-01-01 05:07:30,2,10.39866959552674
2024-01-01 05:08:20,2,22.74042193718045
2024-01-01 05:09:42,2,14.230689431545192
2024-01-01 05:10:35,2,19.91326775738746
2024-01-01 05:12:25,2,10.782214829081372
2024-01-01 05:13:05,2,21.43437611601447
2024-01-01 05:14:59,2,16.930624162226806
2024-01-01 05:15:38,2,22.85158100894141
2024-01-01 05:16:54,2,18.38381475165361
2024-01-01 05:17:59,2,11.077884228207818
2024-01-01 05:18:17,2,65.38606069208817
2024-01-01 05:19:24,2,55.93158337699742
2024-01-01 05:21:03,2,47.23463655458629
2024-01-01 05:22:09,2,54.67449776912286
2024-01-01 05:23:20,2,60.31668783703872
2024-01-01 05:24:59,2,48.09641659196513
2024-01-01 05:26:20,2,45.60032170849934
2024-01-01 05:27:01,2,59.76651040800557
2024-01-01 05:28:36,2,61.122400149069136
2024-01-01 05:28:54,2,58.980947793532806
2024-01-01 05:29:34,2,46.891060637997505
2024-01-01 05:29:46,2,58.66814043285442
2024-01-01 05:30:30,2,58.51406668842283
2024-01-01 05:31:31,2,50.299285004112996
2024-01-01 05:32:14,2,56.514030479517324
2024-01-01 05:33:59,2,57.9845181398144
2024-01-01 05:34:14,2,46.81567680096066
2024-01-01 05:34:55,2,55.10947816347044
2024-01-01 05:35:56,2,42.8721092688156
2024-01-01 05:37:30,2,62.23881365479281
2024-01-01 05:39:17,2,62.86406211995816
2024-01-01 05:41:13,2,49.40453714710531
2024-01-01 05:41:37,2,45.75779282724815
2024-01-01 05:43:10,2,65.05402774829984
2024-01-01 05:44:57,2,26.04781688145315
2024-01-01 05:46:42,2,17.897939283669356
2024-01-01 05:47:44,2,9.59135732335583
2024-01-01 05:49:21,2,16.52248855233458
2024-01-01 05:50:13,2,24.89233677726904
2024-01-01 05:51:45,2,14.642438965097272
2024-01-01 05:52:39,2,14.474089879872857
2024-01-01 05:54:34,2,21.29406987441949
2024-01-01 05:55:51,2,21.46961616595629
2024-01-01 05:57:14,2,21.58294669879826
2024-01-01 05:58:30,2,18.19249242847636
2024-01-01 05:59:05,2,6.058537746244102
2024-01-01 05:59:41,2,11.405157508487447
2024-01-01 06:01:33,2,18.10053233434549
2024-01-01 06:02:50,2,17.255263525501395
2024-01-01 06:04:29,2,20.543289021399204
2024-01-01 06:06:20,2,15.179019100697568
2024-01-01 06:07:00,2,10.529811033551248
2024-01-01 06:08:52,2,15.322214601506026
2024-01-01 06:09:41,2,14.212846126236052
2024-01-01 06:10:31,2,26.555144045953938
2024-01-01 06:11:51,2,20.619802560383675
2024-01-01 06:13:19,2,16.000500049453418
2024-01-01 06:14:54,2,14.274161148413247
2024-01-01 06:16:36,2,17.18858776416293
2024-01-01 06:18:18,2,17.87326362624788
2024-01-01 06:18:37,2,16.28397036578481
2024-01-01 06:18:49,2,7.57103780547498
2024-01-01 06:19:12,2,24.401076363587308
2024-01-01 06:20:25,2,52.3567851125982
2024-01-01 06:20:58,2,63.567374214704586
2024-01-01 06:21:33,2,58.980482165092624
2024-01-01 06:22:47,2,58.617619921038504
2024-01-01 06:22:57,2,58.198097102399174
2024-01-01 06:24:53,2,59.504957237780346
2024-01-01 06:26:16,2,52.38241709778905
2024-01-01 06:27:24,2,48.72557164523499
2024-01-01 06:29:03,2,18.365290960747814
2024-01-01 06:29:33,2,14.164662722998496
2024-01-01 06:30:52,2,48.961617025068136
2024-01-01 06:31:32,2,51.79899523649917
2024-01-01 06:32:28,2,30.949304500897906
2024-01-01 06:33:46,2,57.094013619979236
2024-01-01 06:34:16,2,49.39044022611568
2024-01-01 06:35:25,2,50.894379250774605
2024-01-01 06:36:51,2,56.45243950073454
2024-01-01 06:37:59,2,55.74692866593261
2024-01-01 06:38:49,2,65.3499944212688
2024-01-01 06:39:28,2,55.75891038520775
2024-01-01 06:39:49,2,61.226631939451465
2024-01-01 06:41:07,2,55.5558694021349
2024-01-01 06:42:21,2,60.4156510317255
2024-01-01 06:42:55,2,65.9439979708314
2024-01-01 06:43:07,2,72.82004586998721
2024-01-01 06:44:05,2,42.1061350895709
2024-01-01 06:45:04,2,68.08517156346163
2024-01-01 06:45:15,2,60.142570786126846
2024-01-01 06:47:14,2,66.89332834312484
2024-01-01 06:47:59,2,69.86931771930207
2024-01-01 06:49:08,2,43.93704564036737
2024-01-01 06:49:37,2,63.698716176212315
2024-01-01 06:50:36,2,45.10492175144512
2024-01-01 06:51:53,2,44.05281127082881
2024-01-01 06:52:44,2,51.93432955121002
2024-01-01 06:53:08,2,47.43909071182688
2024-01-01 06:53:37,2,63.67283410086998
2024-01-01 06:55:28,2,45.642202841335035
2024-01-01 06:57:05,2,57.63014681769748
2024-01-01 06:58:42,2,51.37101770575856
2024-01-01 07:00:20,2,20.49440097089846
2024-01-01 07:02:01,2,21.487934851695996
2024-01-01 07:03:41,2,13.819541648901868
2024-01-01 07:04:21,2,7.077536324740956
2024-01-01 07:05:44,2,19.36764385570882
2024-01-01 07:05:57,2,20.286621405433827
2024-01-01 07:07:30,2,28.491107372733737
2024-01-01 07:08:33,2,12.848923519931027
2024-01-01 07:10:21,2,16.958584001204905
2024-01-01 07:10:52,2,19.510384243858006
2024-01-01 07:11:47,2,69.7799396726546
2024-01-01 07:13:16,2,42.43352749370952
2024-01-01 07:15:05,2,56.68513402333429
2024-01-01 07:15:33,2,57.95232575040603
2024-01-01 07:16:10,2,52.61766324944382
2024-01-01 07:17:24,2,43.60362880890989
2024-01-01 07:18:39,2,71.04731994138866
2024-01-01 07:19:05,2,47.88695166820337
2024-01-01 07:19:23,2,59.764887631653686
2024-01-01 07:20:49,2,13.137092655171585
2024-01-01 07:21:00,2,18.180919719783017
2024-01-01 07:22:21,2,13.270683460518377
2024-01-01 07:24:13,2,19.299789968218455
2024-01-01 07:24:52,2,13.926219985882259
2024-01-01 07:26:50,2,18.88075225943846
2024-01-01 07:28:25,2,27.17101017928137
2024-01-01 07:29:49,2,20.991990038102095
2024-01-01 07:31:16,2,15.015526076340144
2024-01-01 07:31:56,2,38.255305395467545
2024-01-01 07:32:52,2,71.32042499962299
2024-01-01 07:34:21,2,59.09797513073281
2024-01-01 07:34:49,2,43.802239508707416
2024-01-01 07:36:19,2,65.69203929040924
2024-01-01 07:38:03,2,53.94939273519754
2024-01-01 07:39:21,2,43.141442251376674
2024-01-01 07:41:17,2,61.62203333946187
2024-01-01 07:42:24,2,43.9437449828556
2024-01-01 07:44:01,2,58.58344511076003
2024-01-01 07:45:40,2,43.034420713833136
2024-01-01 07:46:57,2,38.80057868335713
2024-01-01 07:47:27,2,51.487279628893546
2024-01-01 07:48:59,2,84.2727009247333
2024-01-01 07:50:00,2,13.028224671845633
2024-01-01 07:51:16,2,19.215673275692446
2024-01-01 07:53:09,2,15.648983306073443
2024-01-01 07:54:26,2,13.495149907868726
2024-01-01 07:54:39,2,5.690101470550417
2024-01-01 07:56:36,2,24.21702898593581
2024-01-01 07:57:03,2,24.140151048040675
2024-01-01 07:58:16,2,17.20674408265494
2024-01-01 07:58:54,2,57.17579536342962
2024-01-01 08:00:04,2,56.07060286958551
2024-01-01 08:00:27,2,56.60133036545184
2024-01-01 08:02:07,2,59.694549688057315
2024-01-01 08:03:24,2,61.16745452015612
2024-01-01 08:03:54,2,50.70954052133754
2024-01-01 08:04:29,2,59.694088561957045
2024-01-01 08:05:19,2,74.59210360111803
2024-01-01 08:05:39,2,50.42236214568694
2024-01-01 08:07:33,2,16.62226510802137
2024-01-01 08:08:49,2,15.32712618988245
2024-01-01 08:09:59,2,15.71276698899334
2024-01-01 08:10:52,2,18.551867399664385
2024-01-01 08:12:18,2,19.695445804023926
2024-01-01 08:13:06,2,19.702690286862115
2024-01-01 08:13:44,2,26.477398146919057
2024-01-01 08:14:45,2,21.52037718964079
2024-01-01 08:16:08,2,18.13280052431701
2024-01-01 08:17:40,2,17.73744265439292
2024-01-01 08:19:25,2,18.87726699314251
2024-01-01 08:20:41,2,19.058135480166754
2024-01-01 08:22:01,2,9.738503558189283
2024-01-01 08:22:40,2,12.799168473893554
2024-01-01 08:24:25,2,21.22945210137946
2024-01-01 08:25:26,2,12.504776242225637
2024-01-01 08:26:44,2,18.81533171942789
2024-01-01 08:27:19,2,12.687462122448496
2024-01-01 08:28:07,2,21.36194668805691
2024-01-01 08:28:36,2,18.83327908679922
2024-01-01 08:29:30,2,33.863344574402696
2024-01-01 08:30:21,2,53.47736166582505
2024-01-01 08:30:42,2,62.990681225163875
2024-01-01 08:32:21,2,61.98968800415122
2024-01-01 08:32:39,2,58.24805825210123
2024-01-01 08:34:06,2,56.11630021243182
2024-01-01 08:34:18,2,45.42368152520247
2024-01-01 08:35:40,2,64.4676656790658
2024-01-01 08:36:02,2,38.62719260596405
2024-01-01 08:36:32,2,49.78864604206948
2024-01-01 08:37:00,2,52.57433817968855
2024-01-01 08:37:42,2,57.319131825624474
2024-01-01 08:38:23,2,49.48910427840777
2024-01-01 08:39:56,2,54.909108332165744
2024-01-01 08:41:17,2,38.33236593210802
2024-01-01 08:42:55,2,40.052438535503555
2024-01-01 08:44:41,2,56.34328100267875
2024-01-01 08:46:36,2,48.51699672655616
2024-01-01 08:48:30,2,47.834265115758946
2024-01-01 08:50:13,2,63.09594435971886
2024-01-01 08:51:46,2,57.569574381839445
2024-01-01 08:52:21,2,56.17581680661887
2024-01-01 08:53:26,2,50.54349696970006
2024-01-01 08:55:10,2,75.53818690086595
2024-01-01 08:55:56,2,41.5994310963919
2024-01-01 08:56:50,2,16.91542504786731
2024-01-01 08:57:03,2,21.01482051720631
2024-01-01 08:58:51,2,21.975934308207602
2024-01-01 09:00:11,2,22.87856688834625
2024-01-01 09:01:48,2,18.003777537272978
2024-01-01 09:02:54,2,17.456561417066737
2024-01-01 09:04:27,2,16.10861727711296
2024-01-01 09:05:09,2,26.266548185892653
2024-01-01 09:06:38,2,21.115436739445475
2024-01-01 09:08:24,2,18.471396468071397
2024-01-01 09:09:18,2,12.818175579339522
2024-01-01 09:09:45,2,12.570874138518818
2024-01-01 09:10:35,2,28.570876089709376
2024-01-01 09:11:43,2,15.624260663802604
2024-01-01 09:12:17,2,23.867554291796772
2024-01-01 09:13:21,2,19.53475375056263
2024-01-01 09:14:03,2,11.815005493189688
2024-01-01 09:15:09,2,20.101336052397993
2024-01-01 09:15:59,2,19.49825961698373
2024-01-01 09:17:55,2,15.182592597042786
2024-01-01 09:18:33,2,17.834223334750035
2024-01-01 09:18:59,2,14.84430828934982
2024-01-01 09:19:11,2,19.365190540831236
2024-01-01 09:20:46,2,17.26329886689247
2024-01-01 09:21:45,2,22.819627115277854
2024-01-01 09:23:25,2,9.82210486591876
2024-01-01 09:24:41,2,22.8397275657047
2024-01-01 09:25:57,2,49.47104066306287
2024-01-01 09:27:00,2,56.536740205641884
2024-01-01 09:27:19,2,35.34444108523495
2024-01-01 09:29:06,2,49.12884729379852
2024-01-01 09:30:10,2,47.7619625564833
2024-01-01 09:31:40,2,49.87704853739028
2024-01-01 09:33:16,2,54.54725192532316
2024-01-01 09:34:17,2,44.556034381310965
2024-01-01 09:34:28,2,56.68208406230499
2024-01-01 09:34:45,2,64.48021848354786
2024-01-01 09:35:53,2,49.79403084203107
2024-01-01 09:37:19,2,60.168884853955795
2024-01-01 09:39:03,2,77.02013924659616
2024-01-01 09:39:19,2,51.439079513809446
2024-01-01 09:40:55,2,67.95827071772692
2024-01-01 09:42:25,2,60.664250279877656
2024-01-01 09:43:04,2,41.54985516069331
2024-01-01 09:44:33,2,46.38950327834424
2024-01-01 09:46:07,2,62.50692795128987
2024-01-01 09:47:35,2,58.90153940013453
2024-01-01 09:49:01,2,19.706079212460168
2024-01-01 09:51:00,2,25.50137304500494
2024-01-01 09:52:31,2,25.691652195262762
2024-01-01 09:53:09,2,20.40259339054112
2024-01-01 09:53:19,2,18.24664082897422
2024-01-01 09:54:03,2,21.612234926104897
2024-01-01 09:55:19,2,21.808360931475008
2024-01-01 09:56:28,2,22.12977077810032
2024-01-01 09:57:42,2,14.778154697252354
2024-01-01 09:57:54,2,20.14219347934972
2024-01-01 09:58:18,2,24.01001269234005
2024-01-01 09:59:47,2,17.336323986769138
2024-01-01 10:01:20,2,27.04430688946472
2024-01-01 10:03:12,2,60.607693490151675
2024-01-01 10:04:15,2,57.252584534950984
2024-01-01 10:05:59,2,70.79089456071208
2024-01-01 10:06:17,2,54.04888352299234
2024-01-01 10:07:26,2,51.66962380946239
2024-01-01 10:08:21,2,47.342546812937435
2024-01-01 10:09:07,2,54.055817378639524
2024-01-01 10:09:39,2,57.64254763607339
2024-01-01 10:10:38,2,54.596660897859564
2024-01-01 10:11:06,2,62.461736380790434
2024-01-01 10:11:53,2,56.16773099994598
2024-01-01 10:12:50,2,71.86363477741921
2024-01-01 10:13:50,2,48.625760871192725
2024-01-01 10:15:46,2,49.98915879277454
2024-01-01 10:17:10,2,59.794069175964836
2024-01-01 10:18:31,2,39.315244339186464
2024-01-01 10:20:15,2,43.63099191404348
2024-01-01 10:21:34,2,62.09773426445123
2024-01-01 10:22:02,2,82.5663947700584
2024-01-01 10:22:39,2,12.113781262527093
2024-01-01 10:23:32,2,19.392425402723728
2024-01-01 10:25:11,2,15.020296513412132
2024-01-01 10:26:21,2,17.637073947988572
2024-01-01 10:27:35,2,24.58427829809949
2024-01-01 10:29:16,2,16.86791634327369
2024-01-01 10:30:07,2,20.759821296659137
2024-01-01 10:31:26,2,16.279509858688336
2024-01-01 10:32:55,2,16.9840963168956
2024-01-01 10:34:04,2,14.138410786385826
2024-01-01 10:35:24,2,13.91922505485978
2024-01-01 10:36:30,2,10.72472697454724
2024-01-01 10:38:06,2,12.980751364845574
2024-01-01 10:39:03,2,22.17374861321651
2024-01-01 10:39:47,2,68.42460595290925
2024-01-01 10:40:41,2,62.02207611817957
2024-01-01 10:41:03,2,56.85067830451961
2024-01-01 10:42:52,2,61.0441316256368
2024-01-01 10:43:26,2,41.2043866509745
2024-01-01 10:43:42,2,63.95972660224545
2024-01-01 10:44:37,2,65.72217184848819
2024-01-01 10:44:59,2,51.945433882607716
2024-01-01 10:45:29,2,68.27615451605305
2024-01-01 10:46:38,2,77.09183966688678
2024-01-01 10:47:20,2,73.92191760833067
2024-01-01 10:48:21,2,46.16280859308937
2024-01-01 10:50:15,2,50.11007710421525
2024-01-01 10:52:01,2,48.84262541790794
2024-01-01 10:52:26,2,52.861731815781326
2024-01-01 10:54:21,2,68.93628675857344
2024-01-01 10:55:47,2,45.00121925784457
2024-01-01 10:56:27,2,39.70777485273459
2024-01-01 10:58:08,2,55.422798315931324
2024-01-01 10:58:44,2,38.472608568413854
2024-01-01 11:00:32,2,50.2071401053561
2024-01-01 11:01:41,2,40.25861564568173
2024-01-01 11:02:08,2,40.17585858941128
2024-01-01 11:03:58,2,16.120321400432104
2024-01-01 11:05:06,2,8.302972959290628
2024-01-01 11:05:32,2,22.450050634132147
2024-01-01 11:06:52,2,23.67973922971911
2024-01-01 11:07:36,2,17.230011674010843
2024-01-01 11:08:29,2,11.284373661777295
2024-01-01 11:09:16,2,16.021998133771465
2024-01-01 11:10:12,2,25.957001838814023
2024-01-01 11:10:38,2,22.38357093193058
2024-01-01 11:12:32,2,14.364502299120176
2024-01-01 11:12:43,2,17.491820761354738
2024-01-01 11:14:09,2,17.88474721957267
2024-01-01 11:14:25,2,24.39287583969687
2024-01-01 11:15:15,2,22.906919961375166
2024-01-01 11:16:04,2,21.347080955934427
2024-01-01 11:16:50,2,10.845843991876642
2024-01-01 11:18:44,2,15.617230992832376
2024-01-01 11:20:28,2,15.238693739436957
2024-01-01 11:21:50,2,44.02856350371186
2024-01-01 11:23:03,2,55.88235753885949
2024-01-01 11:25:02,2,64.73905119993228
2024-01-01 11:26:44,2,43.37934179743717
2024-01-01 11:26:57,2,70.82116751303568
2024-01-01 11:27:12,2,54.36726040103084
2024-01-01 11:27:38,2,48.40251358746034
2024-01-01 11:29:15,2,49.961607461123194
2024-01-01 11:31:11,2,60.60652519578775
2024-01-01 11:31:38,2,46.064049862808794
2024-01-01 11:33:32,2,38.586198843979034
2024-01-01 11:34:08,2,16.672197437407295
2024-01-01 11:34:52,2,24.850509268051855
2024-01-01 11:36:43,2,20.603780601793556
2024-01-01 11:38:38,2,16.360967700617387
2024-01-01 11:40:10,2,15.717513507658191
2024-01-01 11:41:06,2,24.42218526388692
2024-01-01 11:42:11,2,14.84298722216721
2024-01-01 11:42:21,2,18.26263184107658
2024-01-01 11:43:43,2,26.83512247197931
2024-01-01 11:44:04,2,12.67877644033388
2024-01-01 11:44:33,2,23.156085668691787
2024-01-01 11:45:09,2,10.81855150858464
2024-01-01 11:45:58,2,20.687060014101903
2024-01-01 11:47:56,2,21.21150617505588
2024-01-01 11:49:24,2,18.136278161802895
2024-01-01 11:50:02,2,12.718879796659834
2024-01-01 11:51:30,2,24.948820669731777
2024-01-01 11:53:24,2,11.273951645956988
2024-01-01 11:53:50,2,19.719339065739685
2024-01-01 11:55:49,2,13.058027807665635
2024-01-01 11:56:17,2,14.99807153564447
2024-01-01 11:56:29,2,18.698268447826756
2024-01-01 11:57:58,2,16.606455378901764
2024-01-01 11:59:09,2,19.321352865309024
2024-01-01 12:00:51,2,22.442789368106972
2024-01-01 12:02:23,2,26.035233415634814
2024-01-01 12:04:03,2,12.678949230799633
2024-01-01 12:04:53,2,9.171449065249893
2024-01-01 12:06:21,2,24.95576992710882
2024-01-01 12:06:57,2,21.16544503663288
2024-01-01 12:08:30,2,22.591246268648014
2024-01-01 12:09:40,2,15.603558813809274
2024-01-01 12:10:18,2,20.84423804734217
2024-01-01 12:10:38,2,19.285974261140073
2024-01-01 12:11:28,2,11.107704468938886
2024-01-01 12:13:04,2,21.65172090275883
2024-01-01 12:14:37,2,12.851900629143683
2024-01-01 12:15:03,2,11.458897287452636
2024-01-01 12:15:35,2,13.947356850891868
2024-01-01 12:17:12,2,22.28487768491393
2024-01-01 12:17:23,2,28.36889341401642
2024-01-01 12:18:07,2,14.068479734308356
2024-01-01 12:19:28,2,13.911479240069635
2024-01-01 12:19:58,2,29.020930839431113
2024-01-01 12:20:30,2,16.06062109068765
2024-01-01 12:21:31,2,24.530361019358146
2024-01-01 12:22:14,2,18.694160413589067
2024-01-01 12:23:33,2,10.262889358154244
2024-01-01 12:25:30,2,15.783682675910486
2024-01-01 12:26:42,2,16.557124414229495
2024-01-01 12:26:54,2,15.990145139715185
2024-01-01 12:27:15,2,22.648701124055787
2024-01-01 12:28:29,2,13.37055048054425
2024-01-01 12:29:25,2,17.431666554592823
2024-01-01 12:30:39,2,22.866829762428072
2024-01-01 12:30:49,2,21.119479715382884
2024-01-01 12:31:06,2,31.89981812111778
2024-01-01 12:31:38,2,12.81004322505385
2024-01-01 12:31:51,2,17.93333576481769
2024-01-01 12:32:49,2,16.28646723193368
2024-01-01 12:34:22,2,8.090177571306434
2024-01-01 12:34:57,2,10.504093990211508
2024-01-01 12:36:09,2,21.12143978324421
2024-01-01 12:37:37,2,10.874111177496472
2024-01-01 12:38:28,2,13.895605387951566
2024-01-01 12:38:46,2,15.865979025323712
2024-01-01 12:40:08,2,19.97867731232524
2024-01-01 12:41:52,2,18.705777073455973
2024-01-01 12:43:21,2,17.141631730376083
2024-01-01 12:45:03,2,23.492424380259095
2024-01-01 12:46:27,2,17.12483730853262
2024-01-01 12:47:36,2,21.98604559798636
2024-01-01 12:48:50,2,20.993094369571974
2024-01-01 12:50:28,2,61.99573502851889
2024-01-01 12:51:05,2,42.33103287073406
2024-01-01 12:52:54,2,59.3866796255826
2024-01-01 12:54:09,2,69.7813971390053
2024-01-01 12:54:34,2,65.13237887434987
2024-01-01 12:55:37,2,39.09858169319702
2024-01-01 12:56:25,2,48.353489024979375
2024-01-01 12:57:47,2,48.317310001558845
2024-01-01 12:58:21,2,49.751871663177106
2024-01-01 12:58:48,2,14.253063000275656
2024-01-01 13:00:27,2,16.453437932489962
2024-01-01 13:02:16,2,20.607246995297643
2024-01-01 13:02:30,2,24.6848453677798
2024-01-01 13:03:31,2,17.238510107529265
2024-01-01 13:03:49,2,14.796581816461135
2024-01-01 13:04:25,2,19.822807386777285
2024-01-01 13:05:25,2,48.19826523652049
2024-01-01 13:05:39,2,52.66903078962851
2024-01-01 13:07:17,2,60.4812632872729
2024-01-01 13:08:25,2,68.02590396786232
2024-01-01 13:10:18,2,56.37661940868046
2024-01-01 13:11:15,2,58.160927695682936
2024-01-01 13:13:03,2,48.9642888085863
2024-01-01 13:14:26,2,62.34685119638262
2024-01-01 13:14:54,2,73.13856136998166
2024-01-01 13:16:41,2,73.00079952426682
2024-01-01 13:18:11,2,54.30318837117088
2024-01-01 13:19:07,2,53.77214585452063
2024-01-01 13:20:49,2,55.95796725629645
2024-01-01 13:21:57,2,70.33003950726939
2024-01-01 13:22:32,2,67.1273751426243
2024-01-01 13:24:25,2,62.361932401023374
2024-01-01 13:25:31,2,43.00251282996892
2024-01-01 13:25:46,2,50.97995383661279
2024-01-01 13:27:42,2,21.606132718743687
2024-01-01 13:29:14,2,10.787585372035267
2024-01-01 13:30:24,2,18.575007639262285
2024-01-01 13:30:43,2,38.65306481245604
2024-01-01 13:31:54,2,44.595900581282585
2024-01-01 13:33:33,2,39.93474741960885
2024-01-01 13:35:10,2,44.95709436505747
2024-01-01 13:36:36,2,61.17063044735203
2024-01-01 13:36:56,2,38.18119644977462
2024-01-01 13:38:41,2,51.19236596138195
2024-01-01 13:39:08,2,42.30534733987187
2024-01-01 13:39:54,2,70.1253070230255
2024-01-01 13:41:53,2,12.34218696726835
2024-01-01 13:43:23,2,17.23749964924844
2024-01-01 13:43:42,2,16.270095845487546
2024-01-01 13:43:58,2,18.18787429667933
2024-01-01 13:44:24,2,16.426545856059537
2024-01-01 13:44:59,2,12.321245760708532
2024-01-01 13:45:50,2,12.827306845758564
2024-01-01 13:46:53,2,14.144293217213903
2024-01-01 13:48:32,2,11.884969155318652
2024-01-01 13:50:27,2,15.808915318089205
2024-01-01 13:51:28,2,25.47753734398612
2024-01-01 13:51:58,2,14.375060804216004
2024-01-01 13:53:43,2,16.362115434754426
2024-01-01 13:54:51,2,24.23536733106947
2024-01-01 13:56:02,2,22.34032621205733
2024-01-01 13:57:20,2,16.604973599770187
2024-01-01 13:58:04,2,18.509560429414574
2024-01-01 13:58:41,2,23.326881361298014
2024-01-01 13:59:30,2,16.709772421944194
2024-01-01 13:59:46,2,20.84092001670199
2024-01-01 14:00:43,2,48.03979838399048
2024-01-01 14:01:55,2,71.46850086691784
2024-01-01 14:03:45,2,70.18877688829821
2024-01-01 14:04:42,2,54.77439958666466
2024-01-01 14:05:20,2,68.5679436780797
2024-01-01 14:06:43,2,58.14400420727182
2024-01-01 14:08:06,2,63.126103038932776
2024-01-01 14:09:38,2,43.177817699583116
2024-01-01 14:11:15,2,59.01064614944284
2024-01-01 14:11:33,2,60.39053050405821
2024-01-01 14:12:58,2,60.63597453239967
2024-01-01 14:14:08,2,60.011712644886686
2024-01-01 14:15:07,2,55.110952203195794
2024-01-01 14:15:52,2,60.789286485712346
2024-01-01 14:17:40,2,59.60042323860466
2024-01-01 14:18:29,2,45.24050669140353
2024-01-01 14:19:23,2,61.621648077773685
2024-01-01 14:21:15,2,74.21826389074187
2024-01-01 14:22:50,2,26.132771959365236
2024-01-01 14:23:46,2,19.144089554897302
2024-01-01 14:24:17,2,13.019268479469751
2024-01-01 14:24:45,2,20.49842918069078
2024-01-01 14:26:16,2,24.299280954515623
2024-01-01 14:27:23,2,10.102818506412007
2024-01-01 14:28:27,2,13.910540789307472
2024-01-01 14:29:34,2,12.49112818530113
2024-01-01 14:30:07,2,17.925111131851846
2024-01-01 14:32:06,2,21.22331297437301
2024-01-01 14:32:39,2,12.59912657617333
2024-01-01 14:34:28,2,12.855482951561552
2024-01-01 14:35:19,2,17.016883077133826
2024-01-01 14:35:32,2,3.0530348941839325
2024-01-01 14:36:38,2,12.550782074897622
2024-01-01 14:37:35,2,17.334984180349682
2024-01-01 14:38:17,2,11.395538587469193
2024-01-01 14:39:13,2,20.601902075337392
2024-01-01 14:40:35,2,17.641496024129204
2024-01-01 14:42:05,2,12.244876452711331
2024-01-01 14:43:07,2,13.177160337854124
2024-01-01 14:44:15,2,16.5604696156604
2024-01-01 14:45:16,2,57.45038664315406
2024-01-01 14:46:50,2,64.79767216941364
2024-01-01 14:47:40,2,68.24828421990092
2024-01-01 14:49:21,2,53.444467028628935
2024-01-01 14:50:21,2,66.03443587963409
2024-01-01 14:51:35,2,74.47770078936249
2024-01-01 14:52:41,2,52.535879208955485
2024-01-01 14:54:09,2,35.72830876921247
2024-01-01 14:55:56,2,29.785459153851598
2024-01-01 14:56:47,2,11.775551402536937
2024-01-01 14:57:14,2,18.004245262323128
2024-01-01 14:58:51,2,15.762014047417932
2024-01-01 15:00:32,2,21.259419739684837
2024-01-01 15:02:13,2,13.95137582116358
2024-01-01 15:02:29,2,18.93900169021261
2024-01-01 15:03:02,2,22.59015734339993
2024-01-01 15:03:47,2,21.435335348180597
2024-01-01 15:05:29,2,17.993660732562514
2024-01-01 15:06:20,2,21.004691903558633
2024-01-01 15:07:59,2,19.336733747126313
2024-01-01 15:08:45,2,19.2670737993715
2024-01-01 15:10:21,2,62.340679118558626
2024-01-01 15:12:00,2,62.6535383941605
2024-01-01 15:13:01,2,51.65771221368065
2024-01-01 15:14:57,2,62.12759778953743
2024-01-01 15:16:26,2,14.563132333898519
2024-01-01 15:17:59,2,24.942628830551072
2024-01-01 15:19:44,2,24.992561777258565
2024-01-01 15:20:33,2,16.002999819197267
2024-01-01 15:20:47,2,52.239889382835194
2024-01-01 15:21:07,2,51.60921626373152
2024-01-01 15:22:09,2,51.02884668432147
2024-01-01 15:23:49,2,54.58528222000852
2024-01-01 15:25:22,2,39.20372547444824
2024-01-01 15:26:16,2,49.08698553303462
2024-01-01 15:28:10,2,38.31235043938992
2024-01-01 15:29:03,2,57.98553281057647
2024-01-01 15:31:02,2,44.269218715698074
2024-01-01 15:32:33,2,47.08738848693198
2024-01-01 15:32:49,2,57.72796624531794
2024-01-01 15:33:53,2,62.93990509501066
2024-01-01 15:34:15,2,42.30708894756896
2024-01-01 15:36:01,2,70.36156772854946
2024-01-01 15:36:26,2,57.31257747184084
2024-01-01 15:38:10,2,54.14926825174868
2024-01-01 15:38:59,2,63.33157766629435
2024-01-01 15:40:07,2,48.69750704995564
2024-01-01 15:41:50,2,16.487428061700317
2024-01-01 15:42:46,2,14.843454899058163
2024-01-01 15:43:01,2,22.708483711528615
2024-01-01 15:43:32,2,23.882280111821316
2024-01-01 15:45:24,2,22.68028083968008
2024-01-01 15:46:44,2,21.88468351465758
2024-01-01 15:48:38,2,20.384067975123024
2024-01-01 15:50:31,2,15.55079028996797
2024-01-01 15:52:13,2,13.15303123314585
2024-01-01 15:53:50,2,11.830683447706814
2024-01-01 15:54:06,2,37.4456210268929
2024-01-01 15:55:09,2,48.04850641923127
2024-01-01 15:56:38,2,62.74580497731741
2024-01-01 15:58:08,2,56.791140113684676
2024-01-01 15:59:42,2,53.747258292744625
2024-01-01 16:01:02,2,65.0424166691192
2024-01-01 16:01:53,2,15.498605544975021
2024-01-01 16:03:41,2,5.042293713124227
2024-01-01 16:04:59,2,25.281162644266605
2024-01-01 16:05:45,2,17.7307514437653
2024-01-01 16:06:20,2,19.43200188090767
2024-01-01 16:06:50,2,27.46737529044014
2024-01-01 16:08:43,2,16.90411370669516
2024-01-01 16:09:35,2,13.96363912557609
2024-01-01 16:10:41,2,15.216528624150374
2024-01-01 16:11:43,2,13.806649820576954
2024-01-01 16:13:08,2,16.866330949862537
2024-01-01 16:14:45,2,18.964829261343432
2024-01-01 16:15:01,2,20.530173612310193
2024-01-01 16:15:33,2,20.641316290151863
2024-01-01 16:16:26,2,17.420450265750656
2024-01-01 16:17:24,2,19.8689086701608
2024-01-01 16:17:47,2,8.136392359014415
2024-01-01 16:19:04,2,22.334933362673127
2024-01-01 16:20:46,2,20.35054604597847
2024-01-01 16:21:52,2,17.592870094872744
2024-01-01 16:23:48,2,17.88003947558609
2024-01-01 16:24:02,2,13.854451432822604
2024-01-01 16:25:56,2,11.649256286979048
2024-01-01 16:26:07,2,16.906468209957218
2024-01-01 16:26:37,2,23.93862256060107
2024-01-01 16:26:55,2,11.61894551496473
2024-01-01 16:27:30,2,14.66693708509574
2024-01-01 16:29:14,2,16.41571855036188
2024-01-01 16:30:26,2,21.349293790144827
2024-01-01 16:30:50,2,21.10653978705126
2024-01-01 16:32:22,2,21.20530134705904
2024-01-01 16:33:16,2,25.486480835909628
2024-01-01 16:34:40,2,19.45130402701775
2024-01-01 16:34:52,2,33.46723927956367
2024-01-01 16:35:32,2,62.001692961660986
2024-01-01 16:36:53,2,60.47560346621014
2024-01-01 16:38:50,2,78.03104471215981
2024-01-01 16:40:44,2,52.83484735892961
2024-01-01 16:41:49,2,63.72153105684055
2024-01-01 16:42:45,2,58.24036442706533
2024-01-01 16:44:21,2,52.50305827533206
2024-01-01 16:45:42,2,51.31550124633972
2024-01-01 16:47:33,2,67.01931669539543
2024-01-01 16:48:34,2,55.08788442632072
2024-01-01 16:49:43,2,39.758530929539845
2024-01-01 16:50:52,2,62.142364826939286
2024-01-01 16:51:27,2,64.76431377198068
2024-01-01 16:53:22,2,43.67850859283993
2024-01-01 16:53:53,2,56.03041565771389
2024-01-01 16:55:51,2,64.5562927304874
2024-01-01 16:57:50,2,57.4043631520361
2024-01-01 16:59:22,2,68.38115411771702
2024-01-01 16:59:41,2,65.11510491432352
2024-01-01 17:01:20,2,18.063689533154754
2024-01-01 17:01:53,2,13.25523586115661
2024-01-01 17:02:59,2,13.465485626389695
2024-01-01 17:03:45,2,9.577692166734103
2024-01-01 17:04:15,2,26.08685284066608
2024-01-01 17:05:22,2,8.898009759640821
2024-01-01 17:05:35,2,23.938205696794533
2024-01-01 17:07:14,2,17.127577466914875
2024-01-01 17:07:29,2,65.015304243744
2024-01-01 17:07:46,2,59.81006203954252
2024-01-01 17:09:17,2,44.730143746080316
2024-01-01 17:10:12,2,84.60869690463045
2024-01-01 17:11:28,2,63.02406985981937
2024-01-01 17:11:44,2,54.988473337119274
2024-01-01 17:12:12,2,42.09065123189429
2024-01-01 17:12:49,2,51.90942030635479
2024-01-01 17:14:25,2,44.25802941624524
2024-01-01 17:14:54,2,52.42973320746779
2024-01-01 17:15:53,2,64.31276000002921
2024-01-01 17:16:30,2,73.0956075738669
2024-01-01 17:18:20,2,44.83811669229702
2024-01-01 17:19:08,2,51.99735282081169
2024-01-01 17:19:57,2,41.98747375607902
2024-01-01 17:21:43,2,79.41221722471914
2024-01-01 17:22:59,2,59.371267797310516
2024-01-01 17:24:19,2,47.070684500601196
2024-01-01 17:26:07,2,79.60996225842581
2024-01-01 17:27:37,2,43.79582081063611
2024-01-01 17:29:12,2,47.45133803428079
2024-01-01 17:31:09,2,71.93325635740382
2024-01-01 17:32:37,2,18.153375880353547
2024-01-01 17:34:12,2,22.250932769241878
2024-01-01 17:35:21,2,21.106272269775964
2024-01-01 17:36:18,2,27.666798738571785
2024-01-01 17:37:04,2,19.283753993308938
2024-01-01 17:37:49,2,14.076623062147497
2024-01-01 17:39:35,2,21.555226521986814
2024-01-01 17:40:28,2,11.250371810693636
2024-01-01 17:41:01,2,15.724005475919204
2024-01-01 17:41:21,2,13.69318473525226
2024-01-01 17:42:34,2,22.226956916390364
2024-01-01 17:43:56,2,14.355203749834189
2024-01-01 17:44:13,2,17.05492851158763
2024-01-01 17:45:54,2,13.270870679628656
2024-01-01 17:47:04,2,14.137878362922617
2024-01-01 17:48:17,2,17.406013684339324
2024-01-01 17:49:13,2,26.032003763255656
2024-01-01 17:50:06,2,14.462238573529469
2024-01-01 17:51:46,2,15.306048477116445
2024-01-01 17:53:02,2,12.610470694242066
2024-01-01 17:53:59,2,14.796575032511996
2024-01-01 17:55:42,2,22.734037832559352
2024-01-01 17:56:17,2,18.275014680166873
2024-01-01 17:56:47,2,16.666934933602313
2024-01-01 17:57:13,2,13.100671021512838
2024-01-01 17:58:57,2,7.450808796871792
2024-01-01 17:59:12,2,24.696632947399998
2024-01-01 18:00:51,2,22.62098387221252
2024-01-01 18:02:03,2,14.232415791300165
2024-01-01 18:03:04,2,16.847960447952655
2024-01-01 18:04:00,2,11.958098344865384
2024-01-01 18:05:55,2,19.286865532086747
2024-01-01 18:06:09,2,14.845767985264057
2024-01-01 18:06:50,2,15.518612334551504
2024-01-01 18:08:05,2,26.570821787077783
2024-01-01 18:09:36,2,25.94502879386435
2024-01-01 18:11:29,2,17.295370380505936
2024-01-01 18:13:21,2,22.394819865353256
2024-01-01 18:13:44,2,20.403042966736738
2024-01-01 18:14:33,2,23.155799924178353
2024-01-01 18:15:53,2,26.154506378161628
2024-01-01 18:17:20,2,15.478953127090735
2024-01-01 18:18:05,2,16.746004806375275
2024-01-01 18:19:21,2,10.702974633107257
2024-01-01 18:20:58,2,22.680008736392608
2024-01-01 18:22:01,2,8.91682214775447
2024-01-01 18:23:11,2,11.396030285926502
2024-01-01 18:24:57,2,18.897717789313894
2024-01-01 18:25:44,2,15.467447766079585
2024-01-01 18:27:42,2,64.27421857642301
2024-01-01 18:28:40,2,48.546381691089785
2024-01-01 18:29:30,2,66.16681275067522
2024-01-01 18:31:13,2,57.320946379285374
2024-01-01 18:31:47,2,55.519298773045314
2024-01-01 18:32:28,2,41.40676193317561
2024-01-01 18:32:58,2,55.41827770503488
2024-01-01 18:33:20,2,47.82629305129557
2024-01-01 18:34:24,2,56.22727901013536
2024-01-01 18:35:10,2,54.85300530870998
2024-01-01 18:35:38,2,46.39031632736545
2024-01-01 18:37:21,2,57.35170436978581
2024-01-01 18:38:41,2,61.35010056510089
2024-01-01 18:39:36,2,50.05650517821867
2024-01-01 18:40:31,2,62.80372261990074
2024-01-01 18:41:52,2,60.24518792521956
2024-01-01 18:42:04,2,73.68744762541621
2024-01-01 18:42:31,2,50.32867350394171
2024-01-01 18:43:15,2,45.62131688708396
2024-01-01 18:43:29,2,62.358773616126875
2024-01-01 18:45:21,2,52.23110644231196
2024-01-01 18:47:05,2,48.282792107419226
2024-01-01 18:48:49,2,59.10673973274798
2024-01-01 18:50:44,2,41.21625527679312
2024-01-01 18:52:22,2,54.775639480194265
2024-01-01 18:52:47,2,54.420494582372825
2024-01-01 18:53:40,2,66.13272312739393
2024-01-01 18:55:37,2,22.69579456572091
2024-01-01 18:57:15,2,16.58209438929232
2024-01-01 18:57:58,2,15.50524438137041
2024-01-01 18:59:03,2,21.92592541155188
2024-01-01 19:00:39,2,9.111595188148994
2024-01-01 19:02:04,2,18.261814486016313
2024-01-01 19:03:37,2,18.385069979918793
2024-01-01 19:04:34,2,24.73285831305148
2024-01-01 19:05:24,2,25.21835159583119
2024-01-01 19:06:23,2,20.18911883121786
2024-01-01 19:08:18,2,58.255458153220715
2024-01-01 19:09:56,2,55.72282430232147
2024-01-01 19:10:18,2,58.303130546318826
2024-01-01 19:10:46,2,59.469722729708664
2024-01-01 19:11:33,2,64.90959315124486
2024-01-01 19:12:25,2,71.21647595951322
2024-01-01 19:12:40,2,71.34141008885491
2024-01-01 19:14:18,2,41.35894006181641
2024-01-01 19:16:05,2,49.68122249710672
2024-01-01 19:16:20,2,65.46257213437173
2024-01-01 19:17:21,2,71.02211388731675
2024-01-01 19:18:10,2,56.768580081482554
2024-01-01 19:19:56,2,50.85683105348376
2024-01-01 19:20:39,2,51.57373280312529
2024-01-01 19:22:15,2,47.884890293847604
2024-01-01 19:23:04,2,46.46253672119258
2024-01-01 19:23:18,2,47.99207253510078
2024-01-01 19:25:02,2,55.3231303797542
2024-01-01 19:26:48,2,57.767044238524846
2024-01-01 19:28:17,2,43.360238904768956
2024-01-01 19:30:04,2,16.21040236203697
2024-01-01 19:30:20,2,10.841705420013671
2024-01-01 19:32:15,2,19.552717899654688
2024-01-01 19:32:39,2,16.648166516194152
2024-01-01 19:33:13,2,17.86307839798128
2024-01-01 19:34:47,2,16.4659118606961
2024-01-01 19:36:23,2,11.544766587424647
2024-01-01 19:38:05,2,10.576822397575992
2024-01-01 19:38:47,2,14.646504644262608
2024-01-01 19:40:36,2,12.996304857793683
2024-01-01 19:41:30,2,25.354953810133892
2024-01-01 19:43:08,2,29.092200176515192
2024-01-01 19:43:29,2,13.600588972752591
2024-01-01 19:44:56,2,18.658478442855035
2024-01-01 19:45:40,2,27.85068991231239
2024-01-01 19:46:40,2,28.266694050388384
2024-01-01 19:47:52,2,22.825886417529453
2024-01-01 19:49:26,2,23.019377211412454
2024-01-01 19:51:11,2,7.925532975294654
2024-01-01 19:52:39,2,22.158916367006178
2024-01-01 19:53:58,2,20.240404120733547
2024-01-01 19:54:27,2,19.58189181281155
2024-01-01 19:55:54,2,15.684045283466293
2024-01-01 19:57:26,2,16.89990986170163
2024-01-01 19:58:34,2,17.362965638050202
2024-01-01 20:00:17,2,65.23766232597781
2024-01-01 20:01:58,2,61.386202199367666
2024-01-01 20:03:34,2,45.59305472077765
2024-01-01 20:05:14,2,55.79083704728928
2024-01-01 20:06:20,2,68.91423353536243
2024-01-01 20:07:31,2,55.345035652316575
2024-01-01 20:07:47,2,45.42631963830613
2024-01-01 20:08:15,2,46.82160802338646
2024-01-01 20:08:33,2,55.17930352584118
2024-01-01 20:09:32,2,50.83122782942011
2024-01-01 20:11:01,2,72.09342531745752
2024-01-01 20:11:22,2,61.512695679773536
2024-01-01 20:11:41,2,36.629113628521374
2024-01-01 20:12:38,2,37.82817514192925
2024-01-01 20:13:31,2,53.69160124993123
2024-01-01 20:15:05,2,76.06910018451268
2024-01-01 20:16:48,2,56.700474049871204
2024-01-01 20:17:05,2,54.76606262747283
2024-01-01 20:17:24,2,48.22284587614058
2024-01-01 20:18:27,2,51.64505040971657
2024-01-01 20:19:54,2,60.206464247290675
2024-01-01 20:20:26,2,53.32341017370896
2024-01-01 20:21:37,2,61.68340058719291
2024-01-01 20:22:01,2,38.1475629389181
2024-01-01 20:23:03,2,60.963674824173594
2024-01-01 20:24:32,2,62.689414500911305
2024-01-01 20:24:57,2,59.24493686431472
2024-01-01 20:25:19,2,50.79038382931539
2024-01-01 20:27:16,2,58.097267791360025
2024-01-01 20:28:02,2,20.37875995915766
2024-01-01 20:28:54,2,24.831947059272192
2024-01-01 20:29:51,2,14.311316476575795
2024-01-01 20:31:19,2,14.98010056696388
2024-01-01 20:33:04,2,12.492581215115214
2024-01-01 20:34:52,2,13.72753268630973
2024-01-01 20:36:18,2,15.98467065981639
2024-01-01 20:37:27,2,12.057322730194496
2024-01-01 20:37:54,2,27.944100268918973
2024-01-01 20:38:13,2,23.42611131830816
2024-01-01 20:39:22,2,18.192775843921588
2024-01-01 20:39:54,2,18.64874102613401
2024-01-01 20:41:38,2,25.763342222105525
2024-01-01 20:42:29,2,20.88129900985683
2024-01-01 20:44:27,2,17.002302392848822
2024-01-01 20:45:45,2,22.528808762354718
2024-01-01 20:46:06,2,12.805507293562526
2024-01-01 20:47:22,2,34.634576274782304
2024-01-01 20:48:30,2,68.00808029897195
2024-01-01 20:48:47,2,38.892965838925036
2024-01-01 20:50:30,2,58.26852406698515
2024-01-01 20:52:13,2,62.47444971427056
2024-01-01 20:53:27,2,57.978761910238454
2024-01-01 20:54:14,2,54.097928249921644
2024-01-01 20:55:22,2,59.94624639574286
2024-01-01 20:57:01,2,56.396516742158965
2024-01-01 20:57:27,2,55.6502463118878
2024-01-01 20:58:44,2,56.415321321497
2024-01-01 20:59:45,2,71.73526841717593
2024-01-01 21:00:04,2,57.812304922186044
2024-01-01 21:00:39,2,69.89599409447649
2024-01-01 21:01:43,2,52.86323231130138
2024-01-01 21:02:10,2,34.79182415414053
2024-01-01 21:04:03,2,42.09057780506776
2024-01-01 21:05:21,2,50.93025633626629
2024-01-01 21:06:44,2,72.3966525197045
2024-01-01 21:06:56,2,55.8528406873324
2024-01-01 21:08:49,2,12.427338424959691
2024-01-01 21:09:00,2,9.303974239136
2024-01-01 21:09:51,2,17.939782235200344
2024-01-01 21:10:45,2,12.396161746518752
2024-01-01 21:11:36,2,12.47083127703571
2024-01-01 21:12:19,2,14.133968978189214
2024-01-01 21:12:46,2,12.38628613859266
2024-01-01 21:14:34,2,14.674325051743846
2024-01-01 21:16:04,2,13.580730034754986
2024-01-01 21:17:53,2,16.180433339604992
2024-01-01 21:18:07,2,68.71159553538192
2024-01-01 21:18:53,2,71.480027900567
2024-01-01 21:20:32,2,61.752972093774495
2024-01-01 21:20:54,2,56.403151023739326
2024-01-01 21:21:51,2,51.04553461209726
2024-01-01 21:22:56,2,50.87320479051425
2024-01-01 21:23:39,2,57.28976139191936
2024-01-01 21:24:01,2,54.81135104196115
2024-01-01 21:25:19,2,53.84458531034839
2024-01-01 21:26:31,2,67.69232906920227
2024-01-01 21:27:32,2,54.32241435653384
2024-01-01 21:27:47,2,67.22583808157206
2024-01-01 21:28:23,2,56.46966276212952
2024-01-01 21:29:20,2,67.77921289902986
2024-01-01 21:30:36,2,28.60484750865119
2024-01-01 21:31:00,2,56.69867060395868
2024-01-01 21:32:20,2,29.547504503634634
2024-01-01 21:34:19,2,19.624922872883726
2024-01-01 21:35:35,2,19.93293114952596
2024-01-01 21:36:53,2,24.796487996824027
2024-01-01 21:37:35,2,16.375525926798876
2024-01-01 21:39:26,2,17.667192257277716
2024-01-01 21:40:58,2,20.81638277288239
2024-01-01 21:42:53,2,24.06852940009368
2024-01-01 21:43:35,2,17.027602032257754
2024-01-01 21:44:27,2,24.458391806794708
2024-01-01 21:45:46,2,15.305523855070156
2024-01-01 21:45:58,2,16.268938842489305
2024-01-01 21:46:35,2,19.884423516494664
2024-01-01 21:48:20,2,12.79093315997701
2024-01-01 21:48:50,2,12.29895157738834
2024-01-01 21:50:49,2,18.213259432276615
2024-01-01 21:51:58,2,19.280981230965246
2024-01-01 21:53:38,2,37.75903638406821
2024-01-01 21:55:22,2,52.0886811125597
2024-01-01 21:56:01,2,58.86553225235714
2024-01-01 21:57:40,2,48.38974945372506
2024-01-01 21:59:18,2,49.85061293566727
2024-01-01 22:01:11,2,53.65934750363624
2024-01-01 22:01:35,2,44.26539255297305
2024-01-01 22:02:43,2,65.21635213827608
2024-01-01 22:04:12,2,69.36368034243753
2024-01-01 22:04:38,2,54.58119945034931
2024-01-01 22:04:52,2,54.06337675110722
2024-01-01 22:06:10,2,50.49746612221728
2024-01-01 22:06:45,2,47.43995980543395
2024-01-01 22:08:06,2,75.86375417551352
2024-01-01 22:09:10,2,57.78912365081943
2024-01-01 22:10:37,2,45.71780032651982
2024-01-01 22:12:26,2,67.43428278102925
2024-01-01 22:13:23,2,50.77928114910304
2024-01-01 22:14:42,2,55.364999318261596
2024-01-01 22:16:11,2,61.35329195216206
2024-01-01 22:17:22,2,53.823326978071464
2024-01-01 22:18:19,2,59.746334855667925
2024-01-01 22:19:46,2,62.0759182197462
2024-01-01 22:19:59,2,51.36106210491077
2024-01-01 22:21:48,2,24.07740296817316
2024-01-01 22:23:46,2,30.347037070043122
2024-01-01 22:25:15,2,12.516135282724084
2024-01-01 22:26:21,2,18.153785818418463
2024-01-01 22:27:46,2,16.19855401960186
2024-01-01 22:28:31,2,13.92330945081179
2024-01-01 22:30:21,2,11.825282856646501
2024-01-01 22:30:56,2,16.72990130491512
2024-01-01 22:32:13,2,22.70510457687108
2024-01-01 22:33:00,2,22.470387436188094
2024-01-01 22:33:33,2,18.60836718347286
2024-01-01 22:34:38,2,17.23968359169375
2024-01-01 22:35:39,2,20.36044175315316
2024-01-01 22:37:14,2,17.894494116038462
2024-01-01 22:38:44,2,19.37126469277726
2024-01-01 22:39:00,2,16.63091296681769
2024-01-01 22:39:56,2,21.476613022166276
2024-01-01 22:40:48,2,16.26354630923321
2024-01-01 22:42:30,2,13.196353680961622
2024-01-01 22:43:49,2,27.907621335413346
2024-01-01 22:45:31,2,15.777612334044864
2024-01-01 22:45:49,2,20.86222653077551
2024-01-01 22:46:51,2,19.985233349412
2024-01-01 22:47:51,2,22.22925592234502
2024-01-01 22:48:01,2,16.289267184382698
2024-01-01 22:49:03,2,16.41958519438513
2024-01-01 22:49:20,2,19.57169341565715
2024-01-01 22:50:11,2,16.524863239429212
2024-01-01 22:50:44,2,24.032937099021044
2024-01-01 22:51:53,2,24.94332260051241
2024-01-01 22:52:34,2,18.711889562552333
2024-01-01 22:54:15,2,22.08110936278596
2024-01-01 22:56:14,2,12.707158608717386
2024-01-01 22:58:12,2,8.624963062640319
2024-01-01 22:59:51,2,66.79988529689787
2024-01-01 23:01:12,2,60.4894937661136
2024-01-01 23:02:32,2,65.41793895315199
2024-01-01 23:04:06,2,62.82027387574128
2024-01-01 23:05:41,2,45.883826978460974
2024-01-01 23:07:33,2,46.03333505666618
2024-01-01 23:08:30,2,24.68806167509911
2024-01-01 23:10:02,2,43.6582885472221
2024-01-01 23:10:39,2,65.29180436127967
2024-01-01 23:11:51,2,13.674951784945787
2024-01-01 23:13:26,2,15.41326713530361
2024-01-01 23:13:56,2,14.054363112263292
2024-01-01 23:14:59,2,18.922863137491465
2024-01-01 23:15:57,2,14.13728944078882
2024-01-01 23:16:09,2,17.710180001658486
2024-01-01 23:17:52,2,22.03630528167821
2024-01-01 23:19:12,2,18.16608281506574
2024-01-01 23:19:53,2,21.881142523620532
2024-01-01 23:21:00,2,15.580332775243836
2024-01-01 23:21:14,2,20.972630634839806
2024-01-01 23:22:38,2,13.401865307812214
2024-01-01 23:23:32,2,13.669394748829191
2024-01-01 23:24:35,2,20.536564249458436
2024-01-01 23:26:34,2,16.230481224934785
2024-01-01 23:28:07,2,56.76104976030908
2024-01-01 23:30:01,2,44.21311199049442
2024-01-01 23:30:24,2,56.84954802180433
2024-01-01 23:31:25,2,57.72267098802573
2024-01-01 23:33:00,2,57.056093121429655
2024-01-01 23:33:31,2,35.24861734336612
2024-01-01 23:34:40,2,46.54996149752279
2024-01-01 23:34:59,2,64.4814295047205
2024-01-01 23:36:29,2,51.94045568468408
2024-01-01 23:37:11,2,67.88880002051845
2024-01-01 23:37:41,2,43.89412641309957
2024-01-01 23:38:26,2,54.04658908803317
2024-01-01 23:38:39,2,72.30321814857169
2024-01-01 23:38:57,2,64.9404443771799
2024-01-01 23:40:15,2,64.67065569960883
2024-01-01 23:42:13,2,49.59046096520267
2024-01-01 23:43:34,2,33.36196998650971
2024-01-01 23:44:31,2,16.87253288332682
2024-01-01 23:46:22,2,19.477558457951694
2024-01-01 23:46:36,2,16.19861576561512
2024-01-01 23:47:30,2,21.11265671968597
2024-01-01 23:48:46,2,24.144282751002798
2024-01-01 23:49:30,2,20.305390161482176
2024-01-01 23:51:00,2,52.35644166796533
2024-01-01 23:51:29,2,47.257961816470996
2024-01-01 23:53:06,2,46.6739575095725
2024-01-01 23:54:47,2,60.29837896065064
2024-01-01 23:56:05,2,41.36208511592143
2024-01-01 23:58:01,2,58.94205840961252
2024-01-01 23:58:49,2,77.79416736851363
2024-01-02 00:00:20,2,48.04510710902592
2024-01-02 00:01:23,2,62.53417473421093
2024-01-02 00:02:09,2,55.99826315099768
2024-01-02 00:04:08,2,46.29378976874115
2024-01-02 00:05:07,2,54.23143809952945
2024-01-02 00:06:21,2,46.99664593834696
2024-01-02 00:07:01,2,50.01012744020888
2024-01-02 00:07:53,2,46.98137823161918
2024-01-02 00:09:23,2,55.61086172598313
2024-01-02 00:10:53,2,47.96643540262974
2024-01-02 00:11:31,2,47.303442238301336
2024-01-02 00:12:28,2,46.035633247184016
2024-01-02 00:14:23,2,47.89601976330809
2024-01-02 00:14:45,2,61.109643442466435
2024-01-02 00:16:25,2,18.767995676270832
2024-01-02 00:17:27,2,20.00241067105058
2024-01-02 00:17:38,2,17.851625288338678
2024-01-02 00:18:44,2,14.405229105723675
2024-01-02 00:19:26,2,14.427314695109754
2024-01-02 00:20:48,2,14.5464603703554
2024-01-02 00:22:30,2,18.825976704762283
2024-01-02 00:24:15,2,15.390493126564149
2024-01-02 00:25:24,2,20.195291456601517
2024-01-02 00:27:00,2,24.361334599573038
2024-01-02 00:27:28,2,17.04468809265041
2024-01-02 00:28:44,2,20.179963865320985
2024-01-02 00:28:58,2,17.042323386312333
2024-01-02 00:29:49,2,25.46280579166025
2024-01-02 00:30:56,2,18.186219812375114
2024-01-02 00:31:13,2,21.879973982645552
2024-01-02 00:32:53,2,11.955431923363678
2024-01-02 00:33:35,2,17.814168393951345
2024-01-02 00:33:59,2,24.12624502488358
2024-01-02 00:34:19,2,21.235645450711726
2024-01-02 00:34:50,2,12.930740515270239
2024-01-02 00:35:46,2,19.815021424030384
2024-01-02 00:36:36,2,37.78922479039531
2024-01-02 00:37:03,2,47.8814069549423
2024-01-02 00:37:39,2,53.69894466153617
2024-01-02 00:38:56,2,66.76533253787765
2024-01-02 00:40:19,2,49.16277866437399
2024-01-02 00:41:34,2,58.78502148917521
2024-01-02 00:43:04,2,49.106094051495575
2024-01-02 00:44:55,2,47.65189102465809
2024-01-02 00:45:25,2,41.00771740775369
2024-01-02 00:46:36,2,55.43476301034899
2024-01-02 00:47:09,2,63.90175542720475
2024-01-02 00:47:52,2,32.61711658891956
2024-01-02 00:49:20,2,53.45558130741228
2024-01-02 00:50:19,2,55.3394097743573
2024-01-02 00:51:13,2,54.67170572756022
2024-01-02 00:52:50,2,43.45960120678953
2024-01-02 00:53:26,2,33.119569955900005
2024-01-02 00:54:40,2,20.30911487918205
2024-01-02 00:55:51,2,21.919234701556924
2024-01-02 00:56:24,2,14.222505584330253
2024-01-02 00:57:21,2,17.49006672703161
2024-01-02 00:59:11,2,22.7577868886525
2024-01-02 01:00:46,2,9.532504545824636
2024-01-02 01:02:03,2,20.42679953776595
2024-01-02 01:03:31,2,13.754475745048882
2024-01-02 01:04:25,2,17.77997227529087
2024-01-02 01:05:24,2,16.297439776444115
2024-01-02 01:07:01,2,13.961747211266175
2024-01-02 01:07:16,2,16.042150113219805
2024-01-02 01:08:00,2,11.435157350263635
2024-01-02 01:08:32,2,19.96987612932201
2024-01-02 01:09:57,2,18.54391681926983
2024-01-02 01:11:36,2,10.306013114205001
2024-01-02 01:12:38,2,23.508689308931046
2024-01-02 01:13:08,2,20.45996743418248
2024-01-02 01:13:53,2,21.559787333586325
2024-01-02 01:15:35,2,13.154744742312085
2024-01-02 01:16:54,2,12.511945088621367
2024-01-02 01:17:24,2,16.191859453137273
2024-01-02 01:17:35,2,18.065901304433446
2024-01-02 01:18:34,2,14.156408697408173
2024-01-02 01:18:56,2,54.555570281387105
2024-01-02 01:20:41,2,60.45850497833594
2024-01-02 01:22:08,2,49.42805557061278
2024-01-02 01:23:24,2,51.78736330739924
2024-01-02 01:23:46,2,65.95943583457947
2024-01-02 01:24:21,2,47.578631574652384
2024-01-02 01:24:33,2,55.53887421891022
2024-01-02 01:25:33,2,64.38477055086042
2024-01-02 01:27:29,2,41.88067845115921
2024-01-02 01:27:45,2,50.56388773225398
2024-01-02 01:28:46,2,61.23501640920522
2024-01-02 01:29:09,2,57.60374668509461
2024-01-02 01:30:44,2,54.99930145245871
2024-01-02 01:32:43,2,66.21676319314369
2024-01-02 01:33:10,2,61.23097083649424
2024-01-02 01:35:03,2,43.09691210533735
2024-01-02 01:36:10,2,52.85462335482036
2024-01-02 01:37:44,2,18.989148955404822
2024-01-02 01:38:44,2,47.288650327663724
2024-01-02 01:39:04,2,49.67366147222652
2024-01-02 01:39:57,2,52.8488619982951
2024-01-02 01:40:56,2,70.42276627661302
2024-01-02 01:41:10,2,47.88963229544849
2024-01-02 01:42:47,2,49.95085157705772
2024-01-02 01:44:40,2,49.392055307600245
2024-01-02 01:45:49,2,49.71938886974262
2024-01-02 01:47:38,2,59.0968534374655
2024-01-02 01:49:35,2,15.015032057895338
2024-01-02 01:50:48,2,21.091802831298324
2024-01-02 01:52:24,2,25.27800239628649
2024-01-02 01:53:46,2,12.342971949324813
2024-01-02 01:54:37,2,22.436911820705667
2024-01-02 01:56:04,2,14.191198146586771
2024-01-02 01:57:52,2,16.50151971667843
2024-01-02 01:59:08,2,13.470899102885788
2024-01-02 01:59:18,2,13.94223228261868
2024-01-02 01:59:36,2,16.76332018051791
2024-01-02 02:00:40,2,58.33230534990022
2024-01-02 02:01:09,2,53.275906260055216
2024-01-02 02:03:05,2,37.66186407753336
2024-01-02 02:03:48,2,52.00484962452522
2024-01-02 02:04:16,2,42.64296977950591
2024-01-02 02:05:36,2,77.01390712287935
2024-01-02 02:07:28,2,34.37821895251853
2024-01-02 02:09:17,2,42.14400885947228
2024-01-02 02:10:24,2,38.84153529033168
2024-01-02 02:10:53,2,55.68893616722855
2024-01-02 02:11:22,2,62.12189918503277
2024-01-02 02:13:16,2,50.95842840520697
2024-01-02 02:13:34,2,55.01794872878107
2024-01-02 02:15:07,2,51.55338714037982
2024-01-02 02:16:01,2,55.12365095136533
2024-01-02 02:16:19,2,82.10331644334893
2024-01-02 02:16:29,2,60.198710181019116
2024-01-02 02:16:43,2,62.09410980586605
2024-01-02 02:18:10,2,53.594465144975686
2024-01-02 02:19:32,2,51.53415418381181
2024-01-02 02:20:59,2,52.183526177450695
2024-01-02 02:22:37,2,69.19035611367264
2024-01-02 02:22:53,2,57.93352036322983
2024-01-02 02:24:48,2,52.71172694143359
2024-01-02 02:25:54,2,18.221498306976386
2024-01-02 02:26:39,2,21.391434353535875
2024-01-02 02:27:59,2,16.14538244425099
2024-01-02 02:29:15,2,22.32367966525054
2024-01-02 02:30:57,2,11.446299698758747
2024-01-02 02:31:22,2,8.550156005438257
2024-01-02 02:32:36,2,24.93676181005864
2024-01-02 02:33:41,2,21.645179927863598
2024-01-02 02:34:12,2,25.696412471724116
2024-01-02 02:36:11,2,15.084989852717747
2024-01-02 02:37:24,2,23.958968586947737
2024-01-02 02:38:24,2,24.068184958583824
2024-01-02 02:39:36,2,16.28736480856303
2024-01-02 02:40:50,2,19.076152158232166
2024-01-02 02:41:56,2,14.365905264723654
2024-01-02 02:43:16,2,26.569629002134967
2024-01-02 02:44:11,2,19.001309357682537
2024-01-02 02:44:58,2,7.521233434520012
2024-01-02 02:46:17,2,16.93387940546371
2024-01-02 02:46:59,2,22.183178739506562
2024-01-02 02:47:45,2,24.646191247016148
2024-01-02 02:49:11,2,14.481512269023284
2024-01-02 02:50:17,2,21.204753041666986
2024-01-02 02:50:58,2,17.86656509352732
2024-01-02 02:52:39,2,9.3949784441451
2024-01-02 02:53:21,2,24.261996898143792
2024-01-02 02:55:12,2,19.449028709991968
2024-01-02 02:56:30,2,13.684729768275087
2024-01-02 02:57:10,2,25.10492676915024
2024-01-02 02:58:22,2,14.833779201979059
2024-01-02 02:59:27,2,14.99352858482417
2024-01-02 03:00:04,2,10.842068701423075
2024-01-02 03:01:58,2,58.749762464630315
2024-01-02 03:02:16,2,44.840403368054325
2024-01-02 03:03:22,2,51.32644191231752
2024-01-02 03:04:03,2,65.85982894445326
2024-01-02 03:05:06,2,51.58353304351604
2024-01-02 03:05:31,2,36.42978290457608
2024-01-02 03:06:03,2,66.4102027623928
2024-01-02 03:06:29,2,58.6261006061518
2024-01-02 03:07:08,2,49.68879061671078
2024-01-02 03:08:15,2,38.19104917253509
2024-01-02 03:09:49,2,50.00160402598336
2024-01-02 03:10:38,2,29.182764745223523
2024-01-02 03:12:18,2,19.786334317662778
2024-01-02 03:12:55,2,23.2687450273922
2024-01-02 03:13:40,2,21.56238517308402
2024-01-02 03:14:22,2,24.454778231374995
2024-01-02 03:16:00,2,15.43850713464635
2024-01-02 03:16:48,2,12.838011751834106
2024-01-02 03:17:29,2,61.072716154076986
2024-01-02 03:17:51,2,44.9937062751676
2024-01-02 03:18:53,2,46.44904525590795
2024-01-02 03:20:10,2,55.87328703921649
2024-01-02 03:20:21,2,37.4215655060069
2024-01-02 03:22:04,2,44.70637310011362
2024-01-02 03:23:37,2,70.75137321087911
2024-01-02 03:25:32,2,50.41123154975003
2024-01-02 03:26:55,2,44.82415222786624
2024-01-02 03:28:05,2,60.82174238990585
2024-01-02 03:29:37,2,61.01910606160404
2024-01-02 03:31:35,2,61.70122358888075
2024-01-02 03:32:58,2,62.116640860743736
2024-01-02 03:34:13,2,61.3015458646825
2024-01-02 03:35:28,2,70.01485815573996
2024-01-02 03:36:38,2,44.5147531043181
2024-01-02 03:38:01,2,42.390846505149945
2024-01-02 03:38:53,2,61.5402386056287
2024-01-02 03:40:40,2,59.76938968542047
2024-01-02 03:41:24,2,39.85384094804216
2024-01-02 03:43:00,2,10.219882093997906
2024-01-02 03:43:28,2,9.938451320102917
2024-01-02 03:44:16,2,22.430690767470658
2024-01-02 03:45:13,2,28.129835329175663
2024-01-02 03:46:26,2,16.799711722457356
2024-01-02 03:47:10,2,24.652161721894082
2024-01-02 03:47:36,2,17.39706405763265
2024-01-02 03:48:09,2,10.123483605314233
2024-01-02 03:48:57,2,15.96476728389227
2024-01-02 03:49:42,2,18.91658772998207
2024-01-02 03:51:14,2,19.51255854674037
2024-01-02 03:52:36,2,15.416266189696913
2024-01-02 03:53:42,2,17.2383579777282
2024-01-02 03:53:55,2,15.4265037852702
2024-01-02 03:54:35,2,54.888813681744594
2024-01-02 03:55:40,2,51.30872726927506
2024-01-02 03:57:23,2,52.59699194851752
2024-01-02 03:57:42,2,48.1088820227821
2024-01-02 03:59:36,2,59.67690103858885
2024-01-02 03:59:58,2,58.00749017180795
2024-01-02 04:00:29,2,62.6759007694996
2024-01-02 04:02:14,2,42.43434664054565
2024-01-02 04:04:10,2,67.89203051406874
2024-01-02 04:05:28,2,60.253074625021505
2024-01-02 04:05:45,2,37.536275203763196
2024-01-02 04:06:32,2,58.13723182896907
2024-01-02 04:07:53,2,40.15395208080347
2024-01-02 04:08:45,2,41.655459188470836
2024-01-02 04:09:29,2,60.94583804775557
2024-01-02 04:10:17,2,53.25352054318372
2024-01-02 04:10:31,2,68.60168130828013
2024-01-02 04:11:35,2,61.90255929122803
2024-01-02 04:12:18,2,30.042926162175352
2024-01-02 04:14:16,2,59.753161358948525
2024-01-02 04:15:48,2,50.37896044415344
2024-01-02 04:16:14,2,72.36115949895031
2024-01-02 04:17:18,2,57.81445055721893
2024-01-02 04:18:20,2,70.53827823160428
2024-01-02 04:19:14,2,63.316154598715805
2024-01-02 04:19:36,2,59.99362246436911
2024-01-02 04:20:05,2,51.60285148357095
2024-01-02 04:21:20,2,16.73825480856377
2024-01-02 04:22:24,2,14.801055545052334
2024-01-02 04:23:07,2,24.76019682987163
2024-01-02 04:24:35,2,28.49703760251255
2024-01-02 04:26:19,2,55.3491246882623
2024-01-02 04:26:48,2,53.5712177720871
2024-01-02 04:27:59,2,47.883384614236945
2024-01-02 04:29:00,2,48.029552986405776
2024-01-02 04:29:41,2,65.30249693969567
2024-01-02 04:31:40,2,51.19963153710646
2024-01-02 04:32:41,2,68.38777970421063
2024-01-02 04:33:07,2,37.39737499419991
2024-01-02 04:34:05,2,57.41081918968858
2024-01-02 04:34:37,2,37.713210404194434
2024-01-02 04:36:24,2,29.226549770056568
2024-01-02 04:37:35,2,51.856780887794976
2024-01-02 04:38:38,2,33.771071963102315
2024-01-02 04:39:10,2,52.662719417778554
2024-01-02 04:41:04,2,65.9694695777037
2024-01-02 04:41:59,2,69.41529981722884
2024-01-02 04:43:29,2,37.5764739048159
2024-01-02 04:43:53,2,59.539431597570186
2024-01-02 04:45:20,2,22.035457368644224
2024-01-02 04:46:39,2,12.090102958623497
2024-01-02 04:47:09,2,19.62379119766771
2024-01-02 04:47:31,2,20.902838435178076
2024-01-02 04:48:46,2,26.194802637999167
2024-01-02 04:50:06,2,22.54011331268096
2024-01-02 04:51:11,2,15.208675620971757
2024-01-02 04:51:24,2,17.75951288478671
2024-01-02 04:53:01,2,26.26456525615211
2024-01-02 04:54:40,2,28.388887925992222
2024-01-02 04:54:57,2,26.220483889262304
2024-01-02 04:56:24,2,11.261065123937454
2024-01-02 04:57:23,2,16.43581763474239
2024-01-02 04:57:50,2,23.154596691834534
2024-01-02 04:58:52,2,10.792989063122883
2024-01-02 04:59:17,2,15.79320604242574
2024-01-02 05:00:39,2,28.604967829225547
2024-01-02 05:01:00,2,22.889237823271657
2024-01-02 05:01:31,2,16.901989528872132
2024-01-02 05:01:41,2,12.959350216115752
2024-01-02 05:01:58,2,12.290290904193443
2024-01-02 05:03:20,2,18.299526283982193
2024-01-02 05:05:03,2,27.62813063730972
2024-01-02 05:05:52,2,12.483746472648301
2024-01-02 05:06:40,2,20.307661681503248
2024-01-02 05:07:28,2,16.52733780753094
2024-01-02 05:08:28,2,17.809502086630193
2024-01-02 05:08:50,2,16.798454659275826
2024-01-02 05:10:04,2,54.19488482497425
2024-01-02 05:11:06,2,46.46559079931957
2024-01-02 05:12:40,2,43.240864843303726
2024-01-02 05:13:39,2,62.70501018392101
2024-01-02 05:14:39,2,41.65918699175127
2024-01-02 05:15:39,2,59.53315387314024
2024-01-02 05:17:34,2,60.11010278770317
2024-01-02 05:18:55,2,54.196993977960595
2024-01-02 05:19:15,2,68.2542351569376
2024-01-02 05:20:49,2,63.390848424274864
2024-01-02 05:21:50,2,56.83012928311482
2024-01-02 05:23:16,2,13.042364794476839
2024-01-02 05:24:27,2,10.484765703212597
2024-01-02 05:25:09,2,22.97846877185181
2024-01-02 05:26:37,2,27.05151305002081
2024-01-02 05:27:36,2,19.99634703807088
2024-01-02 05:29:33,2,24.692898218588486
2024-01-02 05:30:29,2,9.19919425886663
2024-01-02 05:30:44,2,16.80397991302373
2024-01-02 05:31:58,2,48.49173975005661
2024-01-02 05:32:51,2,55.474745043763285
2024-01-02 05:34:47,2,37.20257025838757
2024-01-02 05:35:32,2,55.78101201084327
2024-01-02 05:35:50,2,72.7851543626518
2024-01-02 05:37:23,2,50.95562147524544
2024-01-02 05:38:13,2,57.5234919368082
2024-01-02 05:39:28,2,44.49562371244033
2024-01-02 05:40:21,2,63.461184692959336
2024-01-02 05:42:16,2,57.27612626545002
2024-01-02 05:43:21,2,20.89142959605799
2024-01-02 05:44:00,2,23.76751424890772
2024-01-02 05:45:46,2,23.8128683409392
2024-01-02 05:46:06,2,17.81555523465548
2024-01-02 05:48:00,2,15.078524851597594
2024-01-02 05:48:21,2,12.212921048922832
2024-01-02 05:49:39,2,8.09581764538683
2024-01-02 05:51:33,2,29.616334922273637
2024-01-02 05:53:28,2,16.144716425998073
2024-01-02 05:55:09,2,17.959979837553703
2024-01-02 05:55:44,2,18.45069830036664
2024-01-02 05:57:10,2,13.965194729914765
2024-01-02 05:57:49,2,20.560642433471397
2024-01-02 05:59:25,2,17.088015063087216
2024-01-02 06:01:13,2,28.124344702479235
2024-01-02 06:01:39,2,22.395070772785036
2024-01-02 06:03:10,2,45.53509204011572
2024-01-02 06:04:49,2,38.15923745371586
2024-01-02 06:06:23,2,48.127974761515354
2024-01-02 06:07:20,2,56.002897225070384
2024-01-02 06:09:16,2,52.8604457081245
2024-01-02 06:09:49,2,39.69720864070212
2024-01-02 06:10:31,2,53.775640102526026
2024-01-02 06:11:03,2,68.37992371487148
2024-01-02 06:12:30,2,51.560966202338115
2024-01-02 06:13:57,2,68.94022595943368
2024-01-02 06:15:06,2,51.22869396222431
2024-01-02 06:16:58,2,59.65081849142759
2024-01-02 06:17:25,2,36.73238006006426
2024-01-02 06:19:08,2,39.24678207162518
2024-01-02 06:19:47,2,67.2241166516633
2024-01-02 06:19:58,2,47.840500326065026
2024-01-02 06:20:37,2,22.710379705497502
2024-01-02 06:21:24,2,17.76718449346967
2024-01-02 06:22:09,2,20.449586545362557
2024-01-02 06:23:56,2,34.04384303354014
2024-01-02 06:25:10,2,13.94909098470216
2024-01-02 06:26:37,2,14.233981092045147
2024-01-02 06:28:28,2,17.432039191490176
2024-01-02 06:29:17,2,22.381065371361732
2024-01-02 06:29:45,2,19.541821563159427
2024-01-02 06:31:38,2,15.020221619371705
2024-01-02 06:32:15,2,8.266178135858572
2024-01-02 06:33:02,2,11.459055350898469
2024-01-02 06:34:59,2,19.133182087410493
2024-01-02 06:35:55,2,20.04150240952282
2024-01-02 06:37:30,2,22.583352378386135
2024-01-02 06:38:00,2,56.07699449106619
2024-01-02 06:38:27,2,64.9821765597173
2024-01-02 06:38:57,2,48.614979757227914
2024-01-02 06:40:20,2,55.64538063009722
2024-01-02 06:41:20,2,77.06468979884673
2024-01-02 06:41:53,2,55.79649582613925
2024-01-02 06:43:38,2,40.014210027730094
2024-01-02 06:44:21,2,71.1903156939018
2024-01-02 06:45:45,2,50.26878495390644
2024-01-02 06:47:20,2,47.88693320001123
2024-01-02 06:48:12,2,44.22279254208398
2024-01-02 06:49:08,2,58.431585541974165
2024-01-02 06:51:00,2,48.16766957222312
2024-01-02 06:52:17,2,62.41808741477769
2024-01-02 06:52:50,2,57.383464657176496
2024-01-02 06:53:27,2,41.43342172553895
2024-01-02 06:54:02,2,59.1956934331535
2024-01-02 06:54:17,2,44.92675374670578
2024-01-02 06:55:01,2,53.40674364116397
2024-01-02 06:56:24,2,37.25768708664237
2024-01-02 06:58:07,2,14.707769807391415
2024-01-02 06:59:49,2,13.31462859926016
2024-01-02 07:00:41,2,10.637296286216017
2024-01-02 07:01:35,2,13.525033272721595
2024-01-02 07:03:02,2,16.767144728702128
2024-01-02 07:03:35,2,21.675660565270455
2024-01-02 07:04:10,2,24.520332316744184
2024-01-02 07:06:01,2,12.764250861100212
2024-01-02 07:06:16,2,22.57038582112017
2024-01-02 07:06:52,2,13.064769105318423
2024-01-02 07:07:47,2,9.82160515499889
2024-01-02 07:08:25,2,16.654322242043786
2024-01-02 07:10:23,2,34.88691459541323
2024-01-02 07:11:45,2,61.76507476439975
2024-01-02 07:12:48,2,58.333503003181384
2024-01-02 07:14:41,2,56.477990455120384
2024-01-02 07:15:23,2,75.09491591645575
2024-01-02 07:16:18,2,44.563406499729496
2024-01-02 07:17:23,2,44.63891136108005
2024-01-02 07:18:26,2,61.488838756904926
2024-01-02 07:20:05,2,53.1080981872492
2024-01-02 07:20:41,2,54.13662141753273
2024-01-02 07:21:38,2,42.13916450040051
2024-01-02 07:22:38,2,47.51789685037525
2024-01-02 07:22:54,2,47.49279665507187
2024-01-02 07:24:37,2,21.963555088668322
2024-01-02 07:26:33,2,19.968712775714458
2024-01-02 07:26:55,2,20.102373308675915
2024-01-02 07:27:46,2,49.67856109826898
2024-01-02 07:29:26,2,51.11431779508797
2024-01-02 07:30:54,2,71.76597931651666
2024-01-02 07:31:25,2,55.64322006708026
2024-01-02 07:33:18,2,68.18606836013099
2024-01-02 07:34:35,2,59.614183247864624
2024-01-02 07:35:38,2,46.35714738059464
2024-01-02 07:36:47,2,66.35620585491476
2024-01-02 07:38:09,2,39.79537417529114
2024-01-02 07:39:13,2,32.91627810987097
2024-01-02 07:40:42,2,54.41307420337161
2024-01-02 07:41:16,2,53.970933369093345
2024-01-02 07:41:51,2,60.16995809640888
2024-01-02 07:43:19,2,46.32956772478653
2024-01-02 07:44:07,2,42.819635186478905
2024-01-02 07:44:25,2,43.35525684827124
2024-01-02 07:46:22,2,51.25775374957466
2024-01-02 07:46:59,2,59.8969677459316
2024-01-02 07:47:48,2,57.15648151476659
2024-01-02 07:48:59,2,18.965573168450124
2024-01-02 07:49:20,2,23.583170678380714
2024-01-02 07:49:47,2,19.168035121600834
2024-01-02 07:51:38,2,14.794175353015747
2024-01-02 07:52:44,2,16.674675015557103
2024-01-02 07:53:53,2,25.24205835061195
2024-01-02 07:55:26,2,21.42359693944209
2024-01-02 07:56:33,2,13.873540195845678
2024-01-02 07:58:32,2,15.535408625253739
2024-01-02 07:59:43,2,15.01380671970892
2024-01-02 08:00:19,2,19.045717505727744
2024-01-02 08:01:01,2,21.939656262480263
2024-01-02 08:02:29,2,20.306817605400465
2024-01-02 08:03:00,2,23.156902626386653
2024-01-02 08:03:47,2,19.940928978273668
2024-01-02 08:05:36,2,16.308716778764616
2024-01-02 08:06:56,2,24.072540058889018
2024-01-02 08:07:07,2,8.050268650894376
2024-01-02 08:08:37,2,19.66188416759805
2024-01-02 08:10:25,2,19.881774443059456
2024-01-02 08:11:25,2,15.549107459314996
2024-01-02 08:12:32,2,20.14380629440382
2024-01-02 08:14:13,2,21.852317978436133
2024-01-02 08:16:02,2,11.050676295492352
2024-01-02 08:16:20,2,17.40829188063089
2024-01-02 08:17:46,2,17.263829109127787
2024-01-02 08:19:30,2,21.77102995306704
2024-01-02 08:20:26,2,21.71736494714033
2024-01-02 08:20:54,2,19.58062908179862
2024-01-02 08:22:44,2,15.826531476095713
2024-01-02 08:23:21,2,24.364576175525812
2024-01-02 08:24:34,2,16.857075958365822
2024-01-02 08:26:13,2,17.994384198470968
2024-01-02 08:27:42,2,64.92877468188688
2024-01-02 08:29:17,2,59.50997370432614
2024-01-02 08:30:30,2,81.81201551181572
2024-01-02 08:31:26,2,51.18100007173787
2024-01-02 08:32:54,2,49.107462692049324
2024-01-02 08:34:35,2,42.46598281704981
2024-01-02 08:36:29,2,56.63825113499716
2024-01-02 08:37:14,2,58.25821920397843
2024-01-02 08:38:10,2,52.094438602805
2024-01-02 08:38:20,2,43.00741500073073
2024-01-02 08:39:41,2,18.98132986033055
2024-01-02 08:41:16,2,9.62025342726169
2024-01-02 08:42:06,2,19.715646362461534
2024-01-02 08:42:49,2,17.853874102188406
2024-01-02 08:44:12,2,8.17551358511578
2024-01-02 08:45:13,2,23.77445571317697
2024-01-02 08:46:41,2,28.260366557109677
2024-01-02 08:48:20,2,9.470204525546324
2024-01-02 08:48:46,2,28.59620193614475
2024-01-02 08:50:08,2,11.375419902887682
2024-01-02 08:51:31,2,15.10893950890123
2024-01-02 08:52:53,2,19.475704896687084
2024-01-02 08:54:35,2,21.624074881553696
2024-01-02 08:56:16,2,13.957669134473274
2024-01-02 08:57:49,2,18.602655170481363
2024-01-02 08:59:43,2,20.777463636488545
2024-01-02 09:01:35,2,11.301223733519253
2024-01-02 09:02:29,2,15.253648319398652
2024-01-02 09:03:38,2,19.072144652062235
2024-01-02 09:04:43,2,17.14006752295911
2024-01-02 09:06:24,2,17.123083736572415
2024-01-02 09:07:35,2,17.52358747349712
2024-01-02 09:09:27,2,15.67286003370221
2024-01-02 09:10:23,2,19.305626682530715
2024-01-02 09:12:17,2,21.89313682321079
2024-01-02 09:13:31,2,12.388725106035489
2024-01-02 09:14:00,2,13.677866473321401
2024-01-02 09:15:41,2,25.947615180519314
2024-01-02 09:16:55,2,11.012576935847784
2024-01-02 09:17:09,2,24.89245111076365
2024-01-02 09:17:41,2,11.95570567689639
2024-01-02 09:18:14,2,15.170314345537973
2024-01-02 09:18:40,2,20.39070287777904
2024-01-02 09:20:35,2,15.113856371447145
2024-01-02 09:21:40,2,22.990582443580603
2024-01-02 09:23:32,2,19.053425941477393
2024-01-02 09:24:02,2,45.62920750183425
2024-01-02 09:24:40,2,66.67866543274067
2024-01-02 09:26:09,2,59.170953244232464
2024-01-02 09:27:11,2,45.153663129820444
2024-01-02 09:29:10,2,48.853902887348255
2024-01-02 09:30:05,2,54.9815391163588
2024-01-02 09:31:58,2,46.23732650818876
2024-01-02 09:33:18,2,63.47801024129319
2024-01-02 09:34:48,2,37.20124891791833
2024-01-02 09:35:23,2,65.64170702341043
2024-01-02 09:35:34,2,48.1186293784841
2024-01-02 09:35:48,2,79.32636324021755
2024-01-02 09:36:34,2,63.848456542009615
2024-01-02 09:37:44,2,42.881586504568496
2024-01-02 09:38:09,2,52.91028448750671
2024-01-02 09:39:04,2,42.792149163256745
2024-01-02 09:40:48,2,53.09217663007144
2024-01-02 09:41:06,2,35.35301855574458
2024-01-02 09:42:30,2,69.02623198806572
2024-01-02 09:43:25,2,43.46529949368791
2024-01-02 09:44:47,2,66.49028062998293
2024-01-02 09:45:57,2,48.764409447008596
2024-01-02 09:47:10,2,52.663930390171345
2024-01-02 09:49:05,2,57.019990107573214
2024-01-02 09:50:19,2,12.146281112868893
2024-01-02 09:51:28,2,22.0540936186723
2024-01-02 09:51:59,2,16.71672731648851
2024-01-02 09:53:56,2,15.470485298038177
2024-01-02 09:55:12,2,24.331651339781445
2024-01-02 09:55:56,2,21.549663740736186
2024-01-02 09:56:42,2,22.702335038607146
2024-01-02 09:58:40,2,18.933163282563694
2024-01-02 09:59:53,2,14.580755497502118
2024-01-02 10:01:10,2,17.954204807326725
2024-01-02 10:01:28,2,15.708059615731566
2024-01-02 10:02:36,2,18.03010567908346
2024-01-02 10:03:23,2,15.82461379211842
2024-01-02 10:03:35,2,16.44162057117383
2024-01-02 10:04:30,2,18.41306636396656
2024-01-02 10:04:45,2,15.184964242598157
2024-01-02 10:05:46,2,65.9544948450895
2024-01-02 10:07:04,2,54.14914834348979
2024-01-02 10:08:47,2,66.74449932988207
2024-01-02 10:09:43,2,66.87553189781012
2024-01-02 10:10:06,2,54.409841438892805
2024-01-02 10:10:29,2,73.51340119491078
2024-01-02 10:10:43,2,53.790400048671465
2024-01-02 10:11:21,2,45.564299322798384
2024-01-02 10:12:45,2,57.505595069300924
2024-01-02 10:13:30,2,51.24057030667744
2024-01-02 10:14:58,2,33.97505178573855
2024-01-02 10:16:03,2,68.44934276077613
2024-01-02 10:16:29,2,58.40275862751854
2024-01-02 10:17:52,2,14.221904380962304
2024-01-02 10:19:33,2,15.158241796652348
2024-01-02 10:21:18,2,15.073764214275077
2024-01-02 10:22:47,2,13.633825945785087
2024-01-02 10:24:45,2,22.144828047406342
2024-01-02 10:26:04,2,17.382418644542287
2024-01-02 10:27:52,2,13.970948541573673
2024-01-02 10:29:21,2,25.327122104221406
2024-01-02 10:30:38,2,20.662330273339716
2024-01-02 10:31:00,2,15.818684839099856
2024-01-02 10:31:57,2,23.240583796345774
2024-01-02 10:33:51,2,15.961364913656908
2024-01-02 10:34:57,2,16.443895512457235
2024-01-02 10:36:25,2,21.06632772330572
2024-01-02 10:38:16,2,23.68888390334331
2024-01-02 10:39:06,2,23.731830376484154
2024-01-02 10:40:30,2,16.568086649133065
2024-01-02 10:40:52,2,19.09359133070744
2024-01-02 10:42:23,2,17.165926296508033
2024-01-02 10:44:20,2,30.317784660661296
2024-01-02 10:44:43,2,17.45546752430834
2024-01-02 10:44:54,2,14.049914515923959
2024-01-02 10:45:38,2,21.464076051504613
2024-01-02 10:47:24,2,11.849849620389902
2024-01-02 10:48:32,2,15.285662026237315
2024-01-02 10:50:14,2,25.577069076741047
2024-01-02 10:51:38,2,23.73243579366519
2024-01-02 10:53:02,2,15.998709295264138
2024-01-02 10:53:46,2,18.815970123275836
2024-01-02 10:55:42,2,20.54647661821004
2024-01-02 10:56:16,2,14.919643923318382
2024-01-02 10:56:50,2,16.585118615096253
2024-01-02 10:58:13,2,23.263844698057927
2024-01-02 10:58:56,2,19.260974271171435
2024-01-02 10:59:25,2,8.148457093242996
2024-01-02 11:00:49,2,16.704373946835748
2024-01-02 11:01:36,2,16.764884631813654
2024-01-02 11:02:59,2,10.986088539370488
2024-01-02 11:04:29,2,9.228024688596301
2024-01-02 11:06:14,2,51.535517026426255
2024-01-02 11:07:41,2,62.26506064399424
2024-01-02 11:08:48,2,63.3637002925741
2024-01-02 11:09:18,2,47.010651463432005
2024-01-02 11:10:31,2,46.97745333562911
2024-01-02 11:12:15,2,38.93528133203138
2024-01-02 11:13:04,2,39.3012909109984
2024-01-02 11:14:23,2,59.549147510800225
2024-01-02 11:14:37,2,57.02060478676632
2024-01-02 11:15:01,2,50.404318882490585
2024-01-02 11:16:50,2,66.51479594203842
2024-01-02 11:18:11,2,58.30617495602935
2024-01-02 11:18:35,2,64.8994671217863
2024-01-02 11:20:07,2,55.45210767557481
2024-01-02 11:21:13,2,57.64029001395995
2024-01-02 11:22:25,2,44.5219018162177
2024-01-02 11:23:05,2,43.73064637201638
2024-01-02 11:24:41,2,18.702135978058923
2024-01-02 11:25:57,2,20.449549632027907
2024-01-02 11:27:25,2,16.3157351761143
2024-01-02 11:27:55,2,20.55267689225618
2024-01-02 11:28:14,2,57.01738654796044
2024-01-02 11:29:13,2,56.43057288549411
2024-01-02 11:30:29,2,51.12290600056903
2024-01-02 11:32:03,2,46.01118600978419
2024-01-02 11:32:19,2,54.24701405358085
2024-01-02 11:32:47,2,41.14467752616153
2024-01-02 11:34:19,2,54.5198583610161
2024-01-02 11:36:17,2,46.94310006997888
2024-01-02 11:37:43,2,53.405582959819974
2024-01-02 11:39:24,2,62.75323751403566
2024-01-02 11:40:17,2,41.172215089624224
2024-01-02 11:41:50,2,51.79172803329391
2024-01-02 11:43:00,2,60.15894491619539
2024-01-02 11:44:54,2,69.14840662825554
2024-01-02 11:46:51,2,46.258007299858505
2024-01-02 11:47:37,2,40.92951469001054
2024-01-02 11:47:54,2,37.93936919401899
2024-01-02 11:49:40,2,66.07721095982448
2024-01-02 11:51:03,2,60.66602148392725
2024-01-02 11:51:48,2,39.54055818105958
2024-01-02 11:52:31,2,50.14498156514492
2024-01-02 11:53:04,2,52.07073059939857
2024-01-02 11:54:45,2,50.379117393587435
2024-01-02 11:56:36,2,12.066266972441896
2024-01-02 11:57:38,2,21.2202681427811
2024-01-02 11:59:29,2,7.743701474598776
2024-01-02 12:00:22,2,21.741734134468167
2024-01-02 12:02:01,2,26.217620043967457
2024-01-02 12:03:27,2,19.614873709774294
2024-01-02 12:05:24,2,19.595341625758074
2024-01-02 12:07:22,2,3.439328103104419
2024-01-02 12:08:07,2,16.24564788450371
2024-01-02 12:08:39,2,19.19740867880939
2024-01-02 12:10:37,2,16.922604084897422
2024-01-02 12:11:01,2,26.589965278376127
2024-01-02 12:12:01,2,17.2242536170875
2024-01-02 12:13:01,2,18.140450099561544
2024-01-02 12:14:28,2,17.33387623725863
2024-01-02 12:15:08,2,15.942584773785189
2024-01-02 12:16:36,2,16.979864192643788
2024-01-02 12:18:22,2,18.28741377152637
2024-01-02 12:18:41,2,17.515675817515955
2024-01-02 12:19:34,2,20.865642997853254
2024-01-02 12:20:27,2,25.17428189813434
2024-01-02 12:21:27,2,42.07624545894807
2024-01-02 12:21:42,2,62.481405802752754
2024-01-02 12:23:09,2,57.6704447676833
2024-01-02 12:23:24,2,65.32829953944756
2024-01-02 12:24:48,2,52.475721487741005
2024-01-02 12:25:00,2,45.43975037267952
2024-01-02 12:26:39,2,33.77923947580108
2024-01-02 12:28:23,2,42.99641253696652
2024-01-02 12:29:59,2,69.23578202999019
2024-01-02 12:31:18,2,51.35709904107589
2024-01-02 12:32:11,2,75.25091083491952
2024-01-02 12:32:42,2,61.16176085004387
2024-01-02 12:33:07,2,60.56578022075578
2024-01-02 12:33:36,2,50.53004067985519
2024-01-02 12:34:04,2,71.11114982411956
2024-01-02 12:35:01,2,43.542922119845116
2024-01-02 12:36:29,2,59.325486848994366
2024-01-02 12:37:07,2,56.35690175405453
2024-01-02 12:39:06,2,47.688045593726514
2024-01-02 12:39:59,2,54.990551855605844
2024-01-02 12:41:50,2,51.89567421488268
2024-01-02 12:43:25,2,40.6558424115204
2024-01-02 12:44:25,2,59.19715388731325
2024-01-02 12:45:53,2,56.921142670786686
2024-01-02 12:46:12,2,55.9440695340416
2024-01-02 12:48:11,2,18.424327291805522
2024-01-02 12:49:55,2,21.428096871092414
2024-01-02 12:50:20,2,26.81809603875395
2024-01-02 12:50:37,2,22.315438930026236
2024-01-02 12:51:34,2,22.418033929970846
2024-01-02 12:52:45,2,11.169008311655412
2024-01-02 12:53:42,2,12.102362069283522
2024-01-02 12:54:38,2,20.32169327318813
2024-01-02 12:56:02,2,18.60179220741918
2024-01-02 12:56:39,2,8.408634875480093
2024-01-02 12:57:18,2,9.977713670741313
2024-01-02 12:59:00,2,50.88877827314715
2024-01-02 13:00:03,2,59.35211528289602
2024-01-02 13:00:46,2,47.58501750087275
2024-01-02 13:01:48,2,49.86133578469527
2024-01-02 13:02:14,2,63.34866648895948
2024-01-02 13:03:11,2,47.213261487029534
2024-01-02 13:04:55,2,73.52697094852883
2024-01-02 13:05:07,2,53.49531858505018
2024-01-02 13:06:46,2,48.36835409873817
2024-01-02 13:08:22,2,53.34464610352324
2024-01-02 13:09:29,2,62.9449829075631
2024-01-02 13:10:23,2,42.34804927967308
2024-01-02 13:12:03,2,71.27116561672257
2024-01-02 13:13:01,2,64.93253961327193
2024-01-02 13:13:55,2,59.677186169762415
2024-01-02 13:15:11,2,54.5953188859253
2024-01-02 13:15:31,2,50.083859972720646
2024-01-02 13:17:06,2,37.31843088246768
2024-01-02 13:18:22,2,51.99325639556317
2024-01-02 13:19:33,2,17.61417612394368
2024-01-02 13:21:05,2,18.438905999249187
2024-01-02 13:22:31,2,7.217773114974836
2024-01-02 13:23:42,2,16.143713146648032
2024-01-02 13:24:29,2,20.757965070202577
2024-01-02 13:25:17,2,19.513384467114868
2024-01-02 13:25:56,2,23.410929855821653
2024-01-02 13:26:13,2,15.79740359188286
2024-01-02 13:26:30,2,12.384024745623112
2024-01-02 13:27:58,2,28.22827273838577
2024-01-02 13:28:51,2,14.581571424854573
2024-01-02 13:29:16,2,15.700510786723774
2024-01-02 13:29:52,2,21.670531679036245
2024-01-02 13:31:40,2,10.311460957349988
2024-01-02 13:33:39,2,21.260767630898492
2024-01-02 13:34:49,2,19.613161591551528
2024-01-02 13:35:24,2,15.468179654609163
2024-01-02 13:36:25,2,18.644009960604734
2024-01-02 13:36:56,2,10.350378839951919
2024-01-02 13:38:27,2,53.619643781177594
2024-01-02 13:38:45,2,58.78212162643893
2024-01-02 13:39:59,2,46.52730723131206
2024-01-02 13:40:10,2,41.487095973015656
2024-01-02 13:40:21,2,51.998712131718
2024-01-02 13:42:14,2,59.37424485722934
2024-01-02 13:42:44,2,47.494528109969515
2024-01-02 13:44:20,2,55.223505549663656
2024-01-02 13:44:45,2,45.1334097227589
2024-01-02 13:45:34,2,59.940400192124
2024-01-02 13:45:58,2,68.52942047770699
2024-01-02 13:47:10,2,59.764301667171246
2024-01-02 13:48:25,2,53.467394466006944
2024-01-02 13:49:05,2,53.546505776861146
2024-01-02 13:50:09,2,58.47397486434762
2024-01-02 13:51:17,2,47.493190129483445
2024-01-02 13:52:16,2,20.571885683069283
2024-01-02 13:53:55,2,19.41689001200881
2024-01-02 13:54:31,2,16.730704614274643
2024-01-02 13:54:50,2,22.76504749107025
2024-01-02 13:56:23,2,16.50061262751694
2024-01-02 13:56:59,2,16.63489391292036
2024-01-02 13:58:02,2,16.497775311344178
2024-01-02 13:58:53,2,67.9336988748567
2024-01-02 14:00:02,2,59.2193371217351
2024-01-02 14:01:38,2,60.33695248006193
2024-01-02 14:03:33,2,69.92952622753828
2024-01-02 14:05:04,2,56.187482200397234
2024-01-02 14:06:18,2,46.53902798660438
2024-01-02 14:06:53,2,58.91702905621389
2024-01-02 14:07:12,2,40.84466070711821
2024-01-02 14:08:03,2,44.23142471045857
2024-01-02 14:09:36,2,53.058042529653065
2024-01-02 14:10:34,2,56.945719809163094
2024-01-02 14:10:55,2,53.428867050811
2024-01-02 14:12:26,2,51.668456679227035
2024-01-02 14:12:52,2,41.56773352051681
2024-01-02 14:13:11,2,71.01074306164392
2024-01-02 14:14:13,2,63.91840579594813
2024-01-02 14:14:23,2,48.93369172677862
2024-01-02 14:16:12,2,54.75281443376727
2024-01-02 14:16:52,2,39.497792124035755
2024-01-02 14:18:50,2,22.687144516984564
2024-01-02 14:19:21,2,19.892634094660124
2024-01-02 14:20:57,2,14.968215115471656
2024-01-02 14:22:55,2,17.653179473228608
2024-01-02 14:23:45,2,20.163619497134167
2024-01-02 14:25:34,2,16.991710436501616
2024-01-02 14:26:56,2,29.562409527580396
2024-01-02 14:28:29,2,17.21857125556283
2024-01-02 14:29:56,2,18.568719711432625
2024-01-02 14:30:22,2,21.853649567568866
2024-01-02 14:32:10,2,26.76221024904071
2024-01-02 14:33:44,2,14.06993259070463
2024-01-02 14:34:52,2,22.242754458574055
2024-01-02 14:35:03,2,25.970587307610117
2024-01-02 14:36:20,2,26.431827294743258
2024-01-02 14:37:31,2,18.86046438065915
2024-01-02 14:39:02,2,18.228613978427227
2024-01-02 14:40:16,2,21.87011387035526
2024-01-02 14:40:45,2,17.962596016296267
2024-01-02 14:41:58,2,10.478766644775895
2024-01-02 14:43:14,2,19.226060867341772
2024-01-02 14:44:51,2,17.033295251601885
2024-01-02 14:46:07,2,22.483986660166174
2024-01-02 14:47:06,2,16.652459566370744
2024-01-02 14:48:56,2,18.345749080682733
2024-01-02 14:49:19,2,9.27733555696973
2024-01-02 14:51:06,2,14.548618833813977
2024-01-02 14:52:52,2,19.059790135007816
2024-01-02 14:53:10,2,14.508898393892103
2024-01-02 14:54:54,2,62.977197962609374
2024-01-02 14:55:09,2,41.93453986486913
2024-01-02 14:56:06,2,66.70669939174138
2024-01-02 14:57:47,2,51.509897340352964
2024-01-02 14:58:37,2,72.51135597414444
2024-01-02 15:00:35,2,49.22597807770561
2024-01-02 15:02:05,2,45.71014683910695
2024-01-02 15:03:35,2,66.32198191720681
2024-01-02 15:03:59,2,39.30459253669943
2024-01-02 15:05:23,2,49.55586014932528
2024-01-02 15:06:28,2,51.6421406102025
2024-01-02 15:07:29,2,43.453656612711555
2024-01-02 15:09:09,2,69.2696740441041
2024-01-02 15:09:47,2,49.58434123389115
2024-01-02 15:10:49,2,51.190698817875074
2024-01-02 15:12:43,2,58.133110128563715
2024-01-02 15:14:08,2,54.881235802987504
2024-01-02 15:14:35,2,60.3661172543583
2024-01-02 15:16:02,2,73.66930927674413
2024-01-02 15:17:58,2,51.07692970984307
2024-01-02 15:18:22,2,60.55948749958187
2024-01-02 15:19:03,2,34.68448689252763
2024-01-02 15:20:10,2,42.37135246271822
2024-01-02 15:21:02,2,42.70473748782614
2024-01-02 15:22:06,2,23.331759455976187
2024-01-02 15:22:44,2,19.47618518346763
2024-01-02 15:24:00,2,20.167276189503156
2024-01-02 15:25:49,2,14.283641163205518
2024-01-02 15:26:14,2,18.595954065037958
2024-01-02 15:27:25,2,14.35481785986731
2024-01-02 15:28:30,2,14.87762078562449
2024-01-02 15:29:30,2,23.89706306544194
2024-01-02 15:29:43,2,26.222337166749725
2024-01-02 15:30:47,2,19.579294932792713
2024-01-02 15:31:32,2,17.654335301494267
2024-01-02 15:32:31,2,14.090091299590169
2024-01-02 15:32:45,2,21.027568255620828
2024-01-02 15:33:49,2,18.32203761215971
2024-01-02 15:34:43,2,18.753269633695528
2024-01-02 15:35:29,2,25.998544968800896
2024-01-02 15:37:02,2,16.622509241626407
2024-01-02 15:37:30,2,23.587903661228125
2024-01-02 15:39:14,2,14.944994379551854
2024-01-02 15:39:26,2,21.981700098744163
2024-01-02 15:40:30,2,13.879332581641389
2024-01-02 15:41:50,2,22.68102868768627
2024-01-02 15:43:22,2,15.420095053254602
2024-01-02 15:44:28,2,20.0843653129502
2024-01-02 15:45:39,2,17.78924734159266
2024-01-02 15:46:18,2,55.33526287478319
2024-01-02 15:48:02,2,55.71848509205443
2024-01-02 15:49:03,2,72.115579209901
2024-01-02 15:49:26,2,51.96512240501564
2024-01-02 15:51:24,2,74.9434494971985
2024-01-02 15:51:55,2,42.45977347571483
2024-01-02 15:53:08,2,45.01063623754409
2024-01-02 15:53:21,2,48.07666431846734
2024-01-02 15:54:00,2,50.352801332070875
2024-01-02 15:54:24,2,57.79164170249759
2024-01-02 15:56:17,2,53.39939481391722
2024-01-02 15:57:39,2,24.288065562883254
2024-01-02 15:58:57,2,15.332737771120499
2024-01-02 15:59:37,2,56.971183351227005
2024-01-02 16:00:28,2,56.87637854364254
2024-01-02 16:02:18,2,49.58822931832523
2024-01-02 16:03:53,2,66.74356014514868
2024-01-02 16:05:30,2,52.966417364980046
2024-01-02 16:06:42,2,59.518182564955495
2024-01-02 16:08:27,2,56.60230364613406
2024-01-02 16:09:39,2,43.848775674912964
2024-01-02 16:10:13,2,54.10796702308332
2024-01-02 16:10:58,2,71.1029298048287
2024-01-02 16:11:35,2,62.231929760287336
2024-01-02 16:13:30,2,53.62372117742559
2024-01-02 16:14:59,2,61.18068493930042
2024-01-02 16:15:09,2,58.46527018313
2024-01-02 16:16:20,2,69.57484297831701
2024-01-02 16:17:07,2,39.761413625525954
2024-01-02 16:18:48,2,30.125432412938707
2024-01-02 16:19:29,2,50.41776970743499
2024-01-02 16:19:46,2,52.41957569777935
2024-01-02 16:21:42,2,67.74435144272819
2024-01-02 16:23:41,2,50.09387765973347
2024-01-02 16:25:33,2,16.58620336185316
2024-01-02 16:26:56,2,23.262736553673744
2024-01-02 16:28:24,2,8.785315468761622
2024-01-02 16:30:06,2,20.68716295694015
2024-01-02 16:30:25,2,18.648615243416867
2024-01-02 16:32:19,2,24.065895941957947
2024-01-02 16:33:13,2,60.3289172022704
2024-01-02 16:34:13,2,57.36310062594923
2024-01-02 16:34:25,2,56.0256884467451
2024-01-02 16:34:48,2,45.99839772126337
2024-01-02 16:34:58,2,50.86551296528205
2024-01-02 16:36:04,2,47.98622394777544
2024-01-02 16:37:34,2,44.67994343667627
2024-01-02 16:37:46,2,40.05736470933761
2024-01-02 16:39:01,2,56.80871111482433
2024-01-02 16:39:44,2,55.153965368778955
2024-01-02 16:41:17,2,38.980249876303205
2024-01-02 16:41:47,2,54.472448919992345
2024-01-02 16:42:40,2,61.53478981951741
2024-01-02 16:43:14,2,17.400184355663534
2024-01-02 16:43:49,2,13.45901546116178
2024-01-02 16:44:14,2,17.701890751584354
2024-01-02 16:44:50,2,17.643981598651422
2024-01-02 16:45:43,2,18.183483291156193
2024-01-02 16:47:19,2,19.560704147037015
2024-01-02 16:49:06,2,14.521754372327916
2024-01-02 16:50:52,2,18.76329190025064
2024-01-02 16:52:41,2,34.52299257531543
2024-01-02 16:54:07,2,65.77176528492387
2024-01-02 16:55:53,2,46.070059848194035
2024-01-02 16:57:35,2,58.71676376850925
2024-01-02 16:58:21,2,47.691250734864894
2024-01-02 16:59:31,2,51.3623097862685
2024-01-02 17:01:12,2,82.68373605625943
2024-01-02 17:01:39,2,52.48448099815864
2024-01-02 17:02:41,2,42.182043796485914
2024-01-02 17:03:21,2,51.26859523795003
2024-01-02 17:05:01,2,45.66880911313858
2024-01-02 17:06:03,2,61.73472796158231
2024-01-02 17:07:37,2,28.458376542901437
2024-01-02 17:07:50,2,42.018354664672636
2024-01-02 17:09:16,2,69.95571736482427
2024-01-02 17:10:21,2,67.78434957965715
2024-01-02 17:11:47,2,12.940290267425375
2024-01-02 17:13:19,2,12.093887761958088
2024-01-02 17:14:06,2,15.877009169889288
2024-01-02 17:15:41,2,19.988187508881396
2024-01-02 17:17:33,2,18.435531096529857
2024-01-02 17:18:27,2,12.961078640411579
2024-01-02 17:19:41,2,14.920596760385095
2024-01-02 17:20:56,2,16.759318356062064
2024-01-02 17:22:54,2,19.28678363302226
2024-01-02 17:24:15,2,19.105446851793516
2024-01-02 17:25:44,2,21.048644890726948
2024-01-02 17:27:14,2,19.60319889093585
2024-01-02 17:28:43,2,14.200989340061124
2024-01-02 17:29:00,2,14.449922785542238
2024-01-02 17:29:14,2,59.212473786909804
2024-01-02 17:30:25,2,63.46839945469165
2024-01-02 17:30:47,2,72.25038589798015
2024-01-02 17:32:28,2,59.94704668050223
2024-01-02 17:34:25,2,63.30161372346304
2024-01-02 17:35:07,2,58.72842248655825
2024-01-02 17:35:36,2,38.43395081515608
2024-01-02 17:37:33,2,73.64270367885672
2024-01-02 17:38:55,2,65.78125395794771
2024-01-02 17:39:15,2,54.13782901992547
2024-01-02 17:41:10,2,47.843524358500424
2024-01-02 17:41:59,2,64.57419947825522
2024-01-02 17:43:35,2,62.170213532630434
2024-01-02 17:44:22,2,58.02887520686443
2024-01-02 17:45:34,2,42.653866920153
2024-01-02 17:47:23,2,55.99616159846312
2024-01-02 17:48:07,2,50.14209403591521
2024-01-02 17:49:22,2,48.6655636522912
2024-01-02 17:50:48,2,40.54481852254676
2024-01-02 17:51:45,2,58.619142707305265
2024-01-02 17:53:34,2,53.5284733422281
2024-01-02 17:55:14,2,13.704590781293891
2024-01-02 17:55:59,2,20.579524935992993
2024-01-02 17:56:55,2,15.373606645150549
2024-01-02 17:58:15,2,16.83304192695774
2024-01-02 17:58:54,2,19.463549130247372
2024-01-02 18:00:49,2,20.487507843173614
2024-01-02 18:02:09,2,21.51890585158047
2024-01-02 18:03:23,2,15.784066863492662
2024-01-02 18:04:46,2,16.684237734528086
2024-01-02 18:06:37,2,6.958192485457001
2024-01-02 18:08:10,2,59.26129277568404
2024-01-02 18:09:53,2,60.2066897797628
2024-01-02 18:10:47,2,32.95974246488659
2024-01-02 18:11:48,2,44.92805012473022
2024-01-02 18:12:37,2,56.68230541183694
2024-01-02 18:13:00,2,66.76979363548486
2024-01-02 18:14:38,2,49.23210036536748
2024-01-02 18:15:48,2,60.383332726699976
2024-01-02 18:16:29,2,63.509707432818395
2024-01-02 18:16:51,2,56.77811749923775
2024-01-02 18:18:31,2,18.15392995088148
2024-01-02 18:18:44,2,22.699151110945955
2024-01-02 18:20:23,2,23.284861666997884
2024-01-02 18:21:39,2,15.428118064584824
2024-01-02 18:22:11,2,17.822915776968053
2024-01-02 18:22:21,2,14.598926888638484
2024-01-02 18:23:22,2,15.883197218626217
2024-01-02 18:24:15,2,52.066601353612626
2024-01-02 18:24:28,2,50.54652205003449
2024-01-02 18:25:42,2,34.351347223163586
2024-01-02 18:27:16,2,67.21804684976702
2024-01-02 18:28:53,2,33.82828312004884
2024-01-02 18:30:02,2,54.897606021827755
2024-01-02 18:30:24,2,47.76831561170607
2024-01-02 18:30:57,2,58.66606247013805
2024-01-02 18:32:53,2,26.433256768339486
2024-01-02 18:33:53,2,14.549295812255526
2024-01-02 18:34:54,2,16.90997184439438
2024-01-02 18:36:19,2,17.84369292922877
2024-01-02 18:37:43,2,19.68912957965994
2024-01-02 18:39:19,2,19.78963849992441
2024-01-02 18:40:30,2,21.576182919456162
2024-01-02 18:41:28,2,16.033244375885637
2024-01-02 18:42:24,2,21.885911360524112
2024-01-02 18:43:54,2,12.651681869937665
2024-01-02 18:44:27,2,12.01021018829669
2024-01-02 18:46:16,2,15.867143735847133
2024-01-02 18:48:14,2,13.533752512408011
2024-01-02 18:48:55,2,17.829093355847554
2024-01-02 18:49:56,2,13.798739646023606
2024-01-02 18:51:31,2,16.0061145608444
2024-01-02 18:53:13,2,63.829862054617905
2024-01-02 18:54:30,2,60.16557044799835
2024-01-02 18:54:44,2,57.56502436479449
2024-01-02 18:55:24,2,49.84359246851495
2024-01-02 18:56:39,2,57.575938606238545
2024-01-02 18:57:47,2,44.513569211944024
2024-01-02 18:59:00,2,57.264576765992146
2024-01-02 19:00:57,2,69.26785353700089
2024-01-02 19:02:34,2,63.62754591952687
2024-01-02 19:03:49,2,46.69929504870763
2024-01-02 19:05:33,2,70.42547211374117
2024-01-02 19:05:53,2,40.80122835729071
2024-01-02 19:06:19,2,53.380618534367386
2024-01-02 19:07:37,2,66.13193124576978
2024-01-02 19:09:10,2,37.41791123344565
2024-01-02 19:10:31,2,52.48882165357559
2024-01-02 19:12:15,2,13.139188910283375
2024-01-02 19:13:49,2,18.397897732782802
2024-01-02 19:15:25,2,20.596301771788557
2024-01-02 19:15:38,2,48.86130776926282
2024-01-02 19:16:02,2,51.18368904586789
2024-01-02 19:16:41,2,62.40125664105244
2024-01-02 19:17:12,2,66.06171751792331
2024-01-02 19:18:00,2,41.877404066746315
2024-01-02 19:19:16,2,62.77797630877715
2024-01-02 19:20:32,2,47.67700450262912
2024-01-02 19:21:21,2,53.76282829861513
2024-01-02 19:23:08,2,62.43132179858201
2024-01-02 19:24:26,2,52.010587287313946
2024-01-02 19:24:36,2,57.26570963684408
2024-01-02 19:25:07,2,49.675698251425274
2024-01-02 19:26:04,2,61.21233522755957
2024-01-02 19:26:22,2,46.74645432320489
2024-01-02 19:26:54,2,48.37393880747895
2024-01-02 19:28:50,2,67.16445983497483
2024-01-02 19:29:15,2,44.87425569185679
2024-01-02 19:30:57,2,18.47148783779384
2024-01-02 19:31:20,2,8.53677573782685
2024-01-02 19:33:05,2,12.681214077304993
2024-01-02 19:33:47,2,22.21126748202419
2024-01-02 19:33:57,2,22.765768109395875
2024-01-02 19:34:36,2,14.545295992280533
2024-01-02 19:35:51,2,14.893221797570241
2024-01-02 19:36:43,2,28.567571513989726
2024-01-02 19:36:55,2,12.486180444862251
2024-01-02 19:38:07,2,21.676122307175355
2024-01-02 19:38:34,2,19.444385795696316
2024-01-02 19:39:29,2,20.544127882339627
2024-01-02 19:40:53,2,11.019974670797803
2024-01-02 19:41:37,2,19.81816616580766
2024-01-02 19:42:59,2,18.101362839933582
2024-01-02 19:43:11,2,17.72760841078171
2024-01-02 19:45:02,2,10.463571635777857
2024-01-02 19:45:20,2,15.565515712553877
2024-01-02 19:45:41,2,14.479657534917852
2024-01-02 19:47:07,2,27.70345521059207
2024-01-02 19:49:02,2,7.996088800183006
2024-01-02 19:49:35,2,21.507938655285997
2024-01-02 19:51:16,2,27.989130625135655
2024-01-02 19:52:11,2,23.895153762959737
2024-01-02 19:54:02,2,12.055294409733257
2024-01-02 19:54:36,2,20.208803248247396
2024-01-02 19:55:02,2,12.964343140979597
2024-01-02 19:56:11,2,72.23672901691955
2024-01-02 19:56:28,2,73.00746069236119
2024-01-02 19:57:11,2,48.37764899599464
2024-01-02 19:57:56,2,52.94595569916678
2024-01-02 19:58:47,2,66.51327740880701
2024-01-02 19:58:57,2,56.77023128993783
2024-01-02 19:59:28,2,58.696147959000164
2024-01-02 20:00:27,2,54.48470561813559
2024-01-02 20:02:07,2,46.90927338057548
2024-01-02 20:02:26,2,61.71270136705353
2024-01-02 20:03:50,2,62.460239529828165
2024-01-02 20:04:05,2,51.58840816891772
2024-01-02 20:05:57,2,58.191692505649165
2024-01-02 20:07:34,2,39.52914387465803
2024-01-02 20:09:30,2,56.016000133045274
2024-01-02 20:11:20,2,41.3511842523425
2024-01-02 20:12:31,2,58.664637455624764
2024-01-02 20:13:14,2,40.50519790936126
2024-01-02 20:14:29,2,23.235310928213558
2024-01-02 20:14:46,2,15.583539488438635
2024-01-02 20:15:23,2,21.002182888129212
2024-01-02 20:16:37,2,18.960873960315894
2024-01-02 20:16:58,2,13.610005253810144
2024-01-02 20:17:28,2,12.009891768325232
2024-01-02 20:18:41,2,53.367468409006165
2024-01-02 20:20:03,2,50.56176520308668
2024-01-02 20:20:33,2,39.35546013376032
2024-01-02 20:20:49,2,59.05035385855713
2024-01-02 20:21:25,2,46.54447823645386
2024-01-02 20:21:42,2,53.161694196798784
2024-01-02 20:22:01,2,47.83125729287526
2024-01-02 20:22:43,2,59.58188429861445
2024-01-02 20:23:08,2,67.394011334213
2024-01-02 20:24:37,2,49.607965202662214
2024-01-02 20:26:29,2,51.95710037282649
2024-01-02 20:27:34,2,66.806025060015
2024-01-02 20:29:28,2,39.31708644035795
2024-01-02 20:31:07,2,51.96213100202534
2024-01-02 20:32:46,2,42.243311189650555
2024-01-02 20:33:50,2,45.27172107417043
2024-01-02 20:34:03,2,54.62436490633809
2024-01-02 20:35:37,2,56.2434358488113
2024-01-02 20:36:44,2,64.70886912013353
2024-01-02 20:37:30,2,56.90223221844894
2024-01-02 20:38:08,2,51.20375503323166
2024-01-02 20:39:44,2,19.08814050061425
2024-01-02 20:40:16,2,30.0919561012725
2024-01-02 20:41:22,2,18.639636011872895
2024-01-02 20:42:47,2,21.17863263220275
2024-01-02 20:44:08,2,15.489021041380855
2024-01-02 20:45:47,2,13.898547030471534
2024-01-02 20:46:36,2,19.812249407972633
2024-01-02 20:48:29,2,15.450530235671836
2024-01-02 20:50:05,2,8.870971290535055
2024-01-02 20:50:45,2,23.01135517837805
2024-01-02 20:51:52,2,15.749225400786358
2024-01-02 20:52:48,2,3.4853633904922727
2024-01-02 20:54:31,2,17.658987348336655
2024-01-02 20:55:47,2,10.96640283720221
2024-01-02 20:56:04,2,21.281958452810738
2024-01-02 20:56:54,2,15.722808751636315
2024-01-02 20:58:32,2,15.5988004208668
2024-01-02 20:58:52,2,17.014851371004525
2024-01-02 21:00:19,2,25.9424492430597
2024-01-02 21:01:04,2,18.89598193844056
2024-01-02 21:02:53,2,13.872780525778825
2024-01-02 21:03:31,2,19.95915005086398
2024-01-02 21:03:46,2,21.261780125733424
2024-01-02 21:05:00,2,23.978840759296986
2024-01-02 21:06:58,2,38.39275504889983
2024-01-02 21:08:57,2,63.579485996243434
2024-01-02 21:09:10,2,68.04834763319329
2024-01-02 21:09:31,2,56.35176241342669
2024-01-02 21:11:01,2,69.51705880776824
2024-01-02 21:12:02,2,15.548507948697091
2024-01-02 21:13:44,2,17.43205943189475
2024-01-02 21:14:59,2,16.087080786387833
2024-01-02 21:15:30,2,12.98727183805239
2024-01-02 21:15:53,2,24.097465112833145
2024-01-02 21:16:26,2,18.798183142760085
2024-01-02 21:16:37,2,20.425475155516008
2024-01-02 21:17:22,2,24.818264219587995
2024-01-02 21:18:01,2,20.382165334286952
2024-01-02 21:19:49,2,26.528967167228657
2024-01-02 21:21:34,2,11.449049597999537
2024-01-02 21:22:50,2,17.81720380604391
2024-01-02 21:23:18,2,27.5186761209984
2024-01-02 21:24:36,2,9.226010573143775
2024-01-02 21:26:27,2,23.050345102968063
2024-01-02 21:28:14,2,13.960201082202287
2024-01-02 21:28:28,2,8.98858821997387
2024-01-02 21:28:45,2,14.62856978390707
2024-01-02 21:28:59,2,6.914738041432697
2024-01-02 21:30:09,2,17.273301436782884
2024-01-02 21:30:37,2,16.62025869822869
2024-01-02 21:32:08,2,20.73727570489963
2024-01-02 21:32:18,2,13.327224698590395
2024-01-02 21:34:10,2,22.875171034768755
2024-01-02 21:35:24,2,15.885638323329477
2024-01-02 21:36:32,2,13.821142613375947
2024-01-02 21:38:22,2,19.65332142551071
2024-01-02 21:39:44,2,17.289959134931365
2024-01-02 21:40:50,2,19.057810301394777
2024-01-02 21:42:10,2,16.073583748518033
2024-01-02 21:42:29,2,5.761347244477932
2024-01-02 21:42:46,2,10.140092896001939
2024-01-02 21:43:15,2,15.835225769676205
2024-01-02 21:44:36,2,19.649288689302782
2024-01-02 21:46:30,2,16.137145728673147
2024-01-02 21:48:23,2,11.948814390441626
2024-01-02 21:50:07,2,19.22834343317324
2024-01-02 21:50:51,2,16.182060615907854
2024-01-02 21:51:15,2,19.10400497296268
2024-01-02 21:52:52,2,19.804820486166594
2024-01-02 21:54:06,2,21.759040328861047
2024-01-02 21:54:58,2,15.02285713127507
2024-01-02 21:56:11,2,19.905858862766205
2024-01-02 21:58:04,2,10.262151029318444
2024-01-02 21:59:14,2,19.019719287579974
2024-01-02 22:00:28,2,11.210181614847826
2024-01-02 22:00:56,2,56.774174884644495
2024-01-02 22:01:24,2,63.22682426574144
2024-01-02 22:02:09,2,58.353172563973075
2024-01-02 22:03:21,2,42.97076454176864
2024-01-02 22:04:13,2,51.28579588486525
2024-01-02 22:04:56,2,69.27008902699062
2024-01-02 22:06:06,2,58.71401085932235
2024-01-02 22:07:12,2,58.68752536327712
2024-01-02 22:07:45,2,56.7009420877307
2024-01-02 22:09:27,2,59.85556017229915
2024-01-02 22:09:46,2,38.834863994713004
2024-01-02 22:10:32,2,22.3539897112994
2024-01-02 22:10:52,2,31.94898676647198
2024-01-02 22:12:12,2,52.22828890017328
2024-01-02 22:14:01,2,54.567204121118664
2024-01-02 22:14:57,2,34.27864883903513
2024-01-02 22:16:08,2,52.950675257583924
2024-01-02 22:16:23,2,48.890887005508
2024-01-02 22:16:36,2,51.1301188229112
2024-01-02 22:17:08,2,58.56645079475141
2024-01-02 22:17:58,2,44.3791083287976
2024-01-02 22:19:37,2,67.31379321271658
2024-01-02 22:21:27,2,57.89374316196075
2024-01-02 22:22:32,2,62.302497537329494
2024-01-02 22:24:00,2,51.28720670475916
2024-01-02 22:24:47,2,46.93490370974418
2024-01-02 22:26:33,2,50.4077960201076
2024-01-02 22:26:57,2,61.261465078264344
2024-01-02 22:28:39,2,58.87890246397786
2024-01-02 22:30:19,2,47.77860783371137
2024-01-02 22:31:38,2,64.83050148678952
2024-01-02 22:32:13,2,50.44657576854687
2024-01-02 22:32:58,2,51.46141037179896
2024-01-02 22:34:23,2,70.63992154846775
2024-01-02 22:35:31,2,63.021567911628125
2024-01-02 22:36:41,2,13.005895653329752
2024-01-02 22:37:09,2,11.888176925063805
2024-01-02 22:38:23,2,10.923974401275458
2024-01-02 22:38:47,2,14.098557327886136
2024-01-02 22:40:39,2,13.85909718063246
2024-01-02 22:41:43,2,21.428281962568555
2024-01-02 22:42:18,2,20.958588633909937
2024-01-02 22:43:51,2,20.84687078411856
2024-01-02 22:45:38,2,20.778710890214462
2024-01-02 22:46:47,2,28.270462207179875
2024-01-02 22:47:39,2,11.987581507093534
2024-01-02 22:48:43,2,25.496382920084333
2024-01-02 22:49:35,2,19.898498387085564
2024-01-02 22:50:08,2,16.44266402550399
2024-01-02 22:50:54,2,25.29216351713389
2024-01-02 22:52:21,2,18.406880160091
2024-01-02 22:53:50,2,27.480616381271734
2024-01-02 22:54:53,2,11.195825108494605
2024-01-02 22:56:20,2,16.857173044368952
2024-01-02 22:56:47,2,17.773291632699685
2024-01-02 22:58:30,2,14.31978010615515
2024-01-02 22:59:48,2,12.250171096934443
2024-01-02 23:01:11,2,9.767142171509676
2024-01-02 23:02:05,2,10.35887573321774
2024-01-02 23:02:59,2,21.136960370418425
2024-01-02 23:03:40,2,17.480402442605808
2024-01-02 23:04:15,2,26.06434185353564
2024-01-02 23:05:52,2,64.46618308330437
2024-01-02 23:07:13,2,62.810794517497335
2024-01-02 23:08:23,2,29.651316846485596
2024-01-02 23:09:56,2,61.36553206873264
2024-01-02 23:10:16,2,78.22609225262767
2024-01-02 23:11:02,2,63.621103951896245
2024-01-02 23:12:45,2,58.10617228466148
2024-01-02 23:14:17,2,47.82146785645965
2024-01-02 23:15:19,2,62.958638123412264
2024-01-02 23:16:33,2,52.688372246323276
2024-01-02 23:17:34,2,63.13636148642236
2024-01-02 23:18:13,2,53.12942483526337
2024-01-02 23:18:37,2,55.954620413582965
2024-01-02 23:19:24,2,54.41053466481046
2024-01-02 23:19:52,2,55.470343640085034
2024-01-02 23:20:33,2,37.81069587046153
2024-01-02 23:21:27,2,65.4695453442821
2024-01-02 23:21:49,2,32.57778341255971
2024-01-02 23:22:51,2,63.32504781373768
2024-01-02 23:23:51,2,61.88259710772414
2024-01-02 23:24:03,2,60.47738978737561
2024-01-02 23:25:48,2,69.30622205728544
2024-01-02 23:26:00,2,65.43956808009119
2024-01-02 23:26:33,2,43.45587783437024
2024-01-02 23:27:33,2,62.238552136184694
2024-01-02 23:28:24,2,47.18312878406953
2024-01-02 23:28:51,2,52.92097010500759
2024-01-02 23:30:22,2,72.46787386601952
2024-01-02 23:31:31,2,34.40218430789911
2024-01-02 23:32:13,2,53.070186322393106
2024-01-02 23:34:04,2,9.089424590075856
2024-01-02 23:34:17,2,17.0096318492532
2024-01-02 23:34:43,2,24.503127005279794
2024-01-02 23:35:12,2,16.407591005647596
2024-01-02 23:36:49,2,20.703153630892928
2024-01-02 23:38:24,2,19.270638435357178
2024-01-02 23:39:38,2,21.485254894198633
2024-01-02 23:41:30,2,22.349174995871692
2024-01-02 23:41:48,2,24.727548758732375
2024-01-02 23:43:36,2,30.355498897904887
2024-01-02 23:44:22,2,15.389786171295032
2024-01-02 23:45:43,2,9.527820842708222
2024-01-02 23:46:35,2,20.401683474177077
2024-01-02 23:48:18,2,15.553702108641234
2024-01-02 23:48:48,2,21.886928332430006
2024-01-02 23:49:39,2,14.296598306636138
2024-01-02 23:50:02,2,15.537287851017478
2024-01-02 23:50:32,2,21.22104419422064
2024-01-02 23:52:25,2,13.071259627489848
2024-01-02 23:54:22,2,16.142689894561574
2024-01-02 23:56:06,2,9.120088765190538
2024-01-02 23:56:27,2,18.08936053233853
2024-01-02 23:57:28,2,16.878953641029664
2024-01-02 23:58:44,2,23.97107241506996
2024-01-02 23:59:22,2,24.505510315120464
2024-01-03 00:00:41,2,14.123368089440431
2024-01-01 00:01:30,3,23.605196319224618
2024-01-01 00:02:13,3,15.013094694774285
2024-01-01 00:02:24,3,18.5520902347306
2024-01-01 00:03:43,3,15.804660506835603
2024-01-01 00:04:07,3,16.363786735191255
2024-01-01 00:06:05,3,23.192536330856303
2024-01-01 00:06:36,3,16.10573949660505
2024-01-01 00:07:00,3,25.72420731209129
2024-01-01 00:08:51,3,21.020487131777838
2024-01-01 00:09:09,3,12.734179254149323
2024-01-01 00:10:42,3,19.735232287984353
2024-01-01 00:12:23,3,9.476890209114421
2024-01-01 00:12:40,3,54.16866474278506
2024-01-01 00:13:24,3,53.56754554354985
2024-01-01 00:15:17,3,56.69288023656013
2024-01-01 00:16:57,3,35.23178431052409
2024-01-01 00:18:16,3,50.04784901995265
2024-01-01 00:19:12,3,59.81171557579227
2024-01-01 00:19:52,3,45.12082166358981
2024-01-01 00:21:34,3,56.23529201841093
2024-01-01 00:21:58,3,52.832682108435385
2024-01-01 00:23:37,3,58.70757558878875
2024-01-01 00:24:55,3,66.06524925018915
2024-01-01 00:25:08,3,72.39484470518688
2024-01-01 00:26:47,3,55.54665418404613
2024-01-01 00:27:46,3,48.15660542460178
2024-01-01 00:29:23,3,43.95818857261235
2024-01-01 00:30:47,3,66.36111080363663
2024-01-01 00:32:23,3,34.291499920672095
2024-01-01 00:34:10,3,71.20843843414568
2024-01-01 00:35:44,3,20.427180183702443
2024-01-01 00:36:28,3,25.62296515021282
2024-01-01 00:37:26,3,19.83732332027958
2024-01-01 00:38:17,3,16.595057856587005
2024-01-01 00:39:34,3,14.80893496347684
2024-01-01 00:41:18,3,20.264976385453515
2024-01-01 00:42:36,3,20.471014689649902
2024-01-01 00:43:02,3,24.040026552927433
2024-01-01 00:44:49,3,24.129223582657296
2024-01-01 00:45:27,3,19.963016655286467
2024-01-01 00:47:12,3,8.786909290421924
2024-01-01 00:48:49,3,13.676501428161737
2024-01-01 00:50:36,3,12.530681800092331
2024-01-01 00:51:02,3,15.805750047609143
2024-01-01 00:52:58,3,12.304692461918245
2024-01-01 00:53:57,3,18.24094377373951
2024-01-01 00:55:31,3,18.389845496916493
2024-01-01 00:56:27,3,25.827051949131263
2024-01-01 00:57:39,3,13.482236957191823
2024-01-01 00:59:11,3,20.148667904450438
2024-01-01 00:59:26,3,18.095042352786756
2024-01-01 01:00:44,3,21.07824990248074
2024-01-01 01:01:06,3,14.237820236940419
2024-01-01 01:02:26,3,15.916687623755717
2024-01-01 01:02:52,3,10.309624970335447
2024-01-01 01:04:42,3,19.54188438487892
2024-01-01 01:05:20,3,12.325167915236214
2024-01-01 01:06:23,3,21.154546594606096
2024-01-01 01:07:59,3,25.08351545093098
2024-01-01 01:09:29,3,17.845273125730547
2024-01-01 01:09:44,3,18.602695127348532
2024-01-01 01:11:29,3,19.62172855597462
2024-01-01 01:12:19,3,12.818354015809184
2024-01-01 01:14:18,3,17.689099728397114
2024-01-01 01:15:30,3,16.81012093437552
2024-01-01 01:16:23,3,12.033121157283423
2024-01-01 01:17:16,3,8.834147741506362
2024-01-01 01:17:53,3,11.716983978763727
2024-01-01 01:19:02,3,15.969943233098068
2024-01-01 01:20:00,3,12.153423674567655
2024-01-01 01:20:57,3,17.249260839912804
2024-01-01 01:21:07,3,31.575746586112587
2024-01-01 01:21:46,3,10.235150971312232
2024-01-01 01:22:02,3,7.699007263916501
2024-01-01 01:23:46,3,19.709608052946518
2024-01-01 01:25:06,3,10.534050938955343
2024-01-01 01:25:37,3,17.156076312920252
2024-01-01 01:26:47,3,20.66216864355158
2024-01-01 01:27:04,3,5.659661228471524
2024-01-01 01:27:56,3,16.611028363347803
2024-01-01 01:28:32,3,24.126976164298362
2024-01-01 01:30:18,3,18.152750396818558
2024-01-01 01:31:32,3,20.6372373055855
2024-01-01 01:31:58,3,21.265147766477646
2024-01-01 01:33:45,3,14.228085703178486
2024-01-01 01:35:13,3,11.614577188344406
2024-01-01 01:36:50,3,12.584057766669751
2024-01-01 01:38:20,3,11.635847897730269
2024-01-01 01:40:11,3,18.33765531990245
2024-01-01 01:41:10,3,9.826101109578605
2024-01-01 01:41:40,3,12.859542780750704
2024-01-01 01:43:16,3,20.720399555476224
2024-01-01 01:45:11,3,16.525250983762998
2024-01-01 01:46:24,3,21.864023318186504
2024-01-01 01:46:42,3,8.934190269510816
2024-01-01 01:47:01,3,21.222775570958472
2024-01-01 01:48:45,3,15.564534215252294
2024-01-01 01:49:32,3,23.480232047101573
2024-01-01 01:49:46,3,24.822080048849084
2024-01-01 01:51:01,3,10.769417875468537
2024-01-01 01:52:38,3,26.220374690200845
2024-01-01 01:54:18,3,22.990226108179886
2024-01-01 01:56:02,3,18.85029095771958
2024-01-01 01:57:15,3,24.806465622196164
2024-01-01 01:58:08,3,10.546303101422321
2024-01-01 01:59:59,3,13.91399465248993
2024-01-01 02:01:53,3,22.452092927451037
2024-01-01 02:02:36,3,23.807515242409877
2024-01-01 02:03:06,3,17.07561621877367
2024-01-01 02:03:22,3,15.607228666411409
2024-01-01 02:04:17,3,20.57830315041697
2024-01-01 02:05:53,3,21.816214244596903
2024-01-01 02:06:51,3,25.076740734991564
2024-01-01 02:07:22,3,19.64671784690736
2024-01-01 02:09:07,3,13.405303414067784
2024-01-01 02:10:21,3,17.501392260849308
2024-01-01 02:11:01,3,16.920609312644373
2024-01-01 02:11:30,3,23.775505891858742
2024-01-01 02:11:54,3,17.072247584926313
2024-01-01 02:12:55,3,16.224847964282503
2024-01-01 02:13:39,3,14.419866878944674
2024-01-01 02:15:19,3,31.41047406824845
2024-01-01 02:16:48,3,48.39540126437492
2024-01-01 02:17:17,3,57.639743094361584
2024-01-01 02:18:19,3,42.16146113141361
2024-01-01 02:19:35,3,47.393993355748606
2024-01-01 02:20:05,3,60.70940993942198
2024-01-01 02:20:55,3,65.0183121126153
2024-01-01 02:21:52,3,59.005029568627705
2024-01-01 02:23:27,3,58.45620344651446
2024-01-01 02:24:07,3,54.37911301785713
2024-01-01 02:25:30,3,58.89302380522639
2024-01-01 02:25:59,3,71.00646956883122
2024-01-01 02:27:30,3,50.98799074389658
2024-01-01 02:29:01,3,39.654207026191884
2024-01-01 02:30:14,3,43.54912975291464
2024-01-01 02:31:01,3,63.58590545932201
2024-01-01 02:32:53,3,59.26655810592476
2024-01-01 02:33:54,3,74.87806564762086
2024-01-01 02:34:21,3,65.86480122890381
2024-01-01 02:35:57,3,59.45759851217129
2024-01-01 02:37:21,3,59.32346964207783
2024-01-01 02:37:38,3,56.34515671594615
2024-01-01 02:39:31,3,73.87625120626005
2024-01-01 02:39:55,3,45.34785923249452
2024-01-01 02:41:33,3,19.724669212613062
2024-01-01 02:42:28,3,18.216859783416748
2024-01-01 02:43:38,3,18.495072247436287
2024-01-01 02:44:47,3,49.775852716224904
2024-01-01 02:45:17,3,63.682292534995746
2024-01-01 02:46:29,3,48.433854685538435
2024-01-01 02:47:55,3,67.2271179283193
2024-01-01 02:49:23,3,38.3128613765387
2024-01-01 02:49:38,3,63.315426650725335
2024-01-01 02:50:16,3,56.212606623491844
2024-01-01 02:50:46,3,65.37005324369159
2024-01-01 02:52:23,3,52.24517684820978
2024-01-01 02:53:30,3,21.13676194272183
2024-01-01 02:54:10,3,18.307979276863385
2024-01-01 02:54:21,3,14.125989109322354
2024-01-01 02:56:02,3,15.336966216632518
2024-01-01 02:57:29,3,11.703143625170185
2024-01-01 02:58:56,3,15.978883548124067
2024-01-01 03:00:36,3,15.746298613486243
2024-01-01 03:01:53,3,7.991469991372332
2024-01-01 03:03:26,3,21.702600766499977
2024-01-01 03:04:17,3,22.77696498228679
2024-01-01 03:06:08,3,18.705572483527966
2024-01-01 03:06:20,3,10.375075299279702
2024-01-01 03:07:34,3,7.715568682892126
2024-01-01 03:09:23,3,19.342552628735444
2024-01-01 03:09:55,3,16.193849035428137
2024-01-01 03:11:10,3,18.612454626872275
2024-01-01 03:12:06,3,26.790346803644123
2024-01-01 03:12:38,3,20.803403300450256
2024-01-01 03:13:51,3,11.15268112671971
2024-01-01 03:14:31,3,26.82412941895868
2024-01-01 03:15:48,3,14.017596907508189
2024-01-01 03:16:24,3,10.63462178467693
2024-01-01 03:18:11,3,25.566205405883565
2024-01-01 03:19:48,3,21.882074593192154
2024-01-01 03:21:05,3,13.940325076426625
2024-01-01 03:22:08,3,17.357166402643056
2024-01-01 03:24:03,3,21.992928513217212
2024-01-01 03:25:09,3,11.401000196099105
2024-01-01 03:26:14,3,19.0703478574515
2024-01-01 03:27:27,3,10.879201427146112
2024-01-01 03:28:02,3,18.63503042639273
2024-01-01 03:28:29,3,14.825354520808864
2024-01-01 03:29:53,3,22.37361591201067
2024-01-01 03:30:31,3,21.40287079825936
2024-01-01 03:30:45,3,20.707814007691763
2024-01-01 03:32:12,3,18.31395034916896
2024-01-01 03:32:43,3,15.403490779804937
2024-01-01 03:33:41,3,17.016536150638874
2024-01-01 03:34:28,3,9.129060242408178
2024-01-01 03:35:15,3,14.852167026120286
2024-01-01 03:36:08,3,16.80293912157734
2024-01-01 03:36:32,3,15.266648787550295
2024-01-01 03:36:44,3,23.207031477595628
2024-01-01 03:37:31,3,8.85701841828029
2024-01-01 03:38:51,3,19.09046403230833
2024-01-01 03:39:30,3,21.545685727556684
2024-01-01 03:39:53,3,13.227806868545184
2024-01-01 03:40:43,3,20.534578600681552
2024-01-01 03:41:02,3,48.91048494843876
2024-01-01 03:41:17,3,49.12625885301775
2024-01-01 03:41:28,3,62.82250039940246
2024-01-01 03:43:02,3,65.42604431624457
2024-01-01 03:44:23,3,60.26902828683373
2024-01-01 03:45:14,3,38.349967649191626
2024-01-01 03:45:35,3,63.421667197294035
2024-01-01 03:46:37,3,50.45775828183731
2024-01-01 03:48:24,3,20.240930116708917
2024-01-01 03:50:04,3,14.494037691766685
2024-01-01 03:50:53,3,14.291621985548263
2024-01-01 03:52:18,3,10.702146492285358
2024-01-01 03:53:40,3,9.68078899080575
2024-01-01 03:55:32,3,12.756566941822019
2024-01-01 03:55:57,3,26.804156699688665
2024-01-01 03:57:18,3,17.372122060349582
2024-01-01 03:59:14,3,14.566977340758996
2024-01-01 04:00:55,3,46.543106885534776
2024-01-01 04:02:00,3,42.0067639821721
2024-01-01 04:03:47,3,51.35645090113471
2024-01-01 04:04:53,3,45.11310281153075
2024-01-01 04:06:41,3,46.66195387612692
2024-01-01 04:08:13,3,56.846461585032024
2024-01-01 04:09:08,3,41.58681809939199
2024-01-01 04:09:47,3,74.4226521085992
2024-01-01 04:10:28,3,45.74304690055574
2024-01-01 04:11:50,3,52.609847502620795
2024-01-01 04:12:02,3,44.359058485728994
2024-01-01 04:12:34,3,56.57164684940265
2024-01-01 04:12:56,3,61.711362314607825
2024-01-01 04:13:34,3,50.22463462308055
2024-01-01 04:15:13,3,44.43302161826384
2024-01-01 04:16:46,3,58.32541590456443
2024-01-01 04:17:09,3,39.697858541774906
2024-01-01 04:17:26,3,52.576245418948886
2024-01-01 04:18:40,3,64.62210578581099
2024-01-01 04:20:15,3,61.55224747426361
2024-01-01 04:20:27,3,54.18453644130643
2024-01-01 04:22:06,3,56.814722168586414
2024-01-01 04:23:27,3,15.393842210806248
2024-01-01 04:24:31,3,14.47122218886401
2024-01-01 04:25:37,3,16.69695833833021
2024-01-01 04:26:24,3,19.911651638999437
2024-01-01 04:27:19,3,23.536590932579667
2024-01-01 04:29:02,3,18.112501941227197
2024-01-01 04:30:36,3,21.8189988618163
2024-01-01 04:30:49,3,17.255217195825264
2024-01-01 04:31:07,3,13.513713324620667
2024-01-01 04:32:01,3,12.264945924779589
2024-01-01 04:33:25,3,22.790680788057024
2024-01-01 04:34:32,3,17.951349162458282
2024-01-01 04:35:22,3,14.736480474323264
2024-01-01 04:37:15,3,15.184594614738131
2024-01-01 04:39:08,3,45.53435481472185
2024-01-01 04:41:06,3,44.33729628612899
2024-01-01 04:42:28,3,46.80709714423581
2024-01-01 04:44:19,3,9.053297105042079
2024-01-01 04:45:17,3,20.402563118826862
2024-01-01 04:46:48,3,21.634262495352512
2024-01-01 04:47:50,3,17.556761086011512
2024-01-01 04:48:30,3,12.445533035819022
2024-01-01 04:48:57,3,21.63595765174901
2024-01-01 04:50:42,3,5.4845563825520145
2024-01-01 04:51:41,3,15.159990899408598
2024-01-01 04:52:58,3,24.372315649059757
2024-01-01 04:54:51,3,22.07984446655847
2024-01-01 04:56:33,3,19.409990224479788
2024-01-01 04:57:31,3,25.214275349056418
2024-01-01 04:57:55,3,20.310379079990703
2024-01-01 04:58:31,3,15.633768888613027
2024-01-01 04:59:44,3,14.941360531716064
2024-01-01 05:00:37,3,19.151578524361717
2024-01-01 05:00:59,3,20.326719969789384
2024-01-01 05:02:14,3,12.22822052475933
2024-01-01 05:03:50,3,21.507358583258792
2024-01-01 05:05:15,3,18.430021975799985
2024-01-01 05:06:38,3,24.968655198040256
2024-01-01 05:06:59,3,14.096091573014515
2024-01-01 05:07:23,3,15.913606514121858
2024-01-01 05:09:20,3,27.57834029232761
2024-01-01 05:10:16,3,16.573416314185195
2024-01-01 05:11:50,3,21.879637958313623
2024-01-01 05:12:35,3,55.868116661604034
2024-01-01 05:13:53,3,72.77336054612869
2024-01-01 05:15:32,3,35.431602685760836
2024-01-01 05:15:54,3,52.586621275267376
2024-01-01 05:17:19,3,45.734897346441755
2024-01-01 05:18:27,3,22.784303908628416
2024-01-01 05:20:07,3,15.36763144563569
2024-01-01 05:21:46,3,19.996428491241893
2024-01-01 05:22:52,3,18.0741669398236
2024-01-01 05:23:09,3,17.94547923425219
2024-01-01 05:23:40,3,17.090811792040487
2024-01-01 05:24:11,3,5.812651317797037
2024-01-01 05:25:33,3,13.721988890961295
2024-01-01 05:26:52,3,61.70367405873519
2024-01-01 05:28:44,3,67.81383398123634
2024-01-01 05:30:39,3,36.102965163784546
2024-01-01 05:31:14,3,60.555524818325566
2024-01-01 05:31:51,3,48.915399185677394
2024-01-01 05:32:39,3,78.94156742500977
2024-01-01 05:33:06,3,53.76776587071269
2024-01-01 05:34:58,3,58.872008374664055
2024-01-01 05:36:51,3,73.23937473305267
2024-01-01 05:37:20,3,62.34165102053768
2024-01-01 05:38:04,3,38.89918755221131
2024-01-01 05:39:22,3,18.513581256551138
2024-01-01 05:39:52,3,17.04407718874883
2024-01-01 05:40:18,3,14.821961754019965
2024-01-01 05:41:01,3,17.61424779810539
2024-01-01 05:41:56,3,18.386288330729595
2024-01-01 05:42:30,3,5.8130492991273055
2024-01-01 05:44:01,3,20.052149436254513
2024-01-01 05:44:58,3,21.845463314778748
2024-01-01 05:46:17,3,27.81776416771908
2024-01-01 05:47:30,3,19.67580283267559
2024-01-01 05:48:50,3,24.35305395367771
2024-01-01 05:49:06,3,23.44284106997071
2024-01-01 05:50:44,3,21.00050935839024
2024-01-01 05:51:08,3,20.713368926787744
2024-01-01 05:52:23,3,15.415533295058818
2024-01-01 05:53:04,3,18.03131140130111
2024-01-01 05:53:42,3,19.007545640995463
2024-01-01 05:54:30,3,20.31415036613334
2024-01-01 05:56:01,3,15.747908229302858
2024-01-01 05:56:33,3,50.931373790599906
2024-01-01 05:57:54,3,53.736340019438614
2024-01-01 05:59:07,3,57.22802101718861
2024-01-01 06:00:24,3,40.22835583687618
2024-01-01 06:02:15,3,49.89708840436937
2024-01-01 06:03:12,3,18.914008563653706
2024-01-01 06:05:01,3,23.605691725051756
2024-01-01 06:06:50,3,13.837616891383057
2024-01-01 06:07:12,3,18.476751371663894
2024-01-01 06:08:50,3,16.13363071002323
2024-01-01 06:09:04,3,8.6414244013798
2024-01-01 06:11:00,3,15.446580309021746
2024-01-01 06:11:15,3,22.358622120920682
2024-01-01 06:12:30,3,21.876209959320295
2024-01-01 06:13:31,3,19.62138271239435
2024-01-01 06:15:07,3,16.597287570651087
2024-01-01 06:16:57,3,21.692209554566244
2024-01-01 06:18:28,3,19.441183788819618
2024-01-01 06:20:00,3,12.744254813733667
2024-01-01 06:21:23,3,23.888531771775092
2024-01-01 06:21:58,3,9.635191952314324
2024-01-01 06:23:18,3,14.22250275816447
2024-01-01 06:24:05,3,13.87485961615196
2024-01-01 06:25:12,3,10.453802979681903
2024-01-01 06:25:37,3,21.95115137839564
2024-01-01 06:27:02,3,20.527538787958978
2024-01-01 06:27:59,3,17.902425986241493
2024-01-01 06:29:41,3,21.194784071063726
2024-01-01 06:31:12,3,14.457559492354545
2024-01-01 06:31:41,3,14.16130990685309
2024-01-01 06:32:52,3,14.191773805321182
2024-01-01 06:34:36,3,6.543535965579673
2024-01-01 06:36:00,3,12.457514546016084
2024-01-01 06:37:42,3,17.356128726078776
2024-01-01 06:39:12,3,10.948677359130016
2024-01-01 06:39:54,3,25.54155374373775
2024-01-01 06:41:09,3,12.998647386116058
2024-01-01 06:42:17,3,16.361906669672422
2024-01-01 06:43:51,3,21.659820686971585
2024-01-01 06:44:12,3,15.51915263991722
2024-01-01 06:45:10,3,16.40775754834612
2024-01-01 06:46:23,3,19.451053715477176
2024-01-01 06:47:34,3,19.873423919663452
2024-01-01 06:48:07,3,67.54744837337654
2024-01-01 06:49:40,3,67.515288692139
2024-01-01 06:50:52,3,44.647718898045795
2024-01-01 06:52:34,3,64.01976107358018
2024-01-01 06:52:48,3,48.00968239070584
2024-01-01 06:54:07,3,58.07518881250609
2024-01-01 06:55:04,3,31.073982254807213
2024-01-01 06:56:13,3,53.54028475457251
2024-01-01 06:57:24,3,63.78654850180379
2024-01-01 06:59:11,3,68.48693198645512
2024-01-01 07:00:09,3,49.71390035762258
2024-01-01 07:01:54,3,74.02283140353971
2024-01-01 07:02:40,3,58.899455993834366
2024-01-01 07:03:18,3,55.74887584371558
2024-01-01 07:04:27,3,11.625971923635618
2024-01-01 07:05:03,3,15.73710015028405
2024-01-01 07:05:19,3,25.901698854114848
2024-01-01 07:06:10,3,22.582838068888506
2024-01-01 07:07:03,3,20.832512275276095
2024-01-01 07:07:20,3,16.461552817465492
2024-01-01 07:08:40,3,45.4312382261769
2024-01-01 07:09:17,3,57.9753863522024
2024-01-01 07:11:15,3,74.15219635669948
2024-01-01 07:11:58,3,53.23691517376661
2024-01-01 07:12:26,3,36.219081661169994
2024-01-01 07:13:25,3,58.236529291532825
2024-01-01 07:13:57,3,42.87205752931442
2024-01-01 07:15:25,3,24.900589197760844
2024-01-01 07:16:31,3,7.614204401320093
2024-01-01 07:17:27,3,14.081882189711525
2024-01-01 07:19:22,3,24.931889036403035
2024-01-01 07:19:36,3,17.908880827646392
2024-01-01 07:21:04,3,27.416670548345024
2024-01-01 07:21:53,3,9.914944576259261
2024-01-01 07:23:21,3,12.42376731811593
2024-01-01 07:24:00,3,16.60844872061712
2024-01-01 07:25:14,3,12.765434518281072
2024-01-01 07:26:15,3,14.65688943012267
2024-01-01 07:27:46,3,12.193190845485411
2024-01-01 07:29:20,3,16.225585663330655
2024-01-01 07:30:00,3,22.172005149889493
2024-01-01 07:31:37,3,25.0148847239732
2024-01-01 07:32:32,3,21.42562169207653
2024-01-01 07:33:26,3,22.420621605157
2024-01-01 07:34:50,3,16.09381356363563
2024-01-01 07:35:36,3,16.964191554529798
2024-01-01 07:36:56,3,23.810955263262912
2024-01-01 07:38:41,3,22.50648105603013
2024-01-01 07:40:28,3,13.931677124312237
2024-01-01 07:41:19,3,14.151667954943058
2024-01-01 07:42:28,3,17.251820278741036
2024-01-01 07:43:10,3,11.315110209297227
2024-01-01 07:45:04,3,10.785192799266312
2024-01-01 07:45:44,3,13.884454964422432
2024-01-01 07:46:33,3,57.910519010263634
2024-01-01 07:46:46,3,41.80259181966006
2024-01-01 07:47:45,3,61.8871274455477
2024-01-01 07:48:21,3,61.09737723336705
2024-01-01 07:50:17,3,53.59818806389143
2024-01-01 07:50:58,3,61.49402515822463
2024-01-01 07:52:31,3,61.67218939304529
2024-01-01 07:54:19,3,64.83736043903563
2024-01-01 07:56:10,3,45.28282820723073
2024-01-01 07:56:52,3,46.04782855847445
2024-01-01 07:58:28,3,42.54919212091522
2024-01-01 07:58:51,3,59.69267802503634
2024-01-01 08:00:06,3,65.91560001885296
2024-01-01 08:01:09,3,57.95336731282777
2024-01-01 08:02:37,3,9.663471486523143
2024-01-01 08:03:17,3,25.263265391923465
2024-01-01 08:04:19,3,9.2212105244417
2024-01-01 08:05:16,3,57.159038705262276
2024-01-01 08:06:48,3,58.30693226656855
2024-01-01 08:07:55,3,42.907512455383966
2024-01-01 08:08:32,3,53.50110149947683
2024-01-01 08:08:59,3,53.21515072998873
2024-01-01 08:09:55,3,51.438716371601785
2024-01-01 08:10:40,3,65.87904274305822
2024-01-01 08:11:18,3,55.59137656144669
2024-01-01 08:12:26,3,48.03964922670111
2024-01-01 08:14:25,3,82.81871805379245
2024-01-01 08:15:20,3,62.95267286499315
2024-01-01 08:16:18,3,45.208670333191904
2024-01-01 08:16:54,3,53.253731944345766
2024-01-01 08:18:32,3,47.166063785427134
2024-01-01 08:18:44,3,62.14304040711017
2024-01-01 08:19:53,3,52.229250238137354
2024-01-01 08:21:13,3,54.288394460580506
2024-01-01 08:22:31,3,50.92984108193229
2024-01-01 08:23:28,3,73.50781142435733
2024-01-01 08:24:28,3,57.48258541761684
2024-01-01 08:26:02,3,18.21348637229222
2024-01-01 08:27:06,3,18.343140999663778
2024-01-01 08:28:46,3,23.310956538135954
2024-01-01 08:30:04,3,21.439510414461992
2024-01-01 08:31:57,3,16.26419258790775
2024-01-01 08:32:11,3,53.91836364810636
2024-01-01 08:34:04,3,52.224276914404314
2024-01-01 08:34:28,3,76.47247167895496
2024-01-01 08:36:24,3,57.48024716685534
2024-01-01 08:38:22,3,55.27924442679476
2024-01-01 08:39:29,3,47.46030114709591
2024-01-01 08:41:25,3,58.49615331028385
2024-01-01 08:42:34,3,56.33499419061371
2024-01-01 08:43:27,3,76.02715690754178
2024-01-01 08:43:44,3,55.92665338644107
2024-01-01 08:43:58,3,47.404752467402226
2024-01-01 08:44:24,3,59.557920630533516
2024-01-01 08:45:11,3,39.01258316583839
2024-01-01 08:46:22,3,51.12547816333171
2024-01-01 08:48:02,3,60.3697612069988
2024-01-01 08:49:31,3,19.522645593946784
2024-01-01 08:50:13,3,51.45409367497019
2024-01-01 08:51:21,3,49.54447397263113
2024-01-01 08:52:20,3,65.892722469311
2024-01-01 08:53:59,3,58.82033705716011
2024-01-01 08:55:52,3,75.11982430762255
2024-01-01 08:56:20,3,82.45158353008374
2024-01-01 08:57:09,3,55.472995133068984
2024-01-01 08:58:49,3,53.98126176466184
2024-01-01 08:59:52,3,55.62023177956726
2024-01-01 09:00:39,3,45.16645142965295
2024-01-01 09:00:52,3,43.84903326808603
2024-01-01 09:01:54,3,39.746932984050986
2024-01-01 09:02:34,3,49.053270128378315
2024-01-01 09:02:53,3,50.774315809787815
2024-01-01 09:04:44,3,37.482440832101176
2024-01-01 09:05:09,3,66.28832746943446
2024-01-01 09:05:43,3,12.109101563328615
2024-01-01 09:07:39,3,20.16425201259987
2024-01-01 09:09:28,3,15.556723016941334
2024-01-01 09:09:50,3,16.67072352276571
2024-01-01 09:10:17,3,17.331861351366143
2024-01-01 09:11:37,3,14.11652973513928
2024-01-01 09:13:06,3,15.714930900739011
2024-01-01 09:14:40,3,19.127050713149963
2024-01-01 09:16:18,3,20.773193540659037
2024-01-01 09:16:52,3,9.880410787150165
2024-01-01 09:17:53,3,10.786821644934097
2024-01-01 09:19:28,3,18.497787987999835
2024-01-01 09:20:45,3,12.269872862585999
2024-01-01 09:22:31,3,71.41150270239477
2024-01-01 09:24:15,3,46.21878296394547
2024-01-01 09:24:58,3,45.150538748829675
2024-01-01 09:26:34,3,48.660065367434854
2024-01-01 09:28:00,3,51.40031578575876
2024-01-01 09:28:12,3,52.09859097182772
2024-01-01 09:29:28,3,53.422318197103806
2024-01-01 09:30:41,3,55.498170901774344
2024-01-01 09:32:19,3,50.57129585532949
2024-01-01 09:32:38,3,59.96055024451787
2024-01-01 09:33:46,3,52.42593219681646
2024-01-01 09:35:02,3,53.13426746944636
2024-01-01 09:36:48,3,76.71192861062495
2024-01-01 09:38:15,3,63.597507610109076
2024-01-01 09:38:42,3,61.43809031953393
2024-01-01 09:39:12,3,56.1931163387079
2024-01-01 09:39:59,3,57.1737212669431
2024-01-01 09:40:49,3,13.801958139796639
2024-01-01 09:42:16,3,14.619646423531952
2024-01-01 09:42:56,3,19.543591970969203
2024-01-01 09:44:14,3,16.30515974588332
2024-01-01 09:45:46,3,9.054938047492794
2024-01-01 09:46:18,3,23.035589117061864
2024-01-01 09:46:57,3,17.108125401958635
2024-01-01 09:48:29,3,13.592293639630835
2024-01-01 09:49:36,3,26.963950011716264
2024-01-01 09:50:54,3,10.303713140938303
2024-01-01 09:52:49,3,48.44672476799206
2024-01-01 09:54:05,3,56.949677059907586
2024-01-01 09:54:29,3,69.33631344390557
2024-01-01 09:54:46,3,66.19010768352882
2024-01-01 09:55:32,3,60.6285106609671
2024-01-01 09:55:48,3,35.3827904573704
2024-01-01 09:56:19,3,54.71982377666
2024-01-01 09:57:57,3,24.035016193762743
2024-01-01 09:58:23,3,17.04674625906056
2024-01-01 09:59:32,3,18.918619759388356
2024-01-01 09:59:48,3,23.223331178377034
2024-01-01 10:00:51,3,14.93200714130996
2024-01-01 10:01:53,3,20.807867352855524
2024-01-01 10:02:52,3,17.006654330885485
2024-01-01 10:03:53,3,16.226490278340297
2024-01-01 10:05:26,3,14.134809087994546
2024-01-01 10:06:40,3,17.03596956346294
2024-01-01 10:07:18,3,11.302410382174815
2024-01-01 10:09:16,3,36.08695847769786
2024-01-01 10:10:05,3,60.336354278050834
2024-01-01 10:12:02,3,83.38396355664128
2024-01-01 10:12:24,3,37.07374767564721
2024-01-01 10:13:37,3,54.371508926274245
2024-01-01 10:13:48,3,59.54006225593851
2024-01-01 10:15:15,3,23.508027538220848
2024-01-01 10:16:40,3,15.808575338286175
2024-01-01 10:16:52,3,12.433543401676527
2024-01-01 10:17:22,3,20.50713183376753
2024-01-01 10:17:59,3,17.704104445947777
2024-01-01 10:18:46,3,47.24478150621489
2024-01-01 10:19:26,3,69.56789451090506
2024-01-01 10:21:15,3,42.151987498773806
2024-01-01 10:21:47,3,40.23912362196706
2024-01-01 10:23:45,3,52.85874968905753
2024-01-01 10:23:58,3,56.34074534903057
2024-01-01 10:25:25,3,71.2663638373346
2024-01-01 10:26:52,3,63.184903662307974
2024-01-01 10:28:50,3,47.04682935485637
2024-01-01 10:30:33,3,44.8095372887391
2024-01-01 10:31:20,3,51.19788844544746
2024-01-01 10:31:53,3,35.80707421143032
2024-01-01 10:33:24,3,63.645406694634495
2024-01-01 10:33:39,3,35.57429428562594
2024-01-01 10:35:03,3,29.79807129550052
2024-01-01 10:35:50,3,11.647558772090893
2024-01-01 10:37:29,3,22.816132669469695
2024-01-01 10:38:34,3,16.786355658935847
2024-01-01 10:39:56,3,23.000187229129565
2024-01-01 10:40:15,3,19.31008287179238
2024-01-01 10:42:10,3,22.66711477237932
2024-01-01 10:43:22,3,25.813340448738796
2024-01-01 10:43:49,3,13.16690429718966
2024-01-01 10:44:49,3,15.666890682576154
2024-01-01 10:46:27,3,16.157473939219493
2024-01-01 10:47:32,3,52.194282934014474
2024-01-01 10:49:23,3,48.83972456282044
2024-01-01 10:50:02,3,71.15004367554698
2024-01-01 10:50:47,3,52.31370559117498
2024-01-01 10:51:31,3,54.88544113101716
2024-01-01 10:52:16,3,44.09762290869605
2024-01-01 10:53:08,3,49.86286538287441
2024-01-01 10:54:33,3,57.60921656806705
2024-01-01 10:55:15,3,41.50281363673136
2024-01-01 10:56:09,3,60.89632960469405
2024-01-01 10:57:03,3,49.858133936588025
2024-01-01 10:57:24,3,50.954498750574736
2024-01-01 10:57:55,3,59.97233151357862
2024-01-01 10:58:16,3,59.95137870045973
2024-01-01 10:59:33,3,48.72439480662198
2024-01-01 10:59:55,3,39.70265521837836
2024-01-01 11:01:01,3,55.60136055716257
2024-01-01 11:02:52,3,64.68441408347594
2024-01-01 11:04:51,3,74.8962331978594
2024-01-01 11:06:15,3,65.07648027585613
2024-01-01 11:07:20,3,63.6033255941672
2024-01-01 11:08:28,3,27.326745773976022
2024-01-01 11:09:16,3,67.83782608325774
2024-01-01 11:10:06,3,83.5362258274045
2024-01-01 11:10:37,3,45.55423280079091
2024-01-01 11:11:52,3,61.558839906913896
2024-01-01 11:12:55,3,54.05727282769034
2024-01-01 11:13:44,3,56.814610634806385
2024-01-01 11:14:47,3,20.315484653318876
2024-01-01 11:15:11,3,15.545867600429755
2024-01-01 11:15:26,3,16.231737225592244
2024-01-01 11:16:33,3,19.13662953411595
2024-01-01 11:17:44,3,17.672730107889144
2024-01-01 11:19:09,3,23.81438846873578
2024-01-01 11:19:58,3,14.77517473572758
2024-01-01 11:21:56,3,22.342971229440078
2024-01-01 11:23:49,3,24.416772886441027
2024-01-01 11:24:46,3,17.482060526764677
2024-01-01 11:26:42,3,14.658967023153444
2024-01-01 11:27:17,3,7.495855660995998
2024-01-01 11:27:48,3,20.78530286015019
2024-01-01 11:28:11,3,22.50227476390144
2024-01-01 11:29:24,3,13.980915707718813
2024-01-01 11:30:12,3,14.217206939806552
2024-01-01 11:31:06,3,19.344709813746356
2024-01-01 11:32:34,3,26.440477718067818
2024-01-01 11:33:54,3,14.850640763642414
2024-01-01 11:34:04,3,11.390370599602639
2024-01-01 11:35:27,3,23.11573552147828
2024-01-01 11:36:29,3,21.65439583716238
2024-01-01 11:37:35,3,17.49335488590955
2024-01-01 11:38:29,3,11.329196221253873
2024-01-01 11:39:21,3,14.77552070677831
2024-01-01 11:40:46,3,14.352814755761754
2024-01-01 11:42:08,3,25.36451622832589
2024-01-01 11:42:28,3,16.346343896008605
2024-01-01 11:42:56,3,55.53040784270447
2024-01-01 11:43:41,3,53.02500049131336
2024-01-01 11:45:01,3,37.28577448556156
2024-01-01 11:46:04,3,42.701168847134596
2024-01-01 11:47:48,3,75.33459078472238
2024-01-01 11:49:45,3,59.859000179845616
2024-01-01 11:49:55,3,57.19308913132054
2024-01-01 11:51:46,3,55.35295390745216
2024-01-01 11:52:03,3,35.374695054790784
2024-01-01 11:52:32,3,50.25946926964194
2024-01-01 11:53:36,3,52.52920563192281
2024-01-01 11:54:46,3,43.703325406894635
2024-01-01 11:56:35,3,65.25799419948306
2024-01-01 11:57:31,3,21.712613029669335
2024-01-01 11:59:06,3,20.652301344713297
2024-01-01 12:00:31,3,10.214376196164853
2024-01-01 12:01:38,3,61.18884817865093
2024-01-01 12:02:23,3,66.24987106380163
2024-01-01 12:04:18,3,54.30148131816357
2024-01-01 12:04:59,3,47.025145026562114
2024-01-01 12:06:47,3,50.197564801508825
2024-01-01 12:07:28,3,68.89863702350658
2024-01-01 12:08:39,3,59.13235915105571
2024-01-01 12:09:46,3,50.77146601659281
2024-01-01 12:10:27,3,56.172220902356756
2024-01-01 12:11:35,3,53.33611060533573
2024-01-01 12:12:04,3,41.34969952096188
2024-01-01 12:12:32,3,54.669690910132616
2024-01-01 12:13:36,3,40.81632400235154
2024-01-01 12:14:27,3,57.47774701885851
2024-01-01 12:16:04,3,21.614993290192125
2024-01-01 12:17:26,3,18.824290052363153
2024-01-01 12:18:16,3,21.24465528016461
2024-01-01 12:19:13,3,20.894746019509167
2024-01-01 12:20:33,3,18.986976176321388
2024-01-01 12:21:21,3,18.215604424853243
2024-01-01 12:22:46,3,19.02005340327249
2024-01-01 12:24:43,3,22.34918141491293
2024-01-01 12:25:35,3,57.32446287587911
2024-01-01 12:26:47,3,49.56175132792568
2024-01-01 12:28:00,3,49.43304531125725
2024-01-01 12:28:38,3,58.229683850718644
2024-01-01 12:29:10,3,48.2688000250902
2024-01-01 12:31:04,3,54.13662409652086
2024-01-01 12:31:58,3,58.4301196021346
2024-01-01 12:32:17,3,55.88357991156072
2024-01-01 12:32:33,3,55.53384272479022
2024-01-01 12:33:59,3,61.28102969833705
2024-01-01 12:35:54,3,52.58080341262836
2024-01-01 12:37:04,3,46.886214991044405
2024-01-01 12:39:01,3,46.38556570535714
2024-01-01 12:40:16,3,55.97488939023697
2024-01-01 12:41:19,3,34.46491088780603
2024-01-01 12:42:46,3,48.95421457293729
2024-01-01 12:43:25,3,35.5924935738438
2024-01-01 12:45:21,3,45.91782804482338
2024-01-01 12:45:55,3,57.0648550442345
2024-01-01 12:47:44,3,56.623531982622374
2024-01-01 12:48:56,3,53.48341838384297
2024-01-01 12:49:59,3,67.37958821208167
2024-01-01 12:51:49,3,55.1104699243889
2024-01-01 12:53:03,3,43.352510076662796
2024-01-01 12:54:22,3,57.305706417664794
2024-01-01 12:54:43,3,16.94787136220384
2024-01-01 12:56:17,3,26.3026626870393
2024-01-01 12:57:48,3,24.278576584704084
2024-01-01 12:59:23,3,19.817866996146304
2024-01-01 13:01:13,3,23.079405921078692
2024-01-01 13:01:44,3,16.193360733181184
2024-01-01 13:02:53,3,18.684728043188848
2024-01-01 13:04:00,3,16.79076254998266
2024-01-01 13:05:34,3,12.638903424124823
2024-01-01 13:07:21,3,18.652095537546558
2024-01-01 13:08:07,3,16.289839862673297
2024-01-01 13:09:57,3,16.70082441949818
2024-01-01 13:11:31,3,16.0319540074462
2024-01-01 13:13:22,3,18.923794063942207
2024-01-01 13:13:36,3,16.166319607414888
2024-01-01 13:14:04,3,14.789364130841983
2024-01-01 13:15:24,3,7.867111117002823
2024-01-01 13:15:54,3,64.72261517479888
2024-01-01 13:17:08,3,43.82078336423092
2024-01-01 13:18:19,3,51.541785769289554
2024-01-01 13:19:30,3,58.70972558468616
2024-01-01 13:20:31,3,43.46517469111356
2024-01-01 13:22:17,3,51.29963387431803
2024-01-01 13:23:41,3,20.98714767764444
2024-01-01 13:25:15,3,17.8125461413759
2024-01-01 13:26:01,3,15.21363206818065
2024-01-01 13:27:27,3,6.700539130470123
2024-01-01 13:28:37,3,27.32111304396204
2024-01-01 13:30:11,3,16.408997044568032
2024-01-01 13:30:27,3,24.207149759386162
2024-01-01 13:31:51,3,21.198187870576692
2024-01-01 13:32:34,3,11.191376117121818
2024-01-01 13:33:28,3,23.983776621544763
2024-01-01 13:33:44,3,14.82184192069201
2024-01-01 13:35:13,3,9.799531221450815
2024-01-01 13:37:02,3,27.58643984302877
2024-01-01 13:37:15,3,22.145492200091677
2024-01-01 13:37:58,3,15.733137896850812
2024-01-01 13:38:57,3,21.27239156455054
2024-01-01 13:39:54,3,13.156538311302352
2024-01-01 13:41:49,3,6.555456556728057
2024-01-01 13:42:56,3,12.186447803361194
2024-01-01 13:43:17,3,17.191781027606947
2024-01-01 13:45:11,3,11.754146901765548
2024-01-01 13:46:20,3,16.25184861886639
2024-01-01 13:46:58,3,11.606320725903718
2024-01-01 13:47:15,3,11.870538682800271
2024-01-01 13:49:01,3,17.51192560550773
2024-01-01 13:50:12,3,10.422367693072053
2024-01-01 13:52:04,3,14.864745772763246
2024-01-01 13:53:49,3,24.037515974759604
2024-01-01 13:54:55,3,19.18284446706612
2024-01-01 13:56:53,3,15.924768456952252
2024-01-01 13:58:34,3,12.29864004900833
2024-01-01 13:59:42,3,21.136999634845374
2024-01-01 14:01:24,3,16.465810880260676
2024-01-01 14:02:30,3,14.91426182190277
2024-01-01 14:04:14,3,19.88747382532457
2024-01-01 14:04:46,3,4.437757022084607
2024-01-01 14:05:50,3,16.705527648911733
2024-01-01 14:07:14,3,18.058271189162486
2024-01-01 14:08:23,3,16.479470675883434
2024-01-01 14:09:07,3,21.237792071968105
2024-01-01 14:09:47,3,8.467234115745987
2024-01-01 14:11:08,3,14.928226060596447
2024-01-01 14:12:16,3,14.830166871849986
2024-01-01 14:12:38,3,20.86183470788825
2024-01-01 14:14:03,3,14.848839631767804
2024-01-01 14:15:59,3,10.147624773160146
2024-01-01 14:16:25,3,21.763543468030925
2024-01-01 14:18:00,3,21.916351084683647
2024-01-01 14:19:21,3,29.240834805029202
2024-01-01 14:20:00,3,17.403014569809944
2024-01-01 14:20:41,3,16.390200424669285
2024-01-01 14:21:34,3,13.969279162673057
2024-01-01 14:22:20,3,44.50776749952981
2024-01-01 14:23:13,3,61.84574725035847
2024-01-01 14:24:52,3,54.227077909191536
2024-01-01 14:26:47,3,37.305252212430176
2024-01-01 14:28:10,3,50.38536124142489
2024-01-01 14:29:59,3,49.883066322006506
2024-01-01 14:30:14,3,51.68684821370073
2024-01-01 14:32:09,3,58.944218789448946
2024-01-01 14:32:46,3,60.384187994962694
2024-01-01 14:34:41,3,42.62669253785825
2024-01-01 14:36:10,3,55.77383276834055
2024-01-01 14:37:11,3,48.68319049844352
2024-01-01 14:37:56,3,16.824920853137723
2024-01-01 14:39:20,3,45.5726387781355
2024-01-01 14:40:44,3,57.04900857977125
2024-01-01 14:42:04,3,52.2401785689325
2024-01-01 14:42:36,3,67.16006538911476
2024-01-01 14:43:12,3,47.806783131918266
2024-01-01 14:44:17,3,65.96613183462053
2024-01-01 14:44:45,3,15.859940339728988
2024-01-01 14:45:56,3,12.58485547703841
2024-01-01 14:47:17,3,20.775704053127846
2024-01-01 14:49:06,3,20.822491020237486
2024-01-01 14:50:31,3,43.38248699823589
2024-01-01 14:51:53,3,63.18226616459615
2024-01-01 14:53:07,3,56.45520743065513
2024-01-01 14:54:13,3,38.631981356892084
2024-01-01 14:54:48,3,80.23373331399557
2024-01-01 14:55:41,3,53.73751852250412
2024-01-01 14:56:35,3,48.863687616197154
2024-01-01 14:56:55,3,77.50938308530861
2024-01-01 14:58:32,3,60.919314043982176
2024-01-01 14:59:27,3,47.801089712772615
2024-01-01 15:00:51,3,53.97793229048583
2024-01-01 15:02:38,3,50.4700534072471
2024-01-01 15:03:16,3,68.05495866375303
2024-01-01 15:04:13,3,42.80898792488957
2024-01-01 15:04:47,3,40.27464483139968
2024-01-01 15:06:37,3,64.42527127457642
2024-01-01 15:07:11,3,44.28931262259148
2024-01-01 15:09:06,3,18.433715189091032
2024-01-01 15:09:49,3,13.125714322391772
2024-01-01 15:10:27,3,15.712477211107043
2024-01-01 15:11:45,3,13.766461104961522
2024-01-01 15:12:12,3,8.616604665501905
2024-01-01 15:12:37,3,14.004736640131267
2024-01-01 15:14:32,3,19.544861997574156
2024-01-01 15:14:50,3,23.653366053319445
2024-01-01 15:16:20,3,13.791696915145192
2024-01-01 15:17:30,3,15.547162126793308
2024-01-01 15:19:20,3,53.04785778838177
2024-01-01 15:21:00,3,55.75119376061753
2024-01-01 15:22:01,3,57.9794312574822
2024-01-01 15:23:49,3,54.36668593491158
2024-01-01 15:24:11,3,72.65984214007835
2024-01-01 15:25:26,3,59.34652797400501
2024-01-01 15:27:25,3,57.055494588525804
2024-01-01 15:28:47,3,39.81275703919657
2024-01-01 15:30:10,3,72.06821470354491
2024-01-01 15:31:48,3,46.44037841274269
2024-01-01 15:32:43,3,59.84529482898302
2024-01-01 15:33:09,3,65.05174704368324
2024-01-01 15:34:17,3,55.88766685854455
2024-01-01 15:36:11,3,58.31329252060807
2024-01-01 15:36:44,3,51.943964198010676
2024-01-01 15:38:09,3,45.204651863776775
2024-01-01 15:39:44,3,18.30119354639367
2024-01-01 15:40:36,3,22.96221648329143
2024-01-01 15:41:44,3,14.407642893627337
2024-01-01 15:42:23,3,25.895677981299517
2024-01-01 15:43:40,3,17.631529840224065
2024-01-01 15:44:47,3,19.593659260514816
2024-01-01 15:46:05,3,18.50711482119829
2024-01-01 15:46:24,3,14.231461775691269
2024-01-01 15:48:09,3,19.63936803155229
2024-01-01 15:48:52,3,1.0
2024-01-01 15:49:14,3,7.692384439438753
2024-01-01 15:49:51,3,13.99912350667948
2024-01-01 15:51:00,3,20.704012101993488
2024-01-01 15:52:11,3,20.457998251292594
2024-01-01 15:53:16,3,16.35260868006192
2024-01-01 15:54:46,3,21.167329045251968
2024-01-01 15:54:57,3,14.969446669951466
2024-01-01 15:55:26,3,10.191780697480633
2024-01-01 15:56:50,3,20.209202724679173
2024-01-01 15:57:02,3,26.134057833505445
2024-01-01 15:57:28,3,15.035040029763369
2024-01-01 15:59:14,3,10.847849139036061
2024-01-01 16:01:12,3,20.23892063899975
2024-01-01 16:02:09,3,11.2013612411696
2024-01-01 16:03:22,3,17.272275131801145
2024-01-01 16:04:25,3,11.019033419770572
2024-01-01 16:06:15,3,23.70392900226237
2024-01-01 16:06:59,3,19.465044036293275
2024-01-01 16:08:57,3,23.527062026074912
2024-01-01 16:10:54,3,22.532122937005212
2024-01-01 16:11:52,3,16.931148759688256
2024-01-01 16:13:13,3,12.983490845122517
2024-01-01 16:13:48,3,22.264029502783874
2024-01-01 16:15:20,3,21.706970457509943
2024-01-01 16:15:49,3,15.499236593926353
2024-01-01 16:16:02,3,20.66011216136393
2024-01-01 16:16:26,3,17.228348120601446
2024-01-01 16:17:07,3,22.800918346871747
2024-01-01 16:18:08,3,16.300081388242404
2024-01-01 16:19:01,3,27.764722769997533
2024-01-01 16:20:33,3,12.958854127725608
2024-01-01 16:20:55,3,38.6153615173517
2024-01-01 16:21:16,3,53.91383345061658
2024-01-01 16:23:05,3,53.83929189879517
2024-01-01 16:23:15,3,61.612363481148584
2024-01-01 16:23:58,3,45.95048511086856
2024-01-01 16:24:41,3,59.18911611372786
2024-01-01 16:25:20,3,24.66010637854731
2024-01-01 16:27:19,3,57.99794874163164
2024-01-01 16:28:39,3,38.443606398299174
2024-01-01 16:29:17,3,65.91459846412651
2024-01-01 16:31:03,3,14.627634553145459
2024-01-01 16:32:05,3,18.529439337965357
2024-01-01 16:34:02,3,7.8099951522380575
2024-01-01 16:34:48,3,20.219189623976003
2024-01-01 16:35:58,3,10.24872501423695
2024-01-01 16:37:33,3,19.16435021174183
2024-01-01 16:38:11,3,9.820859752466124
2024-01-01 16:38:34,3,19.056247588543595
2024-01-01 16:39:01,3,20.96518636964874
2024-01-01 16:39:31,3,11.675255530564662
2024-01-01 16:40:35,3,14.484626714116066
2024-01-01 16:41:49,3,20.95113590888725
2024-01-01 16:42:31,3,58.45760751743466
2024-01-01 16:43:38,3,37.8320262975717
2024-01-01 16:45:21,3,37.88757548864912
2024-01-01 16:46:38,3,48.43965241759345
2024-01-01 16:48:12,3,66.11631474141052
2024-01-01 16:48:27,3,60.98250813681366
2024-01-01 16:49:59,3,58.315999542790614
2024-01-01 16:51:50,3,10.2448690900834
2024-01-01 16:52:11,3,25.525979994395197
2024-01-01 16:52:35,3,12.487586165856053
2024-01-01 16:52:50,3,19.731968101747338
2024-01-01 16:54:40,3,15.604255928476295
2024-01-01 16:56:32,3,21.286960239575244
2024-01-01 16:58:14,3,21.96333920106887
2024-01-01 16:59:53,3,16.431066316381255
2024-01-01 17:01:43,3,15.890288571562746
2024-01-01 17:03:18,3,13.541218774044598
2024-01-01 17:04:30,3,24.041739509404678
2024-01-01 17:05:52,3,18.81429662309612
2024-01-01 17:07:42,3,28.17621447088102
2024-01-01 17:07:54,3,25.377822430750015
2024-01-01 17:08:46,3,18.35147174269449
2024-01-01 17:10:37,3,18.033132102055447
2024-01-01 17:12:02,3,12.542638308496926
2024-01-01 17:12:33,3,16.3686626636606
2024-01-01 17:12:55,3,26.103870417044725
2024-01-01 17:13:36,3,16.057283753084786
2024-01-01 17:15:08,3,17.272560026613537
2024-01-01 17:16:54,3,17.609945292627074
2024-01-01 17:17:52,3,20.99086075167397
2024-01-01 17:18:57,3,13.12233532192684
2024-01-01 17:20:11,3,18.512917844215984
2024-01-01 17:21:25,3,13.27030367389796
2024-01-01 17:23:08,3,18.792239355845844
2024-01-01 17:24:26,3,17.488610663697575
2024-01-01 17:26:14,3,21.170117030213326
2024-01-01 17:28:05,3,19.43764560076611
2024-01-01 17:28:38,3,23.387284798728622
2024-01-01 17:29:29,3,12.502484663290545
2024-01-01 17:31:04,3,17.73057624356308
2024-01-01 17:31:20,3,14.285789042361802
2024-01-01 17:31:35,3,17.658985137382242
2024-01-01 17:32:30,3,18.22613095323279
2024-01-01 17:32:47,3,20.042426690732352
2024-01-01 17:34:00,3,13.693559488070495
2024-01-01 17:35:07,3,65.87604564614412
2024-01-01 17:36:48,3,36.50411489558611
2024-01-01 17:37:15,3,61.26944163603179
2024-01-01 17:37:57,3,62.47401194915904
2024-01-01 17:39:20,3,32.23649462947438
2024-01-01 17:40:40,3,52.88377621245778
2024-01-01 17:41:57,3,46.80378405457675
2024-01-01 17:42:50,3,55.05954019878182
2024-01-01 17:44:19,3,42.942726837690834
2024-01-01 17:46:11,3,48.49510915910992
2024-01-01 17:46:56,3,65.55078926269647
2024-01-01 17:48:29,3,57.074358047805404
2024-01-01 17:50:12,3,51.12511336730309
2024-01-01 17:51:09,3,52.52828387755601
2024-01-01 17:52:58,3,57.68811197182042
2024-01-01 17:54:51,3,44.71918240156829
2024-01-01 17:55:18,3,61.32582799642197
2024-01-01 17:55:53,3,42.57128413936865
2024-01-01 17:57:27,3,52.573335385728775
2024-01-01 17:58:08,3,30.901459493453874
2024-01-01 17:58:29,3,14.55172247549528
2024-01-01 17:59:13,3,17.733937818635084
2024-01-01 17:59:35,3,12.597752864529657
2024-01-01 18:01:11,3,18.38013886590197
2024-01-01 18:01:26,3,17.86503500530919
2024-01-01 18:03:23,3,47.284134333997756
2024-01-01 18:04:01,3,60.09666209000023
2024-01-01 18:05:24,3,64.77582146776189
2024-01-01 18:06:47,3,56.339418829520135
2024-01-01 18:08:13,3,48.883068782982015
2024-01-01 18:08:32,3,55.157943010573725
2024-01-01 18:10:31,3,49.57650026389686
2024-01-01 18:12:15,3,63.34917347426754
2024-01-01 18:12:59,3,41.51552250968892
2024-01-01 18:14:51,3,51.007433540540376
2024-01-01 18:15:55,3,64.06870534610285
2024-01-01 18:17:41,3,45.56757237356222
2024-01-01 18:19:05,3,45.745447519009424
2024-01-01 18:19:16,3,48.5888834584723
2024-01-01 18:20:56,3,71.5886969445533
2024-01-01 18:21:13,3,58.42956267455306
2024-01-01 18:22:41,3,48.52974199701343
2024-01-01 18:23:32,3,75.17775813175065
2024-01-01 18:23:42,3,55.43908301877157
2024-01-01 18:24:08,3,40.165340478942504
2024-01-01 18:26:06,3,61.14830967677689
2024-01-01 18:26:46,3,66.28672826973269
2024-01-01 18:28:15,3,46.08151287272286
2024-01-01 18:29:30,3,17.647825852112863
2024-01-01 18:29:58,3,44.300694344041105
2024-01-01 18:31:30,3,68.84871093794044
2024-01-01 18:33:14,3,58.966279392214574
2024-01-01 18:33:59,3,69.00440084798325
2024-01-01 18:34:15,3,54.19576750144013
2024-01-01 18:35:22,3,42.97328492228008
2024-01-01 18:36:58,3,45.09986286096861
2024-01-01 18:37:43,3,42.72963600693673
2024-01-01 18:39:24,3,19.0957617982704
2024-01-01 18:39:52,3,13.562671340098937
2024-01-01 18:41:21,3,14.587294466561836
2024-01-01 18:41:48,3,19.90675790577458
2024-01-01 18:42:27,3,18.20606387514001
2024-01-01 18:43:33,3,19.017410017261437
2024-01-01 18:44:46,3,40.89197714909041
2024-01-01 18:46:38,3,40.90119615416674
2024-01-01 18:47:23,3,50.2062281225859
2024-01-01 18:48:49,3,56.86783626337398
2024-01-01 18:50:14,3,42.03391241791628
2024-01-01 18:51:56,3,53.324855452125895
2024-01-01 18:52:31,3,58.49304615032813
2024-01-01 18:53:33,3,49.33044575712194
2024-01-01 18:53:52,3,60.97064585754059
2024-01-01 18:54:32,3,48.85645390714493
2024-01-01 18:55:01,3,46.98570124551695
2024-01-01 18:55:54,3,65.29397618135322
2024-01-01 18:57:26,3,50.284252966434636
2024-01-01 18:58:10,3,81.46230923264514
2024-01-01 18:58:39,3,67.4218245369357
2024-01-01 19:00:32,3,53.99304127182823
2024-01-01 19:01:23,3,45.53686177252204
2024-01-01 19:02:49,3,39.22193594740353
2024-01-01 19:04:07,3,74.97500093179674
2024-01-01 19:05:09,3,55.15908658399631
2024-01-01 19:05:51,3,56.80496056078081
2024-01-01 19:07:19,3,14.959606772239269
2024-01-01 19:07:33,3,26.371220664415254
2024-01-01 19:09:12,3,12.99503457278729
2024-01-01 19:11:00,3,16.02246884935395
2024-01-01 19:12:36,3,19.97708787717121
2024-01-01 19:14:23,3,18.468462899722592
2024-01-01 19:15:31,3,12.776527594527057
2024-01-01 19:15:45,3,18.922547231509313
2024-01-01 19:17:18,3,17.092950130382235
2024-01-01 19:17:52,3,20.168352661890594
2024-01-01 19:19:27,3,15.962092862014853
2024-01-01 19:19:56,3,24.6371605866533
2024-01-01 19:21:24,3,21.66424564836003
2024-01-01 19:21:50,3,14.51939943230986
2024-01-01 19:23:34,3,15.219461561784321
2024-01-01 19:24:17,3,13.622038946614563
2024-01-01 19:26:13,3,13.694175846576986
2024-01-01 19:27:24,3,18.413576195298557
2024-01-01 19:28:35,3,17.873782899660217
2024-01-01 19:29:05,3,18.38465295605214
2024-01-01 19:29:18,3,15.723386780163263
2024-01-01 19:30:03,3,21.055356270834167
2024-01-01 19:30:58,3,23.115251867350715
2024-01-01 19:32:27,3,15.672230056564839
2024-01-01 19:34:05,3,7.779105484523251
2024-01-01 19:35:12,3,21.20446277577211
2024-01-01 19:35:23,3,11.173246342198434
2024-01-01 19:36:34,3,56.886146562136275
2024-01-01 19:36:47,3,62.59375499389452
2024-01-01 19:37:21,3,47.12448531036779
2024-01-01 19:37:58,3,62.04789442438987
2024-01-01 19:38:43,3,63.0954188825294
2024-01-01 19:40:27,3,55.366610283914355
2024-01-01 19:40:48,3,51.21305197531148
2024-01-01 19:41:38,3,45.88346862689325
2024-01-01 19:42:12,3,42.62531577900357
2024-01-01 19:43:42,3,35.03029114429367
2024-01-01 19:44:00,3,51.12045186649264
2024-01-01 19:45:16,3,54.57304771386667
2024-01-01 19:46:58,3,51.96983740828157
2024-01-01 19:48:55,3,42.48062801586899
2024-01-01 19:49:39,3,42.56811358534358
2024-01-01 19:51:15,3,54.45116822803668
2024-01-01 19:52:11,3,54.46684820264068
2024-01-01 19:54:03,3,46.84005707312441
2024-01-01 19:54:54,3,76.21438072045518
2024-01-01 19:55:41,3,46.44279365246312
2024-01-01 19:56:14,3,59.00838637503098
2024-01-01 19:57:59,3,18.133680485096946
2024-01-01 19:59:56,3,20.003478889891063
2024-01-01 20:01:19,3,9.227784533713162
2024-01-01 20:02:04,3,31.278802244563327
2024-01-01 20:02:14,3,17.430099050089858
2024-01-01 20:04:08,3,17.94400414270115
2024-01-01 20:05:56,3,17.2984188597642
2024-01-01 20:07:24,3,28.08903224396515
2024-01-01 20:09:10,3,21.99955476245402
2024-01-01 20:09:23,3,20.67064059397337
2024-01-01 20:10:05,3,18.84846578985642
2024-01-01 20:11:45,3,20.409839135264463
2024-01-01 20:12:16,3,15.271705033942839
2024-01-01 20:13:39,3,22.261448447264062
2024-01-01 20:14:01,3,24.675143326368303
2024-01-01 20:14:13,3,15.637518195327157
2024-01-01 20:15:17,3,25.278534641181462
2024-01-01 20:17:09,3,17.97495897718963
2024-01-01 20:17:51,3,16.631274187769225
2024-01-01 20:18:38,3,19.508366306199186
2024-01-01 20:20:30,3,18.384653026026925
2024-01-01 20:22:13,3,14.901261353695375
2024-01-01 20:23:45,3,17.445041820173717
2024-01-01 20:24:36,3,15.455398691254402
2024-01-01 20:25:03,3,13.49534527575316
2024-01-01 20:25:51,3,28.42562230638516
2024-01-01 20:27:38,3,19.12121518536849
2024-01-01 20:28:35,3,15.105186892287314
2024-01-01 20:29:33,3,25.791749800709887
2024-01-01 20:31:27,3,21.31153071184151
2024-01-01 20:31:52,3,18.256019552869823
2024-01-01 20:33:25,3,11.85825617381048
2024-01-01 20:34:15,3,17.98379950786172
2024-01-01 20:35:22,3,19.114899276571467
2024-01-01 20:35:37,3,14.643344482676756
2024-01-01 20:37:21,3,15.093454864413264
2024-01-01 20:37:34,3,14.980329540025682
2024-01-01 20:38:27,3,24.59603591859478
2024-01-01 20:39:23,3,17.60336940757422
2024-01-01 20:40:37,3,19.39600074361379
2024-01-01 20:41:23,3,20.734978624388177
2024-01-01 20:43:07,3,24.639797393354815
2024-01-01 20:44:54,3,12.309823457051904
2024-01-01 20:45:16,3,10.073033022605271
2024-01-01 20:46:15,3,14.000340642038953
2024-01-01 20:47:18,3,16.8898703453007
2024-01-01 20:49:13,3,20.260346987512673
2024-01-01 20:50:34,3,7.9721737604656795
2024-01-01 20:51:56,3,24.442661695242442
2024-01-01 20:53:07,3,14.3560169278143
2024-01-01 20:53:24,3,22.610632842641152
2024-01-01 20:55:22,3,10.510706534813538
2024-01-01 20:56:52,3,18.756986097450202
2024-01-01 20:58:35,3,14.382952258386311
2024-01-01 21:00:17,3,19.645351454645084
2024-01-01 21:00:37,3,10.44217360814817
2024-01-01 21:01:42,3,24.667001171663625
2024-01-01 21:02:03,3,11.142933188895341
2024-01-01 21:02:50,3,22.36708241271873
2024-01-01 21:03:49,3,15.065515896149972
2024-01-01 21:05:43,3,23.024651470339414
2024-01-01 21:07:31,3,16.03599491559429
2024-01-01 21:08:33,3,19.202237525700056
2024-01-01 21:10:08,3,27.194532821547522
2024-01-01 21:11:28,3,20.264371633974456
2024-01-01 21:12:13,3,16.668935247967543
2024-01-01 21:12:29,3,10.316052430068424
2024-01-01 21:13:39,3,26.789533449273
2024-01-01 21:15:12,3,22.080405220569695
2024-01-01 21:15:30,3,23.881720280857273
2024-01-01 21:16:42,3,51.34075187084866
2024-01-01 21:18:28,3,43.522148526525996
2024-01-01 21:18:56,3,53.88204654501677
2024-01-01 21:20:05,3,61.750409090327196
2024-01-01 21:20:26,3,36.406165528443125
2024-01-01 21:21:04,3,52.31293098750699
2024-01-01 21:22:08,3,49.14493388480268
2024-01-01 21:23:17,3,60.87561541212237
2024-01-01 21:23:32,3,41.33822790791058
2024-01-01 21:24:38,3,54.77236828321708
2024-01-01 21:25:41,3,45.29117127856152
2024-01-01 21:26:57,3,57.340952971711054
2024-01-01 21:27:31,3,52.215069317409395
2024-01-01 21:29:24,3,18.76350849709357
2024-01-01 21:30:10,3,19.55422485885762
2024-01-01 21:31:35,3,18.540009691146548
2024-01-01 21:31:53,3,53.604048728842486
2024-01-01 21:33:43,3,61.06795025059635
2024-01-01 21:35:38,3,45.24666322309778
2024-01-01 21:36:23,3,56.27568233053912
2024-01-01 21:38:09,3,50.38254958653873
2024-01-01 21:38:35,3,41.95996822163362
2024-01-01 21:38:54,3,55.71424980436805
2024-01-01 21:40:42,3,52.86738055987019
2024-01-01 21:41:05,3,64.78002975998409
2024-01-01 21:41:16,3,67.70529224147143
2024-01-01 21:41:44,3,47.993388979367026
2024-01-01 21:41:54,3,51.04876071719312
2024-01-01 21:42:05,3,47.21412953188288
2024-01-01 21:43:48,3,61.44064922957223
2024-01-01 21:44:48,3,55.87703497724331
2024-01-01 21:45:10,3,59.346224085819436
2024-01-01 21:46:07,3,46.61342362479415
2024-01-01 21:47:12,3,48.19091170864305
2024-01-01 21:48:11,3,66.30162185859163
2024-01-01 21:48:59,3,66.60727284317493
2024-01-01 21:49:29,3,64.24913494325172
2024-01-01 21:51:20,3,67.77322764678449
2024-01-01 21:52:10,3,32.71319815574647
2024-01-01 21:53:30,3,73.95421006787197
2024-01-01 21:54:53,3,23.46596094894815
2024-01-01 21:56:34,3,5.525515428799029
2024-01-01 21:57:33,3,17.557678591829077
2024-01-01 21:57:55,3,24.125501462339685
2024-01-01 21:59:53,3,6.489811734563961
2024-01-01 22:01:10,3,17.85893919865684
2024-01-01 22:01:56,3,19.796800815108845
2024-01-01 22:03:45,3,16.47901909809402
2024-01-01 22:05:17,3,16.73430025269847
2024-01-01 22:05:30,3,26.093340231043133
2024-01-01 22:05:57,3,29.693862655239144
2024-01-01 22:07:35,3,24.143969394552578
2024-01-01 22:09:07,3,15.699070040877123
2024-01-01 22:10:21,3,17.509497165348005
2024-01-01 22:11:13,3,14.941131730172401
2024-01-01 22:11:26,3,10.752382396472694
2024-01-01 22:11:36,3,14.761736218109771
2024-01-01 22:12:57,3,16.34996565687557
2024-01-01 22:13:31,3,18.919732012507097
2024-01-01 22:14:46,3,24.60121483626334
2024-01-01 22:16:06,3,25.700539118720158
2024-01-01 22:17:09,3,22.84249401312438
2024-01-01 22:17:27,3,15.084442614567786
2024-01-01 22:18:01,3,22.68376631765213
2024-01-01 22:18:20,3,21.702106070238756
2024-01-01 22:19:28,3,21.349422451078706
2024-01-01 22:20:18,3,25.30208304332278
2024-01-01 22:21:01,3,19.27246387108844
2024-01-01 22:22:20,3,26.79180356098446
2024-01-01 22:22:47,3,25.261782005994824
2024-01-01 22:23:51,3,48.17064893684814
2024-01-01 22:25:37,3,51.3891283661313
2024-01-01 22:26:44,3,35.81365909139262
2024-01-01 22:27:12,3,39.08501845972658
2024-01-01 22:28:47,3,67.28572082061997
2024-01-01 22:30:05,3,77.02243273372913
2024-01-01 22:31:06,3,48.07852949623928
2024-01-01 22:31:49,3,67.90180638778602
2024-01-01 22:32:41,3,48.04190389373834
2024-01-01 22:33:15,3,53.40671422490649
2024-01-01 22:34:21,3,66.44427459644123
2024-01-01 22:35:41,3,56.20930001411953
2024-01-01 22:36:37,3,59.450314405573074
2024-01-01 22:37:32,3,70.24650865290839
2024-01-01 22:39:25,3,42.64792734481521
2024-01-01 22:40:52,3,51.30098954531976
2024-01-01 22:41:09,3,49.969281688144136
2024-01-01 22:42:37,3,31.594075761581312
2024-01-01 22:44:27,3,63.606854213686304
2024-01-01 22:46:11,3,46.67136724845465
2024-01-01 22:46:22,3,35.85813327259196
2024-01-01 22:47:45,3,40.721934709156265
2024-01-01 22:49:28,3,19.205216389310557
2024-01-01 22:49:51,3,21.019585207416874
2024-01-01 22:50:27,3,17.74599940783443
2024-01-01 22:52:16,3,15.28208928226595
2024-01-01 22:52:33,3,11.893513076973873
2024-01-01 22:53:33,3,22.321957487033323
2024-01-01 22:54:37,3,20.23320250827693
2024-01-01 22:55:34,3,9.05669871183663
2024-01-01 22:56:53,3,24.746619639053698
2024-01-01 22:57:07,3,25.690081409308167
2024-01-01 22:58:10,3,17.100456845992372
2024-01-01 22:58:49,3,16.673701084401145
2024-01-01 23:00:11,3,19.759333099869103
2024-01-01 23:00:34,3,10.453927072516626
2024-01-01 23:01:33,3,24.972657509813878
2024-01-01 23:02:09,3,21.82653072955812
2024-01-01 23:02:46,3,14.893423574086368
2024-01-01 23:04:34,3,23.650870530196165
2024-01-01 23:04:51,3,19.552078222932824
2024-01-01 23:06:36,3,17.233591603165543
2024-01-01 23:06:53,3,17.915585100424405
2024-01-01 23:08:16,3,12.707219788278554
2024-01-01 23:08:31,3,13.171660430763845
2024-01-01 23:08:52,3,17.190676173211347
2024-01-01 23:09:17,3,15.908402900292701
2024-01-01 23:09:44,3,16.564350718850644
2024-01-01 23:11:13,3,25.392569392867713
2024-01-01 23:11:40,3,12.76690445953249
2024-01-01 23:13:26,3,19.544481466346486
2024-01-01 23:14:29,3,19.942531619297164
2024-01-01 23:16:26,3,20.66990398709332
2024-01-01 23:17:14,3,9.108986362170763
2024-01-01 23:19:03,3,15.830967064560909
2024-01-01 23:19:52,3,8.849467556412046
2024-01-01 23:21:08,3,17.947217825595732
2024-01-01 23:22:34,3,22.680767970641053
2024-01-01 23:23:34,3,17.038053678307946
2024-01-01 23:24:07,3,20.359274441007486
2024-01-01 23:26:01,3,22.59630545840646
2024-01-01 23:26:59,3,21.729282590492886
2024-01-01 23:28:25,3,13.232878495887483
2024-01-01 23:29:05,3,20.259530988166684
2024-01-01 23:30:37,3,20.324293715445922
2024-01-01 23:31:37,3,17.076031275037092
2024-01-01 23:33:04,3,18.0289258050436
2024-01-01 23:33:18,3,20.316279141898555
2024-01-01 23:33:33,3,17.40791606521262
2024-01-01 23:34:44,3,23.313911676041062
2024-01-01 23:36:23,3,26.75912725992916
2024-01-01 23:36:40,3,14.114687334184858
2024-01-01 23:38:22,3,15.529653544761942
2024-01-01 23:39:36,3,24.205098942913814
2024-01-01 23:40:14,3,4.668910448381336
2024-01-01 23:41:26,3,16.96375275884362
2024-01-01 23:42:04,3,28.176984666016054
2024-01-01 23:43:54,3,24.81630120126691
2024-01-01 23:44:56,3,21.51609127428372
2024-01-01 23:46:18,3,19.621829871219003
2024-01-01 23:48:13,3,13.704478629749296
2024-01-01 23:49:20,3,14.377338654828755
2024-01-01 23:51:02,3,16.217682930984786
2024-01-01 23:51:44,3,15.854616745147869
2024-01-01 23:53:17,3,39.664993891880236
2024-01-01 23:53:33,3,49.06409640609435
2024-01-01 23:54:43,3,69.76251774849499
2024-01-01 23:55:29,3,69.70979709114593
2024-01-01 23:56:23,3,48.214453063285674
2024-01-01 23:57:17,3,38.54324619826265
2024-01-01 23:58:29,3,44.50230830722799
2024-01-01 23:59:03,3,44.913648696476116
2024-01-01 23:59:22,3,54.68891213219407
2024-01-01 23:59:35,3,54.335302686286575
2024-01-02 00:01:30,3,23.48948268366663
2024-01-02 00:03:17,3,8.028062125294127
2024-01-02 00:05:05,3,12.649207682465697
2024-01-02 00:05:46,3,19.335681482308654
2024-01-02 00:07:05,3,17.519543904156333
2024-01-02 00:09:04,3,28.114710381532927
2024-01-02 00:10:30,3,11.768032507304188
2024-01-02 00:10:42,3,12.290069646536594
2024-01-02 00:11:45,3,19.120512286978297
2024-01-02 00:11:56,3,20.164215655198767
2024-01-02 00:13:39,3,25.58164402677798
2024-01-02 00:15:25,3,16.38995571573109
2024-01-02 00:17:05,3,20.36064503581039
2024-01-02 00:17:40,3,10.648563114989273
2024-01-02 00:19:38,3,16.858222306575232
2024-01-02 00:20:24,3,20.31528327473064
2024-01-02 00:20:39,3,15.95653191944813
2024-01-02 00:21:11,3,22.85232296737984
2024-01-02 00:22:09,3,9.092916749833746
2024-01-02 00:22:25,3,21.076232847544393
2024-01-02 00:22:40,3,14.025673069770258
2024-01-02 00:24:14,3,18.192053231024197
2024-01-02 00:25:57,3,19.36900594715821
2024-01-02 00:26:07,3,13.894840300261654
2024-01-02 00:27:57,3,21.7147253144006
2024-01-02 00:29:47,3,13.478142510501478
2024-01-02 00:30:59,3,18.180330301911617
2024-01-02 00:32:42,3,47.821236404208705
2024-01-02 00:34:20,3,57.19758083940143
2024-01-02 00:35:30,3,40.664360770345596
2024-01-02 00:37:24,3,54.88590921144834
2024-01-02 00:38:05,3,60.107665885939134
2024-01-02 00:39:50,3,53.54155567027811
2024-01-02 00:41:28,3,45.34603789867077
2024-01-02 00:42:44,3,73.99383760967946
2024-01-02 00:43:31,3,55.49994427120307
2024-01-02 00:45:27,3,60.46398951667272
2024-01-02 00:46:30,3,51.4145747243739
2024-01-02 00:47:13,3,59.13346288688203
2024-01-02 00:48:50,3,51.72171030885994
2024-01-02 00:50:39,3,58.0939044245982
2024-01-02 00:52:08,3,26.06155763951774
2024-01-02 00:53:57,3,9.024354016900658
2024-01-02 00:54:40,3,24.927876169707403
2024-01-02 00:56:22,3,63.72332109403368
2024-01-02 00:56:42,3,44.26564506167268
2024-01-02 00:57:11,3,49.08680693603179
2024-01-02 00:58:42,3,66.10688129600024
2024-01-02 00:58:52,3,50.58299294269056
2024-01-02 01:00:13,3,66.42450537476715
2024-01-02 01:02:08,3,54.316102384089135
2024-01-02 01:02:58,3,59.937860006997255
2024-01-02 01:04:04,3,60.99435679774417
2024-01-02 01:04:44,3,56.77334242168294
2024-01-02 01:05:16,3,39.168775672809744
2024-01-02 01:06:44,3,65.04801500901138
2024-01-02 01:07:12,3,57.130657687013276
2024-01-02 01:07:32,3,47.673462495325744
2024-01-02 01:08:25,3,62.17756139736887
2024-01-02 01:09:12,3,34.74812399387788
2024-01-02 01:09:46,3,39.147539892701424
2024-01-02 01:11:45,3,58.56477104669492
2024-01-02 01:11:59,3,57.54984732477737
2024-01-02 01:13:41,3,66.93542471004938
2024-01-02 01:13:56,3,59.78681180650937
2024-01-02 01:14:47,3,18.78045369228426
2024-01-02 01:15:43,3,13.532095160109947
2024-01-02 01:17:24,3,25.934498285165454
2024-01-02 01:18:30,3,14.967991188765312
2024-01-02 01:18:55,3,6.184104694793845
2024-01-02 01:20:37,3,42.79605868435917
2024-01-02 01:21:16,3,57.57586694132338
2024-01-02 01:23:09,3,59.20884473931714
2024-01-02 01:24:09,3,60.27552183517136
2024-01-02 01:24:26,3,60.379580138401934
2024-01-02 01:25:10,3,72.85280729771661
2024-01-02 01:25:55,3,50.54520896897219
2024-01-02 01:27:28,3,75.9407309585432
2024-01-02 01:28:38,3,61.520381052220685
2024-01-02 01:30:08,3,53.16155941329186
2024-01-02 01:31:44,3,56.16518801173791
2024-01-02 01:32:50,3,17.7692406887892
2024-01-02 01:34:34,3,18.644860539059486
2024-01-02 01:35:51,3,6.181672299979365
2024-01-02 01:37:45,3,17.37771685142789
2024-01-02 01:38:04,3,22.33578444550093
2024-01-02 01:38:37,3,13.090059616552644
2024-01-02 01:39:29,3,17.38704389072755
2024-01-02 01:41:21,3,20.428631633984732
2024-01-02 01:42:04,3,17.596241647293674
2024-01-02 01:43:49,3,18.631838853811672
2024-01-02 01:44:32,3,11.915001836026189
2024-01-02 01:45:00,3,19.007312719217715
2024-01-02 01:45:52,3,20.09024484210693
2024-01-02 01:46:06,3,14.151464503810722
2024-01-02 01:48:05,3,14.850149840721551
2024-01-02 01:49:50,3,11.686785574797238
2024-01-02 01:50:57,3,21.187281999650732
2024-01-02 01:51:27,3,10.834797976910728
2024-01-02 01:52:34,3,28.958191275274935
2024-01-02 01:52:55,3,17.465467549546286
2024-01-02 01:54:14,3,22.349128406980064
2024-01-02 01:55:15,3,20.934009253678276
2024-01-02 01:56:11,3,16.65479454055959
2024-01-02 01:57:02,3,27.084729126029337
2024-01-02 01:58:59,3,19.6152081189369
2024-01-02 01:59:54,3,21.506278197216844
2024-01-02 02:00:18,3,21.61535162067789
2024-01-02 02:01:14,3,17.23095611059482
2024-01-02 02:03:13,3,19.59413521789765
2024-01-02 02:04:47,3,20.186602544192915
2024-01-02 02:05:04,3,16.572895818612654
2024-01-02 02:06:16,3,18.06912595642902
2024-01-02 02:08:10,3,12.677299482875442
2024-01-02 02:09:44,3,11.701558996716567
2024-01-02 02:10:17,3,57.94049301719074
2024-01-02 02:11:44,3,45.235744602684015
2024-01-02 02:13:03,3,64.75335734888759
2024-01-02 02:14:25,3,45.38729500849525
2024-01-02 02:15:00,3,56.353599860922166
2024-01-02 02:15:45,3,71.82647594013298
2024-01-02 02:17:08,3,51.577548698532084
2024-01-02 02:17:35,3,39.121252311386186
2024-01-02 02:17:49,3,63.40216859964082
2024-01-02 02:18:35,3,32.43274894710581
2024-01-02 02:19:36,3,71.07019008249281
2024-01-02 02:20:00,3,67.09087711472759
2024-01-02 02:21:12,3,65.95231555928375
2024-01-02 02:21:49,3,40.322761986715946
2024-01-02 02:23:19,3,38.45470646945985
2024-01-02 02:24:37,3,69.01573810671513
2024-01-02 02:24:53,3,44.94418112914565
2024-01-02 02:26:31,3,43.11043661181762
2024-01-02 02:27:53,3,43.478600692598164
2024-01-02 02:29:25,3,65.3343689088731
2024-01-02 02:30:06,3,40.6260676988924
2024-01-02 02:30:46,3,42.63444399851266
2024-01-02 02:32:21,3,19.96218852038114
2024-01-02 02:33:05,3,26.78535670765583
2024-01-02 02:34:44,3,21.872914079112263
2024-01-02 02:35:27,3,18.968350091740845
2024-01-02 02:37:18,3,21.21139128335516
2024-01-02 02:37:32,3,20.29580657989279
2024-01-02 02:39:25,3,12.499287918644821
2024-01-02 02:41:13,3,11.390864441261037
2024-01-02 02:41:59,3,17.250182994449318
2024-01-02 02:43:46,3,14.35673146807146
2024-01-02 02:44:29,3,20.074637929014067
2024-01-02 02:45:15,3,19.459776363364302
2024-01-02 02:45:28,3,17.027029029201824
2024-01-02 02:46:20,3,11.992843219584056
2024-01-02 02:48:03,3,23.590076843964574
2024-01-02 02:48:32,3,66.89129781453467
2024-01-02 02:49:39,3,72.56101589693534
2024-01-02 02:50:36,3,48.938555298397546
2024-01-02 02:51:42,3,73.62595098601173
2024-01-02 02:53:18,3,55.58788820689331
2024-01-02 02:55:01,3,35.17834395859493
2024-01-02 02:56:35,3,52.66485198455134
2024-01-02 02:57:34,3,54.094148572115216
2024-01-02 02:58:19,3,49.30506441900961
2024-01-02 02:59:36,3,60.48586975666996
2024-01-02 03:00:58,3,54.78760942422994
2024-01-02 03:02:17,3,18.40549301955955
2024-01-02 03:03:21,3,20.07745325157023
2024-01-02 03:03:39,3,21.712290739095945
2024-01-02 03:04:14,3,19.030434922525
2024-01-02 03:04:45,3,21.000326631761805
2024-01-02 03:06:00,3,6.928659070577243
2024-01-02 03:07:35,3,63.17534509845298
2024-01-02 03:08:48,3,38.27752011150021
2024-01-02 03:10:19,3,46.52551815100567
2024-01-02 03:11:49,3,71.39930656356361
2024-01-02 03:13:12,3,52.77758929487653
2024-01-02 03:14:26,3,56.35518002791795
2024-01-02 03:15:04,3,52.77251786847979
2024-01-02 03:15:48,3,55.193673274873134
2024-01-02 03:17:45,3,60.82730558327563
2024-01-02 03:18:24,3,56.207704655513616
2024-01-02 03:19:23,3,48.60934667167984
2024-01-02 03:21:14,3,41.693509169793735
2024-01-02 03:21:35,3,47.290009871812714
2024-01-02 03:22:33,3,54.206738036237866
2024-01-02 03:22:44,3,54.79420572909135
2024-01-02 03:24:30,3,52.21863539675616
2024-01-02 03:25:14,3,64.73673506633996
2024-01-02 03:26:15,3,60.468166708397035
2024-01-02 03:27:25,3,17.25354694128388
2024-01-02 03:28:00,3,17.28031669425448
2024-01-02 03:29:12,3,19.139564249265465
2024-01-02 03:29:46,3,18.35278092939409
2024-01-02 03:30:47,3,12.460037374449236
2024-01-02 03:31:08,3,24.55907091597063
2024-01-02 03:31:23,3,11.079717443800822
2024-01-02 03:32:03,3,11.772096611806624
2024-01-02 03:33:06,3,17.54233716619931
2024-01-02 03:34:49,3,24.73336500700573
2024-01-02 03:35:58,3,19.865611985455047
2024-01-02 03:36:54,3,14.402638078310314
2024-01-02 03:37:59,3,14.874462896531737
2024-01-02 03:38:33,3,24.57370132410656
2024-01-02 03:38:53,3,22.800819484028032
2024-01-02 03:39:52,3,18.467292458831764
2024-01-02 03:40:33,3,19.96022251934253
2024-01-02 03:41:13,3,4.884250472129285
2024-01-02 03:41:44,3,17.909225367041277
2024-01-02 03:43:06,3,18.310314323493078
2024-01-02 03:43:16,3,14.362972327021144
2024-01-02 03:43:34,3,17.164197464750334
2024-01-02 03:45:00,3,24.166284658599935
2024-01-02 03:46:23,3,23.173804035523453
2024-01-02 03:47:09,3,23.779859950579358
2024-01-02 03:48:42,3,16.15197469382263
2024-01-02 03:49:19,3,21.99080127628739
2024-01-02 03:50:28,3,15.710204284218843
2024-01-02 03:51:52,3,13.001028524844742
2024-01-02 03:52:03,3,27.096922702746703
2024-01-02 03:52:55,3,18.08991701258288
2024-01-02 03:54:42,3,14.969654040046395
2024-01-02 03:55:42,3,51.31534829065805
2024-01-02 03:57:35,3,60.24792575501322
2024-01-02 03:59:02,3,46.21501209030495
2024-01-02 04:00:54,3,54.67223298042303
2024-01-02 04:02:19,3,47.35683769772176
2024-01-02 04:02:43,3,13.47852406674205
2024-01-02 04:03:20,3,21.953088594199887
2024-01-02 04:04:40,3,23.828083245555803
2024-01-02 04:05:57,3,15.74700137657984
2024-01-02 04:06:55,3,24.500882634065697
2024-01-02 04:08:34,3,6.4757141370185565
2024-01-02 04:09:21,3,70.42888105539119
2024-01-02 04:09:44,3,42.6902150319474
2024-01-02 04:11:33,3,40.134317737400686
2024-01-02 04:12:05,3,55.24814331316509
2024-01-02 04:13:39,3,60.0596842051493
2024-01-02 04:15:16,3,56.31485068527366
2024-01-02 04:17:00,3,60.63268652544927
2024-01-02 04:18:09,3,56.001431085650864
2024-01-02 04:19:25,3,45.114207421453685
2024-01-02 04:20:13,3,60.33015935965817
2024-01-02 04:20:38,3,65.78426194472947
2024-01-02 04:21:07,3,45.022422173406454
2024-01-02 04:22:02,3,62.91008709773219
2024-01-02 04:23:16,3,55.83510549900972
2024-01-02 04:25:13,3,55.92052424161813
2024-01-02 04:27:02,3,47.50681391561767
2024-01-02 04:27:29,3,30.287658031257287
2024-01-02 04:28:17,3,37.347981548769326
2024-01-02 04:29:04,3,60.30075337599384
2024-01-02 04:30:57,3,39.41283134307196
2024-01-02 04:32:32,3,44.68022641835579
2024-01-02 04:34:09,3,17.267584132451063
2024-01-02 04:35:43,3,14.766751570505779
2024-01-02 04:36:51,3,10.168133282294045
2024-01-02 04:37:44,3,23.777455224387182
2024-01-02 04:38:03,3,20.518337693910976
2024-01-02 04:39:58,3,69.70102781718697
2024-01-02 04:41:50,3,39.77049550614776
2024-01-02 04:43:47,3,54.542892453541725
2024-01-02 04:44:50,3,50.61475494395018
2024-01-02 04:45:29,3,59.55307475302612
2024-01-02 04:46:20,3,32.54010927313668
2024-01-02 04:47:58,3,34.90035890174076
2024-01-02 04:49:41,3,58.14041529308473
2024-01-02 04:50:29,3,44.31936152437161
2024-01-02 04:51:15,3,51.373380286439215
2024-01-02 04:51:31,3,53.46916266990345
2024-01-02 04:51:48,3,59.1732930166044
2024-01-02 04:52:53,3,68.40666230603392
2024-01-02 04:53:24,3,56.43389746360459
2024-01-02 04:55:11,3,55.66094246298976
2024-01-02 04:55:58,3,71.78055600452595
2024-01-02 04:56:08,3,55.52343124651491
2024-01-02 04:58:01,3,63.94096675953706
2024-01-02 04:58:32,3,45.073409845484186
2024-01-02 04:59:27,3,49.51194977222832
2024-01-02 05:00:18,3,50.3531307747586
2024-01-02 05:02:05,3,57.88090521987325
2024-01-02 05:02:25,3,61.98425134384372
2024-01-02 05:03:31,3,59.60197681230041
2024-01-02 05:04:26,3,74.20871149939786
2024-01-02 05:05:38,3,55.47982720446612
2024-01-02 05:06:26,3,65.19928605427755
2024-01-02 05:07:40,3,20.67351974818099
2024-01-02 05:09:27,3,15.458674269583398
2024-01-02 05:10:46,3,14.26107447817009
2024-01-02 05:11:48,3,20.768277654037583
2024-01-02 05:12:38,3,23.51864476975796
2024-01-02 05:13:22,3,20.256614123717057
2024-01-02 05:14:28,3,12.316534405395924
2024-01-02 05:15:10,3,22.721081881425988
2024-01-02 05:16:26,3,23.7109153926979
2024-01-02 05:18:21,3,18.554181893461113
2024-01-02 05:19:08,3,10.867680442881273
2024-01-02 05:20:38,3,18.468139307276527
2024-01-02 05:22:07,3,15.081525486190381
2024-01-02 05:24:01,3,12.177065259807872
2024-01-02 05:25:35,3,22.12524206511383
2024-01-02 05:26:51,3,31.398143469500013
2024-01-02 05:28:29,3,14.977430697201026
2024-01-02 05:29:16,3,14.53029005593605
2024-01-02 05:30:46,3,15.764248608469337
2024-01-02 05:31:05,3,19.748739076239907
2024-01-02 05:32:51,3,5.646683585602997
2024-01-02 05:33:04,3,20.444142791010073
2024-01-02 05:34:45,3,23.3132781680485
2024-01-02 05:36:40,3,23.21552817354601
2024-01-02 05:37:41,3,19.389585226473226
2024-01-02 05:39:31,3,18.276579056686508
2024-01-02 05:40:01,3,32.03727916024672
2024-01-02 05:41:56,3,15.579853315454306
2024-01-02 05:43:45,3,73.9360803442869
2024-01-02 05:45:01,3,42.623572738719716
2024-01-02 05:46:46,3,61.555673984218366
2024-01-02 05:47:29,3,62.92137399145469
2024-01-02 05:48:01,3,57.522130033628635
2024-01-02 05:48:25,3,65.24504424447717
2024-01-02 05:48:51,3,37.24327746498276
2024-01-02 05:50:22,3,42.347879640018036
2024-01-02 05:52:13,3,73.85788516485528
2024-01-02 05:52:56,3,53.540477273664735
2024-01-02 05:54:16,3,54.50934471532655
2024-01-02 05:54:58,3,58.202680049302124
2024-01-02 05:56:18,3,55.341036298872375
2024-01-02 05:56:45,3,53.077456077855665
2024-01-02 05:57:55,3,47.393085520146826
2024-01-02 05:59:19,3,20.506817927177792
2024-01-02 06:00:14,3,21.705523983458722
2024-01-02 06:02:01,3,16.295426985553163
2024-01-02 06:02:45,3,15.5959210625783
2024-01-02 06:03:16,3,12.921751876027233
2024-01-02 06:03:50,3,12.888397659098072
2024-01-02 06:05:44,3,20.40130296393766
2024-01-02 06:07:39,3,11.547916936123011
2024-01-02 06:09:04,3,10.956996175036181
2024-01-02 06:09:28,3,18.053250916698616
2024-01-02 06:11:25,3,20.609663393851278
2024-01-02 06:11:53,3,16.92319547354328
2024-01-02 06:13:12,3,22.22922577363264
2024-01-02 06:13:57,3,20.34823442900162
2024-01-02 06:15:09,3,17.456916152156293
2024-01-02 06:16:56,3,25.0348484096654
2024-01-02 06:17:14,3,22.77289790553089
2024-01-02 06:17:28,3,19.83848626612439
2024-01-02 06:17:50,3,16.33288478299592
2024-01-02 06:19:26,3,24.90837552784547
2024-01-02 06:21:22,3,14.943739410718312
2024-01-02 06:22:14,3,21.720929593708867
2024-01-02 06:23:42,3,20.334508012384582
2024-01-02 06:24:23,3,14.396364354250505
2024-01-02 06:25:28,3,25.00277193250401
2024-01-02 06:26:25,3,18.653862344720984
2024-01-02 06:27:51,3,19.901683251579414
2024-01-02 06:29:38,3,25.67560869906326
2024-01-02 06:31:34,3,19.87634724521649
2024-01-02 06:33:06,3,26.592267077847143
2024-01-02 06:34:07,3,9.590802822166607
2024-01-02 06:34:33,3,11.844946531863227
2024-01-02 06:36:29,3,21.8328170065673
2024-01-02 06:38:11,3,10.122092461278005
2024-01-02 06:38:55,3,27.967516379524536
2024-01-02 06:39:52,3,18.769742563370194
2024-01-02 06:41:15,3,10.210502034152935
2024-01-02 06:42:03,3,21.538579533985466
2024-01-02 06:42:30,3,27.275592865176733
2024-01-02 06:44:00,3,19.89113142715755
2024-01-02 06:44:55,3,17.68511540092754
2024-01-02 06:46:41,3,20.4147836689204
2024-01-02 06:46:58,3,23.784019744567363
2024-01-02 06:48:17,3,23.631190942181917
2024-01-02 06:48:38,3,18.181102852326333
2024-01-02 06:50:05,3,14.375485368700138
2024-01-02 06:50:30,3,16.453780461836352
2024-01-02 06:50:47,3,16.79342548127636
2024-01-02 06:51:44,3,28.987418605272907
2024-01-02 06:53:33,3,24.009833172591467
2024-01-02 06:55:29,3,14.690324100412862
2024-01-02 06:56:33,3,19.99502379621926
2024-01-02 06:57:29,3,47.944372010451886
2024-01-02 06:57:51,3,52.919747770309186
2024-01-02 06:58:16,3,61.511931065471806
2024-01-02 06:59:30,3,55.43883037010943
2024-01-02 07:00:37,3,56.5709865064383
2024-01-02 07:00:48,3,55.68680709650538
2024-01-02 07:02:26,3,50.62177675569676
2024-01-02 07:04:17,3,9.259827314319972
2024-01-02 07:05:03,3,8.160849384537102
2024-01-02 07:06:01,3,12.433668656037955
2024-01-02 07:07:08,3,21.23022671714366
2024-01-02 07:07:40,3,12.459126517576268
2024-01-02 07:09:37,3,62.0555074738604
2024-01-02 07:10:14,3,55.984969946621696
2024-01-02 07:11:20,3,40.256491439753056
2024-01-02 07:12:16,3,51.35679837151038
2024-01-02 07:13:28,3,68.71098813911922
2024-01-02 07:15:01,3,55.17969915016471
2024-01-02 07:15:39,3,65.11119071444354
2024-01-02 07:16:57,3,78.34246897312939
2024-01-02 07:18:06,3,55.55396911783334
2024-01-02 07:18:41,3,59.35048371640444
2024-01-02 07:20:01,3,60.59432845408076
2024-01-02 07:21:26,3,41.439877284005746
2024-01-02 07:23:11,3,65.03313312814902
2024-01-02 07:24:58,3,24.327614607092702
2024-01-02 07:25:56,3,16.5675692927718
2024-01-02 07:27:17,3,19.50684738743515
2024-01-02 07:28:11,3,15.198234219700783
2024-01-02 07:28:41,3,17.123209128025795
2024-01-02 07:29:51,3,20.276041240508235
2024-01-02 07:30:59,3,18.848084033588208
2024-01-02 07:32:38,3,8.183206783672397
2024-01-02 07:33:03,3,15.123456957991033
2024-01-02 07:33:47,3,20.533436897595926
2024-01-02 07:35:17,3,14.354921387594738
2024-01-02 07:37:14,3,15.609600483150423
2024-01-02 07:39:02,3,12.984424053135669
2024-01-02 07:39:47,3,6.47719979812844
2024-01-02 07:41:09,3,15.927426965759635
2024-01-02 07:43:05,3,13.09031746894585
2024-01-02 07:43:36,3,58.39159885610504
2024-01-02 07:44:08,3,41.401439755280975
2024-01-02 07:45:36,3,54.09667694489842
2024-01-02 07:47:21,3,59.54635393061747
2024-01-02 07:48:25,3,55.98893959094565
2024-01-02 07:49:45,3,19.854523581329268
2024-01-02 07:50:06,3,21.263225713952842
2024-01-02 07:50:32,3,29.717124845149222
2024-01-02 07:51:36,3,16.114734638499108
2024-01-02 07:52:15,3,11.348631013533055
2024-01-02 07:53:38,3,28.86970025515566
2024-01-02 07:55:35,3,20.871911277410057
2024-01-02 07:57:19,3,11.492796621283194
2024-01-02 07:58:53,3,18.076600645305753
2024-01-02 08:00:51,3,13.065631515023908
2024-01-02 08:02:31,3,7.137881804485886
2024-01-02 08:02:51,3,17.626268991256225
2024-01-02 08:03:10,3,15.78671866560439
2024-01-02 08:04:39,3,15.379585454248184
2024-01-02 08:05:16,3,15.564702401345485
2024-01-02 08:06:10,3,15.265470209535236
2024-01-02 08:06:54,3,20.127197036324873
2024-01-02 08:07:13,3,22.861822102836523
2024-01-02 08:08:14,3,25.237004991749394
2024-01-02 08:08:29,3,29.85660904043923
2024-01-02 08:09:40,3,53.18525797643932
2024-01-02 08:10:42,3,65.77737417692207
2024-01-02 08:11:25,3,56.638714017364556
2024-01-02 08:12:31,3,58.296335328077916
2024-01-02 08:13:58,3,59.67203692827763
2024-01-02 08:14:11,3,67.69450723423593
2024-01-02 08:14:59,3,48.7615975131274
2024-01-02 08:16:48,3,52.230409057728345
2024-01-02 08:17:24,3,45.029396726367374
2024-01-02 08:19:11,3,44.427485379798966
2024-01-02 08:20:56,3,63.474157131500995
2024-01-02 08:22:45,3,50.61848494379213
2024-01-02 08:22:59,3,42.334611710550284
2024-01-02 08:23:15,3,66.6729071738378
2024-01-02 08:23:36,3,63.71798531483598
2024-01-02 08:25:02,3,49.829897598162106
2024-01-02 08:25:58,3,26.84481429312872
2024-01-02 08:27:40,3,19.745345992130336
2024-01-02 08:28:58,3,21.50565600356459
2024-01-02 08:30:15,3,13.435977566994026
2024-01-02 08:32:13,3,18.272301846482222
2024-01-02 08:34:10,3,22.30756944084395
2024-01-02 08:34:27,3,13.704613418173718
2024-01-02 08:36:13,3,55.27487633360813
2024-01-02 08:37:02,3,49.9244327237964
2024-01-02 08:37:55,3,55.62815340355633
2024-01-02 08:39:06,3,57.606561547052024
2024-01-02 08:39:26,3,68.175408190174
2024-01-02 08:40:00,3,50.95468259748408
2024-01-02 08:41:33,3,64.70067788682525
2024-01-02 08:41:49,3,39.46543866336735
2024-01-02 08:43:31,3,65.04829149483237
2024-01-02 08:44:56,3,51.47950343967708
2024-01-02 08:46:29,3,45.03810754404003
2024-01-02 08:47:15,3,54.14625320027307
2024-01-02 08:48:37,3,63.40275454009759
2024-01-02 08:49:28,3,69.40110120069174
2024-01-02 08:50:34,3,19.762114571921572
2024-01-02 08:51:51,3,20.828692522269755
2024-01-02 08:52:03,3,18.179216474290246
2024-01-02 08:52:31,3,21.832723758855824
2024-01-02 08:54:07,3,15.885358274986356
2024-01-02 08:55:29,3,16.88030287843363
2024-01-02 08:55:55,3,54.199170017509076
2024-01-02 08:56:35,3,45.14658687435969
2024-01-02 08:57:23,3,46.44424445487966
2024-01-02 08:58:32,3,49.502442700832745
2024-01-02 09:00:05,3,54.4741831783462
2024-01-02 09:00:30,3,52.47855909607508
2024-01-02 09:01:21,3,47.97361631940422
2024-01-02 09:02:21,3,32.42163211457952
2024-01-02 09:03:13,3,54.02564123998776
2024-01-02 09:04:35,3,45.4538588423365
2024-01-02 09:06:18,3,63.4650549397394
2024-01-02 09:07:30,3,58.3714541447253
2024-01-02 09:08:08,3,49.89252865081135
2024-01-02 09:08:23,3,61.79965163087377
2024-01-02 09:08:39,3,64.57620095393666
2024-01-02 09:10:03,3,62.09039767703082
2024-01-02 09:11:32,3,36.11570530568966
2024-01-02 09:12:44,3,48.94054328201782
2024-01-02 09:14:36,3,17.21420502836931
2024-01-02 09:16:26,3,26.906998583004288
2024-01-02 09:17:36,3,20.833039164175446
2024-01-02 09:18:12,3,17.25030110116268
2024-01-02 09:18:53,3,13.131907946176765
2024-01-02 09:20:22,3,9.162027457585438
2024-01-02 09:20:50,3,21.249594370380212
2024-01-02 09:21:38,3,16.434455669923445
2024-01-02 09:21:59,3,16.92957526687185
2024-01-02 09:23:19,3,15.386541538290047
2024-01-02 09:24:50,3,17.585383399668828
2024-01-02 09:25:24,3,19.31992577299724
2024-01-02 09:26:08,3,11.808596557632262
2024-01-02 09:27:28,3,20.555553695360484
2024-01-02 09:28:48,3,17.632016999711013
2024-01-02 09:30:14,3,20.396677247206647
2024-01-02 09:30:42,3,23.876641720749383
2024-01-02 09:32:33,3,15.108064391382802
2024-01-02 09:33:36,3,76.3508200893013
2024-01-02 09:35:00,3,60.99578627813753
2024-01-02 09:35:45,3,46.39492673494689
2024-01-02 09:37:05,3,48.33456889365736
2024-01-02 09:37:30,3,51.43966692336909
2024-01-02 09:37:45,3,49.841789013254925
2024-01-02 09:39:43,3,50.550353831741106
2024-01-02 09:41:24,3,20.138936328188535
2024-01-02 09:41:34,3,18.61125115688772
2024-01-02 09:42:04,3,12.830553994884392
2024-01-02 09:42:59,3,17.31495222691346
2024-01-02 09:44:24,3,45.79416774163523
2024-01-02 09:44:59,3,70.16288450556014
2024-01-02 09:45:39,3,58.15331470644425
2024-01-02 09:47:36,3,65.01383145660648
2024-01-02 09:48:40,3,55.389158280173305
2024-01-02 09:49:19,3,50.10533004658009
2024-01-02 09:50:34,3,57.33034078265409
2024-01-02 09:52:29,3,42.57992784060314
2024-01-02 09:54:21,3,56.272518148689365
2024-01-02 09:55:36,3,60.53675821738501
2024-01-02 09:57:26,3,67.38007967668871
2024-01-02 09:57:48,3,50.930495841727364
2024-01-02 09:59:44,3,49.493120601976315
2024-01-02 10:00:09,3,57.74563398659751
2024-01-02 10:00:31,3,50.43371214278095
2024-01-02 10:01:23,3,41.449139342249936
2024-01-02 10:02:22,3,35.713862696132395
2024-01-02 10:03:01,3,58.65571554638138
2024-01-02 10:04:21,3,79.85313924533686
2024-01-02 10:05:53,3,56.36124634075844
2024-01-02 10:06:41,3,61.05378555813522
2024-01-02 10:07:24,3,60.30292359065943
2024-01-02 10:08:59,3,52.19317409150902
2024-01-02 10:10:02,3,48.13246367364523
2024-01-02 10:10:13,3,46.7503749819053
2024-01-02 10:11:03,3,61.35930438684916
2024-01-02 10:11:20,3,41.40104880046984
2024-01-02 10:12:32,3,25.61139565327921
2024-01-02 10:13:46,3,28.896726995228317
2024-01-02 10:14:45,3,17.93449797634073
2024-01-02 10:15:41,3,17.05368623326839
2024-01-02 10:17:21,3,15.390646670380045
2024-01-02 10:18:50,3,19.439877709571093
2024-01-02 10:19:01,3,23.704722661766432
2024-01-02 10:19:56,3,22.894522762309116
2024-01-02 10:20:11,3,22.22032613161009
2024-01-02 10:21:36,3,17.53021719952463
2024-01-02 10:23:35,3,9.461569794315775
2024-01-02 10:24:43,3,11.140737745869044
2024-01-02 10:25:10,3,21.03525875537918
2024-01-02 10:26:28,3,16.783158515212296
2024-01-02 10:27:27,3,19.03198444838519
2024-01-02 10:27:51,3,9.952463512882971
2024-01-02 10:29:47,3,21.805980003979368
2024-01-02 10:31:10,3,70.36248225559744
2024-01-02 10:32:03,3,47.59304062461367
2024-01-02 10:33:28,3,88.00971894301527
2024-01-02 10:34:39,3,75.80692510430296
2024-01-02 10:36:15,3,30.35966886215929
2024-01-02 10:37:18,3,17.84329423665139
2024-01-02 10:37:37,3,57.92223228525983
2024-01-02 10:39:04,3,50.860135528750796
2024-01-02 10:40:57,3,56.59752745956135
2024-01-02 10:42:43,3,59.319627637823686
2024-01-02 10:44:36,3,53.64687771571695
2024-01-02 10:46:33,3,32.97423342940214
2024-01-02 10:47:05,3,64.07532300792697
2024-01-02 10:48:23,3,65.90244283658065
2024-01-02 10:49:35,3,51.28194319216663
2024-01-02 10:50:57,3,38.74901031282137
2024-01-02 10:51:50,3,74.1891674159605
2024-01-02 10:52:09,3,37.434304046654844
2024-01-02 10:53:04,3,18.84087214503264
2024-01-02 10:54:05,3,11.410570278452031
2024-01-02 10:55:35,3,18.494345445659174
2024-01-02 10:56:32,3,18.59184773065848
2024-01-02 10:58:02,3,55.248205546248
2024-01-02 10:58:53,3,54.83730239090335
2024-01-02 11:00:23,3,43.23301814229094
2024-01-02 11:01:32,3,61.29085409014
2024-01-02 11:03:11,3,43.54422464565245
2024-01-02 11:03:54,3,63.99786850763018
2024-01-02 11:04:04,3,51.84036048647302
2024-01-02 11:04:35,3,32.80010912443623
2024-01-02 11:05:34,3,63.09628278062159
2024-01-02 11:07:09,3,45.56538421305651
2024-01-02 11:08:28,3,44.26743384282712
2024-01-02 11:09:58,3,57.874585614568296
2024-01-02 11:10:42,3,50.46646549899412
2024-01-02 11:12:27,3,29.560220281797655
2024-01-02 11:13:25,3,20.81046131041309
2024-01-02 11:14:59,3,19.950860964400427
2024-01-02 11:16:33,3,17.02701531799714
2024-01-02 11:18:26,3,12.453231734144767
2024-01-02 11:20:17,3,17.782357250118224
2024-01-02 11:22:04,3,20.041547948517582
2024-01-02 11:23:41,3,16.882240351016616
2024-01-02 11:24:38,3,22.766106844586382
2024-01-02 11:24:52,3,23.216117808021686
2024-01-02 11:26:49,3,7.449886099064388
2024-01-02 11:27:46,3,13.378211824578479
2024-01-02 11:29:31,3,19.84291670239046
2024-01-02 11:30:52,3,19.889411411406158
2024-01-02 11:31:43,3,17.013549554399656
2024-01-02 11:33:22,3,62.672016748681315
2024-01-02 11:35:07,3,48.84600324775182
2024-01-02 11:35:35,3,75.44965878741408
2024-01-02 11:36:02,3,53.428667537781195
2024-01-02 11:36:23,3,50.83782380100676
2024-01-02 11:37:54,3,49.56170946072107
2024-01-02 11:39:07,3,55.39906694519761
2024-01-02 11:40:42,3,43.57209305003599
2024-01-02 11:41:30,3,58.00380936957885
2024-01-02 11:42:40,3,54.521701538020864
2024-01-02 11:44:13,3,45.77023101625906
2024-01-02 11:45:34,3,55.9390648166045
2024-01-02 11:46:57,3,55.29167439644189
2024-01-02 11:48:19,3,77.40984052644181
2024-01-02 11:49:52,3,20.06415222848231
2024-01-02 11:50:08,3,14.43623105146058
2024-01-02 11:51:59,3,16.46317517714112
2024-01-02 11:53:28,3,14.743297003222686
2024-01-02 11:54:34,3,14.830420767216964
2024-01-02 11:56:01,3,13.003941177035898
2024-01-02 11:57:03,3,22.722805727558107
2024-01-02 11:58:38,3,19.469226853057975
2024-01-02 11:59:20,3,13.281660925104124
2024-01-02 12:00:02,3,8.459438041753458
2024-01-02 12:00:51,3,23.977555817357747
2024-01-02 12:02:37,3,15.68541526835175
2024-01-02 12:04:33,3,18.599100118155995
2024-01-02 12:05:40,3,18.503677250519956
2024-01-02 12:07:39,3,25.75995815443621
2024-01-02 12:08:03,3,26.866203058342187
2024-01-02 12:08:20,3,11.136045793103577
2024-01-02 12:08:59,3,21.759606547018194
2024-01-02 12:09:13,3,25.851897872916542
2024-01-02 12:10:44,3,13.806417085920074
2024-01-02 12:11:27,3,15.082495809176253
2024-01-02 12:11:47,3,20.750536967242237
2024-01-02 12:13:21,3,21.406156379671824
2024-01-02 12:14:30,3,22.642186954737802
2024-01-02 12:15:41,3,19.50273724200499
2024-01-02 12:17:39,3,6.817868982474181
2024-01-02 12:18:10,3,26.910120563507363
2024-01-02 12:19:40,3,16.15558448531488
2024-01-02 12:20:38,3,6.744323879949526
2024-01-02 12:21:05,3,23.880088458920312
2024-01-02 12:22:20,3,17.243504801151463
2024-01-02 12:22:55,3,57.56685230891479
2024-01-02 12:24:00,3,72.07465912503643
2024-01-02 12:25:29,3,80.16254418826747
2024-01-02 12:26:35,3,43.242729382975476
2024-01-02 12:28:12,3,56.459635084176924
2024-01-02 12:29:08,3,61.34805132118214
2024-01-02 12:29:41,3,57.829868096456
2024-01-02 12:29:54,3,56.372938753493216
2024-01-02 12:30:38,3,49.394589198722265
2024-01-02 12:32:01,3,55.088734588524126
2024-01-02 12:33:49,3,72.57274217072144
2024-01-02 12:35:20,3,19.508959653264363
2024-01-02 12:36:31,3,15.43753304559549
2024-01-02 12:37:32,3,16.151673260120788
2024-01-02 12:38:25,3,20.757556199251106
2024-01-02 12:39:47,3,23.60592394835151
2024-01-02 12:40:32,3,15.566203600696547
2024-01-02 12:41:36,3,14.12889028922555
2024-01-02 12:42:43,3,20.25464559772731
2024-01-02 12:43:49,3,18.195489978002012
2024-01-02 12:44:33,3,57.37964891899888
2024-01-02 12:45:49,3,48.24062335196173
2024-01-02 12:47:19,3,68.22548462831661
2024-01-02 12:48:35,3,49.88526343725653
2024-01-02 12:50:15,3,61.4218279509953
2024-01-02 12:51:06,3,66.9247154313993
2024-01-02 12:52:32,3,59.08340053699308
2024-01-02 12:54:27,3,48.55524229784617
2024-01-02 12:55:01,3,46.829630690172024
2024-01-02 12:56:58,3,18.25930535681929
2024-01-02 12:58:05,3,18.55810612921729
2024-01-02 12:59:49,3,9.905441515137403
2024-01-02 13:00:51,3,23.11238063793032
2024-01-02 13:01:18,3,16.24089601692938
2024-01-02 13:02:04,3,20.130833900701035
2024-01-02 13:03:31,3,19.039191916820354
2024-01-02 13:04:28,3,16.007039805431205
2024-01-02 13:05:04,3,19.974608836040133
2024-01-02 13:05:31,3,10.401160585949803
2024-01-02 13:07:16,3,3.2308825729968778
2024-01-02 13:07:48,3,15.384478465577518
2024-01-02 13:09:19,3,18.089588691109583
2024-01-02 13:10:25,3,12.585829687084773
2024-01-02 13:12:03,3,14.850568812136425
2024-01-02 13:13:32,3,19.739580390604416
2024-01-02 13:14:02,3,19.10274453447611
2024-01-02 13:14:40,3,14.385861849307133
2024-01-02 13:15:22,3,14.66307972819936
2024-01-02 13:16:53,3,19.800654756387814
2024-01-02 13:17:54,3,20.259487930582356
2024-01-02 13:19:35,3,21.93679023347168
2024-01-02 13:21:04,3,16.72812791486719
2024-01-02 13:22:37,3,21.684185620525895
2024-01-02 13:24:22,3,20.792422603896167
2024-01-02 13:25:02,3,23.842982963977445
2024-01-02 13:26:09,3,24.575240297621008
2024-01-02 13:26:49,3,15.151849617268113
2024-01-02 13:27:01,3,21.17040468376488
2024-01-02 13:27:40,3,20.036985888221853
2024-01-02 13:28:57,3,20.056595766139164
2024-01-02 13:30:18,3,19.479398084862336
2024-01-02 13:30:55,3,16.46864995596489
2024-01-02 13:31:41,3,24.987114304115643
2024-01-02 13:33:33,3,19.961115879375782
2024-01-02 13:34:57,3,22.870878344959035
2024-01-02 13:35:07,3,18.475578864896715
2024-01-02 13:37:01,3,17.209517488187444
2024-01-02 13:37:33,3,20.852673177334026
2024-01-02 13:39:06,3,26.5956991136855
2024-01-02 13:39:21,3,13.268355132063435
2024-01-02 13:41:17,3,21.03412556220669
2024-01-02 13:42:58,3,22.711466144016654
2024-01-02 13:43:55,3,22.768760327929
2024-01-02 13:45:04,3,8.8591753603643
2024-01-02 13:46:06,3,26.086793487225272
2024-01-02 13:46:24,3,21.920901051895836
2024-01-02 13:47:56,3,22.301252932590018
2024-01-02 13:48:15,3,17.793429485411377
2024-01-02 13:48:28,3,25.60762282880041
2024-01-02 13:50:12,3,15.694724930026197
2024-01-02 13:51:22,3,16.59882534874749
2024-01-02 13:52:18,3,24.736433781009904
2024-01-02 13:52:33,3,57.441544614278754
2024-01-02 13:53:19,3,52.17390732508775
2024-01-02 13:53:29,3,56.62605345050038
2024-01-02 13:54:27,3,51.86047813084139
2024-01-02 13:55:29,3,54.53838056030028
2024-01-02 13:56:30,3,48.960774062562834
2024-01-02 13:57:26,3,51.65149270388821
2024-01-02 13:58:18,3,46.893424443013274
2024-01-02 13:59:45,3,45.6094685629803
2024-01-02 14:00:01,3,53.582278655058644
2024-01-02 14:01:17,3,53.375129824284116
2024-01-02 14:03:06,3,62.82198821237287
2024-01-02 14:04:30,3,56.61118888770946
2024-01-02 14:05:27,3,42.209143541987224
2024-01-02 14:05:38,3,57.09231727905743
2024-01-02 14:05:53,3,54.75478882593286
2024-01-02 14:07:23,3,44.3679668055237
2024-01-02 14:08:12,3,44.21366462441475
2024-01-02 14:10:10,3,57.370837200281116
2024-01-02 14:10:52,3,65.30749665696823
2024-01-02 14:12:37,3,60.718870333881355
2024-01-02 14:13:35,3,53.88645597614489
2024-01-02 14:14:53,3,16.949221979045628
2024-01-02 14:15:34,3,65.25063296051118
2024-01-02 14:17:17,3,58.74289510130846
2024-01-02 14:18:07,3,49.41183708263205
2024-01-02 14:19:56,3,61.68964481718182
2024-01-02 14:20:23,3,63.62306384414528
2024-01-02 14:21:23,3,14.711526689690976
2024-01-02 14:22:08,3,24.863748331244366
2024-01-02 14:24:01,3,11.656244961993583
2024-01-02 14:24:50,3,40.08772168609537
2024-01-02 14:25:56,3,51.001773164045325
2024-01-02 14:26:27,3,48.432179651911234
2024-01-02 14:27:52,3,48.72002727055898
2024-01-02 14:29:23,3,67.87730266459963
2024-01-02 14:30:26,3,35.77793716498439
2024-01-02 14:30:37,3,56.32425042672737
2024-01-02 14:30:55,3,49.593206572220225
2024-01-02 14:32:32,3,58.05796918450996
2024-01-02 14:34:07,3,63.961113175870864
2024-01-02 14:35:27,3,46.21185420961881
2024-01-02 14:36:40,3,54.212281705831
2024-01-02 14:37:45,3,73.19077190195804
2024-01-02 14:39:44,3,59.67574912482157
2024-01-02 14:40:15,3,61.77874186375337
2024-01-02 14:42:00,3,55.73083764790838
2024-01-02 14:43:39,3,14.062242796856466
2024-01-02 14:45:11,3,15.650210634134243
2024-01-02 14:45:54,3,18.668659632976734
2024-01-02 14:46:08,3,8.503444145773832
2024-01-02 14:46:24,3,20.718270641403034
2024-01-02 14:47:47,3,26.009493957949907
2024-01-02 14:48:16,3,9.639202431777523
2024-01-02 14:49:19,3,14.765620489648674
2024-01-02 14:51:15,3,21.09870693753271
2024-01-02 14:51:35,3,16.75760688067515
2024-01-02 14:52:14,3,10.910704043983761
2024-01-02 14:53:42,3,21.392752769647217
2024-01-02 14:54:24,3,17.102958031675705
2024-01-02 14:55:15,3,21.55453404889942
2024-01-02 14:56:38,3,25.460500129146688
2024-01-02 14:58:02,3,21.962875463733983
2024-01-02 14:58:32,3,11.404024736161002
2024-01-02 14:59:02,3,8.342738554518892
2024-01-02 15:00:20,3,18.248218817837596
2024-01-02 15:00:52,3,52.82348109214933
2024-01-02 15:02:17,3,48.29810089413994
2024-01-02 15:02:37,3,72.535523272261
2024-01-02 15:04:22,3,55.93066776281559
2024-01-02 15:06:10,3,61.755618979049025
2024-01-02 15:06:38,3,43.0878937527948
2024-01-02 15:07:37,3,43.96416889494792
2024-01-02 15:09:13,3,54.82567505816934
2024-01-02 15:10:20,3,47.782715111315845
2024-01-02 15:10:39,3,50.67821490504337
2024-01-02 15:11:22,3,66.5793199960172
2024-01-02 15:11:50,3,66.20670223590322
2024-01-02 15:13:23,3,62.35383796568344
2024-01-02 15:15:06,3,58.2572503424363
2024-01-02 15:16:16,3,63.548070356513605
2024-01-02 15:18:11,3,67.15065605591639
2024-01-02 15:20:03,3,74.00888789603684
2024-01-02 15:20:31,3,47.025394771935765
2024-01-02 15:20:57,3,38.42067006279041
2024-01-02 15:21:19,3,38.935410989595866
2024-01-02 15:23:08,3,50.11692213288508
2024-01-02 15:25:06,3,14.231228297163183
2024-01-02 15:25:31,3,18.274316435780708
2024-01-02 15:26:53,3,20.206199110851355
2024-01-02 15:27:04,3,17.110068960243275
2024-01-02 15:27:39,3,17.870809276419333
2024-01-02 15:28:52,3,17.04187042171291
2024-01-02 15:29:24,3,11.105417256413336
2024-01-02 15:30:58,3,8.293134355086616
2024-01-02 15:31:58,3,18.503814114507993
2024-01-02 15:33:16,3,17.061530342891174
2024-01-02 15:35:08,3,16.74514277985001
2024-01-02 15:36:07,3,42.013566050111166
2024-01-02 15:36:40,3,46.17269883478699
2024-01-02 15:38:24,3,58.80337591446766
2024-01-02 15:40:15,3,48.90348174292822
2024-01-02 15:42:11,3,52.33705286426057
2024-01-02 15:42:36,3,69.2241070927669
2024-01-02 15:44:23,3,45.812245097886965
2024-01-02 15:45:41,3,68.47159293408605
2024-01-02 15:47:34,3,61.30093158131504
2024-01-02 15:49:00,3,64.23033437235729
2024-01-02 15:50:37,3,60.5125592233471
2024-01-02 15:52:30,3,48.01446950617282
2024-01-02 15:53:02,3,30.733820397688003
2024-01-02 15:53:44,3,46.24727901424998
2024-01-02 15:54:34,3,42.37547598335339
2024-01-02 15:55:57,3,53.663337555779805
2024-01-02 15:57:21,3,29.798993186809668
2024-01-02 15:58:16,3,33.99199096645942
2024-01-02 15:59:17,3,20.12457623023459
2024-01-02 16:01:07,3,16.38364030142366
2024-01-02 16:03:04,3,21.69762400402147
2024-01-02 16:04:41,3,21.442182599373343
2024-01-02 16:05:29,3,19.698915110696152
2024-01-02 16:07:04,3,18.342315321858646
2024-01-02 16:08:57,3,27.281638566812436
2024-01-02 16:10:03,3,17.89952801660532
2024-01-02 16:11:55,3,15.283663284203246
2024-01-02 16:13:37,3,20.955288012240956
2024-01-02 16:14:16,3,15.007045541021464
2024-01-02 16:16:06,3,22.45720023367082
2024-01-02 16:17:34,3,20.220329889616803
2024-01-02 16:19:07,3,19.669725239995195
2024-01-02 16:19:40,3,16.100460167297115
2024-01-02 16:21:33,3,21.74140323574299
2024-01-02 16:23:15,3,19.609682220948187
2024-01-02 16:23:34,3,14.349868625765472
2024-01-02 16:24:33,3,14.964959501443207
2024-01-02 16:24:54,3,21.033650012600532
2024-01-02 16:26:34,3,12.61591513186472
2024-01-02 16:27:48,3,19.684056361937323
2024-01-02 16:28:34,3,23.42080508477433
2024-01-02 16:29:28,3,16.11005127007391
2024-01-02 16:30:40,3,7.923890472838117
2024-01-02 16:32:24,3,11.08070490502077
2024-01-02 16:32:46,3,15.016137618161924
2024-01-02 16:33:32,3,12.848461747133271
2024-01-02 16:33:54,3,19.023091127952306
2024-01-02 16:35:16,3,18.716433359410125
2024-01-02 16:36:01,3,47.43219632979133
2024-01-02 16:36:30,3,55.664906614006945
2024-01-02 16:36:40,3,34.66446212155009
2024-01-02 16:37:08,3,68.748860911439
2024-01-02 16:39:00,3,53.23873396562917
2024-01-02 16:40:19,3,57.460300742177466
2024-01-02 16:42:12,3,57.71477583931577
2024-01-02 16:43:55,3,73.25891779162853
2024-01-02 16:45:52,3,65.77307289625028
2024-01-02 16:46:19,3,54.42809445159176
2024-01-02 16:47:04,3,57.93760917553371
2024-01-02 16:47:38,3,59.488166414005256
2024-01-02 16:47:52,3,42.65067034373726
2024-01-02 16:48:19,3,68.672901497693
2024-01-02 16:49:03,3,59.077273233058385
2024-01-02 16:51:02,3,32.01064160837282
2024-01-02 16:52:22,3,55.798760542702254
2024-01-02 16:53:12,3,58.28563115187516
2024-01-02 16:54:27,3,52.74018454655938
2024-01-02 16:55:22,3,66.07294257385611
2024-01-02 16:56:56,3,45.68811967546458
2024-01-02 16:57:18,3,53.52461811899848
2024-01-02 16:58:23,3,15.390672417241266
2024-01-02 17:00:00,3,25.321006362617936
2024-01-02 17:00:25,3,23.923719493533405
2024-01-02 17:01:43,3,15.495297314017092
2024-01-02 17:02:09,3,13.38593525008783
2024-01-02 17:03:07,3,14.68221898116294
2024-01-02 17:04:41,3,26.55333870760389
2024-01-02 17:05:36,3,48.84686117926292
2024-01-02 17:06:05,3,73.57850151290666
2024-01-02 17:07:31,3,41.31059443296806
2024-01-02 17:07:48,3,58.18126862373696
2024-01-02 17:08:49,3,59.77296008809423
2024-01-02 17:09:34,3,57.175134959387854
2024-01-02 17:09:49,3,52.70943277858311
2024-01-02 17:10:14,3,59.25373106798988
2024-01-02 17:12:06,3,42.30076912672453
2024-01-02 17:12:33,3,66.96133717091107
2024-01-02 17:12:54,3,48.26367423569485
2024-01-02 17:14:23,3,45.819917348853
2024-01-02 17:14:53,3,69.50340258759061
2024-01-02 17:16:39,3,43.77849438513586
2024-01-02 17:18:25,3,59.33793405019009
2024-01-02 17:20:24,3,39.92203555410809
2024-01-02 17:21:02,3,62.51563225402171
2024-01-02 17:22:59,3,62.8338472415424
2024-01-02 17:24:02,3,22.841875831767396
2024-01-02 17:25:19,3,17.369487917209213
2024-01-02 17:27:10,3,17.472375306145228
2024-01-02 17:29:04,3,16.659837063361948
2024-01-02 17:30:52,3,14.523112672581185
2024-01-02 17:31:51,3,22.577267605386822
2024-01-02 17:33:22,3,12.462692956861547
2024-01-02 17:34:41,3,24.007085158935123
2024-01-02 17:36:15,3,25.253997331543697
2024-01-02 17:38:12,3,12.414291193976936
2024-01-02 17:39:49,3,12.634705404433621
2024-01-02 17:40:55,3,25.130995801596672
2024-01-02 17:41:41,3,17.00921210678935
2024-01-02 17:41:54,3,17.460626422952572
2024-01-02 17:42:16,3,17.924730644992
2024-01-02 17:42:56,3,56.291987854464566
2024-01-02 17:43:07,3,64.70633672611443
2024-01-02 17:44:07,3,42.267445481931404
2024-01-02 17:44:24,3,44.89913541140457
2024-01-02 17:45:03,3,56.611849222518586
2024-01-02 17:46:11,3,50.72165784282127
2024-01-02 17:46:43,3,75.02947084076285
2024-01-02 17:47:55,3,65.46648360841779
2024-01-02 17:49:13,3,47.38072155945717
2024-01-02 17:50:52,3,38.478976683070655
2024-01-02 17:52:30,3,47.3737708356448
2024-01-02 17:54:14,3,55.77028020845872
2024-01-02 17:54:34,3,61.97350744638067
2024-01-02 17:55:15,3,56.91922005036113
2024-01-02 17:56:06,3,76.32146460143701
2024-01-02 17:56:23,3,51.90102779696771
2024-01-02 17:57:42,3,51.741849202183765
2024-01-02 17:57:56,3,47.90973347157193
2024-01-02 17:58:48,3,61.88736006434587
2024-01-02 17:59:13,3,73.78222385420877
2024-01-02 18:00:05,3,59.46371533215678
2024-01-02 18:02:04,3,55.34362991271671
2024-01-02 18:02:59,3,43.692416438559874
2024-01-02 18:04:14,3,56.64956875409025
2024-01-02 18:05:40,3,66.32096880834689
2024-01-02 18:06:24,3,33.77866587325529
2024-01-02 18:08:08,3,46.831039118218605
2024-01-02 18:08:57,3,20.354344296876903
2024-01-02 18:09:13,3,22.939172106539967
2024-01-02 18:10:33,3,21.68309966450285
2024-01-02 18:11:04,3,24.643707150496247
2024-01-02 18:12:44,3,27.112316714968955
2024-01-02 18:13:03,3,13.265999529093342
2024-01-02 18:13:17,3,13.534847490457405
2024-01-02 18:13:43,3,11.050764669713736
2024-01-02 18:14:42,3,13.714138130541471
2024-01-02 18:16:33,3,20.459072005439815
2024-01-02 18:18:32,3,14.037924241500594
2024-01-02 18:19:40,3,13.745568499861049
2024-01-02 18:21:25,3,19.545788597587322
2024-01-02 18:22:38,3,14.579769848104792
2024-01-02 18:23:25,3,20.27537787860185
2024-01-02 18:24:38,3,17.447994180492056
2024-01-02 18:24:49,3,29.090804527221128
2024-01-02 18:26:26,3,22.32029026807089
2024-01-02 18:27:24,3,23.86447139315739
2024-01-02 18:28:51,3,18.08534412599863
2024-01-02 18:29:43,3,13.444102074282007
2024-01-02 18:30:18,3,13.420940979122378
2024-01-02 18:32:10,3,18.860294611831293
2024-01-02 18:33:26,3,15.05819217846611
2024-01-02 18:33:48,3,10.812563522464144
2024-01-02 18:34:06,3,24.63995294091976
2024-01-02 18:35:12,3,17.18037011622242
2024-01-02 18:36:39,3,20.01131172332189
2024-01-02 18:38:16,3,13.307823276212968
2024-01-02 18:39:09,3,19.74639417357939
2024-01-02 18:41:06,3,26.7409022903463
2024-01-02 18:42:56,3,64.57926865336238
2024-01-02 18:43:43,3,55.41326831877003
2024-01-02 18:44:45,3,60.54967164998613
2024-01-02 18:46:24,3,56.492655103932975
2024-01-02 18:47:18,3,70.95228045903448
2024-01-02 18:48:18,3,63.995987379794066
2024-01-02 18:48:45,3,64.15172150718622
2024-01-02 18:48:55,3,44.96655936253913
2024-01-02 18:50:27,3,53.8996657574029
2024-01-02 18:50:37,3,66.08417115460915
2024-01-02 18:52:24,3,43.72771700834876
2024-01-02 18:54:23,3,69.9016375715974
2024-01-02 18:56:07,3,42.87308752468723
2024-01-02 18:57:36,3,74.5008783450312
2024-01-02 18:57:58,3,63.36381756164642
2024-01-02 18:58:50,3,66.82894938877925
2024-01-02 18:59:01,3,39.555450909164456
2024-01-02 19:00:18,3,70.31906829515756
2024-01-02 19:01:00,3,51.77066725435354
2024-01-02 19:01:39,3,61.6712736366802
2024-01-02 19:02:46,3,47.693637615573266
2024-01-02 19:04:44,3,71.49191323334462
2024-01-02 19:06:28,3,63.609101045414626
2024-01-02 19:06:56,3,38.179327163022144
2024-01-02 19:08:37,3,24.580497259252407
2024-01-02 19:09:03,3,24.606055630387882
2024-01-02 19:10:34,3,9.930492722605042
2024-01-02 19:12:09,3,20.74452166989714
2024-01-02 19:13:06,3,12.999046360475178
2024-01-02 19:14:30,3,7.986299324427046
2024-01-02 19:16:11,3,18.29631581145052
2024-01-02 19:16:58,3,50.11987196827914
2024-01-02 19:18:17,3,56.82587804214336
2024-01-02 19:18:47,3,49.42870111401592
2024-01-02 19:19:15,3,48.61276679473585
2024-01-02 19:20:39,3,67.18779907619096
2024-01-02 19:21:08,3,44.25991780534898
2024-01-02 19:23:05,3,58.91528466194088
2024-01-02 19:24:37,3,53.993209406229354
2024-01-02 19:25:39,3,20.678875194885205
2024-01-02 19:25:57,3,16.82485248209792
2024-01-02 19:26:31,3,26.358956948573088
2024-01-02 19:26:44,3,24.258307727366674
2024-01-02 19:27:08,3,24.818152038521035
2024-01-02 19:28:09,3,10.78680747288998
2024-01-02 19:29:41,3,15.018354921387846
2024-01-02 19:30:35,3,22.62736316710798
2024-01-02 19:31:30,3,13.914006804936893
2024-01-02 19:32:53,3,14.727120377501986
2024-01-02 19:33:42,3,12.81102263490908
2024-01-02 19:35:31,3,25.383718353941454
2024-01-02 19:36:48,3,19.3635420364564
2024-01-02 19:38:15,3,25.631562478430745
2024-01-02 19:38:37,3,25.135320338167737
2024-01-02 19:39:36,3,18.003775455389228
2024-01-02 19:41:09,3,14.293723162452585
2024-01-02 19:41:46,3,25.691328204560175
2024-01-02 19:43:29,3,15.657101452248417
2024-01-02 19:45:02,3,7.960507131179664
2024-01-02 19:46:59,3,14.674463144905975
2024-01-02 19:48:15,3,15.082197260519631
2024-01-02 19:48:57,3,16.559612278857067
2024-01-02 19:50:30,3,12.644638965642702
2024-01-02 19:51:33,3,16.421215813904055
2024-01-02 19:51:56,3,21.007207968053038
2024-01-02 19:53:00,3,30.091778767862255
2024-01-02 19:54:47,3,17.844198175992613
2024-01-02 19:55:49,3,23.623999884889443
2024-01-02 19:56:13,3,17.013572084952806
2024-01-02 19:56:25,3,1.7483326190214719
2024-01-02 19:57:41,3,28.560446636264544
2024-01-02 19:58:09,3,26.50711870220185
2024-01-02 19:59:46,3,22.224267950125217
2024-01-02 20:00:11,3,16.550394234874922
2024-01-02 20:01:01,3,13.600803469495066
2024-01-02 20:01:49,3,21.647093621057667
2024-01-02 20:03:41,3,24.168936384798023
2024-01-02 20:05:18,3,20.090457137533008
2024-01-02 20:06:53,3,14.625310715432509
2024-01-02 20:07:27,3,12.474134594904722
2024-01-02 20:09:21,3,17.383509767905007
2024-01-02 20:10:13,3,14.53528384926466
2024-01-02 20:11:14,3,20.882805602544973
2024-01-02 20:11:35,3,15.936549201595609
2024-01-02 20:13:32,3,16.125401639747125
2024-01-02 20:15:30,3,19.3910229801049
2024-01-02 20:17:08,3,18.777897346153193
2024-01-02 20:18:07,3,13.369737690603674
2024-01-02 20:19:11,3,11.840706444640112
2024-01-02 20:21:10,3,23.48537653206314
2024-01-02 20:22:08,3,40.546001632192414
2024-01-02 20:23:38,3,63.09735749794795
2024-01-02 20:25:25,3,55.58755387939084
2024-01-02 20:27:15,3,68.90479477204649
2024-01-02 20:28:17,3,50.12647060789941
2024-01-02 20:29:14,3,36.229347791092565
2024-01-02 20:31:03,3,59.18412914414933
2024-01-02 20:32:00,3,48.8040001989631
2024-01-02 20:33:25,3,26.816957137978214
2024-01-02 20:33:37,3,59.31666183857991
2024-01-02 20:35:13,3,59.90677104544734
2024-01-02 20:37:04,3,47.21119326493474
2024-01-02 20:37:51,3,52.34559222127985
2024-01-02 20:38:15,3,36.21125616505759
2024-01-02 20:40:13,3,48.52646925487333
2024-01-02 20:41:40,3,51.588002673067045
2024-01-02 20:43:07,3,78.0408978354919
2024-01-02 20:43:47,3,57.66115024862145
2024-01-02 20:45:09,3,57.526563456989244
2024-01-02 20:46:04,3,31.168878189140766
2024-01-02 20:47:53,3,52.604756830889315
2024-01-02 20:48:38,3,38.54422941067257
2024-01-02 20:48:50,3,54.36425722794733
2024-01-02 20:50:21,3,20.15044578085876
2024-01-02 20:51:34,3,13.980876758786273
2024-01-02 20:53:16,3,16.70206840580471
2024-01-02 20:54:48,3,11.678262340191605
2024-01-02 20:56:46,3,18.726866124193027
2024-01-02 20:58:02,3,12.013839695624561
2024-01-02 20:59:35,3,56.11088351304833
2024-01-02 21:00:32,3,44.55074965377749
2024-01-02 21:00:51,3,54.140056843546866
2024-01-02 21:01:34,3,57.645406157361684
2024-01-02 21:02:15,3,66.6290257254414
2024-01-02 21:03:45,3,53.5284469478314
2024-01-02 21:04:00,3,58.21985911619116
2024-01-02 21:05:24,3,50.35000129684491
2024-01-02 21:06:37,3,59.386361458943036
2024-01-02 21:07:51,3,61.52727982347555
2024-01-02 21:09:34,3,52.198517683762965
2024-01-02 21:10:29,3,60.21782038654298
2024-01-02 21:11:07,3,57.89273211085819
2024-01-02 21:12:07,3,56.65284394507579
2024-01-02 21:13:19,3,59.21946284983782
2024-01-02 21:15:17,3,60.57184815867792
2024-01-02 21:17:06,3,43.08184309013692
2024-01-02 21:17:17,3,46.62240900137816
2024-01-02 21:17:43,3,64.9795432214255
2024-01-02 21:19:18,3,50.96685232678293
2024-01-02 21:20:59,3,53.7593932206371
2024-01-02 21:22:11,3,55.55075638314712
2024-01-02 21:23:35,3,65.56030371565714
2024-01-02 21:25:29,3,49.77218783433829
2024-01-02 21:26:09,3,67.93097521241093
2024-01-02 21:27:16,3,53.44277478532658
2024-01-02 21:27:59,3,57.11124776844667
2024-01-02 21:29:49,3,15.908755423600844
2024-01-02 21:31:23,3,23.925856942483875
2024-01-02 21:33:16,3,14.281099601789483
2024-01-02 21:35:08,3,23.98614051394884
2024-01-02 21:35:23,3,57.811155809967154
2024-01-02 21:35:37,3,55.192034209655475
2024-01-02 21:37:29,3,39.82746139427895
2024-01-02 21:38:40,3,58.20007026927974
2024-01-02 21:39:41,3,64.9681628953882
2024-01-02 21:40:39,3,65.01870413541089
2024-01-02 21:42:08,3,55.00160507407085
2024-01-02 21:43:11,3,53.00070076881583
2024-01-02 21:44:58,3,62.42903305433599
2024-01-02 21:45:43,3,66.93773658263584
2024-01-02 21:47:16,3,42.453655150161296
2024-01-02 21:48:57,3,60.13675215793306
2024-01-02 21:49:30,3,48.385121147184805
2024-01-02 21:50:23,3,37.070494227158065
2024-01-02 21:51:24,3,59.67616279944246
2024-01-02 21:52:09,3,47.89308007532989
2024-01-02 21:53:40,3,61.83618311936333
2024-01-02 21:55:16,3,61.147984103600514
2024-01-02 21:56:51,3,39.06274144044897
2024-01-02 21:58:04,3,36.384866393408
2024-01-02 21:58:30,3,14.176158550737332
2024-01-02 22:00:05,3,10.547535671315533
2024-01-02 22:01:49,3,23.79282746411161
2024-01-02 22:03:35,3,21.482382320839907
2024-01-02 22:04:52,3,21.976651358942757
2024-01-02 22:06:18,3,23.460318963751522
2024-01-02 22:07:19,3,17.271336527064964
2024-01-02 22:09:11,3,17.73063810406525
2024-01-02 22:10:51,3,17.90500566361761
2024-01-02 22:11:48,3,14.37082649992971
2024-01-02 22:13:35,3,21.752121964186163
2024-01-02 22:14:50,3,18.46298574275634
2024-01-02 22:16:33,3,13.592013797070756
2024-01-02 22:16:50,3,13.676081806606234
2024-01-02 22:17:50,3,13.270052768468785
2024-01-02 22:18:13,3,19.33340838898084
2024-01-02 22:18:26,3,16.884377810904976
2024-01-02 22:18:59,3,31.604757117177005
2024-01-02 22:20:12,3,15.900268158822962
2024-01-02 22:21:04,3,12.113208060996534
2024-01-02 22:22:46,3,16.67243662335274
2024-01-02 22:24:25,3,18.025693803784865
2024-01-02 22:25:42,3,20.541425887915086
2024-01-02 22:27:24,3,11.092086420883309
2024-01-02 22:29:19,3,14.205902826615013
2024-01-02 22:30:36,3,23.144383697635067
2024-01-02 22:31:06,3,22.784033137379307
2024-01-02 22:31:16,3,15.737150910340192
2024-01-02 22:31:36,3,14.908299747081749
2024-01-02 22:32:30,3,19.76011562964804
2024-01-02 22:33:08,3,25.67593505933784
2024-01-02 22:33:37,3,22.454814818761605
2024-01-02 22:34:28,3,23.881739794817435
2024-01-02 22:35:42,3,15.444135160303965
2024-01-02 22:36:53,3,18.209350251334424
2024-01-02 22:38:28,3,21.25826861910228
2024-01-02 22:39:45,3,9.362875375464931
2024-01-02 22:40:11,3,7.144173101564945
2024-01-02 22:41:57,3,23.779910205603496
2024-01-02 22:42:57,3,26.75420535825014
2024-01-02 22:43:24,3,11.83091099112986
2024-01-02 22:44:13,3,24.45212662308431
2024-01-02 22:45:48,3,13.873935622271418
2024-01-02 22:47:11,3,18.199957830426115
2024-01-02 22:48:09,3,23.43526411190273
2024-01-02 22:48:54,3,25.59357262910422
2024-01-02 22:50:05,3,16.01763093292728
2024-01-02 22:52:02,3,17.846974529982024
2024-01-02 22:53:16,3,70.11697420721282
2024-01-02 22:54:22,3,60.27568116112033
2024-01-02 22:55:13,3,61.04024846949552
2024-01-02 22:57:04,3,52.716781086455526
2024-01-02 22:58:18,3,38.634768236002344
2024-01-02 22:58:49,3,63.81942534844177
2024-01-02 23:00:28,3,23.50878032484659
2024-01-02 23:01:28,3,17.889186576845727
2024-01-02 23:02:28,3,24.843253934499568
2024-01-02 23:04:07,3,16.600169335967355
2024-01-02 23:04:29,3,18.56374469038375
2024-01-02 23:05:52,3,19.30380522302999
2024-01-02 23:06:30,3,16.512339969883335
2024-01-02 23:07:35,3,10.13008668172343
2024-01-02 23:08:55,3,13.966385451256084
2024-01-02 23:09:10,3,17.71746937670396
2024-01-02 23:11:09,3,15.491211194151399
2024-01-02 23:12:58,3,17.518858857584046
2024-01-02 23:13:48,3,21.320584268722264
2024-01-02 23:14:33,3,15.606103199070787
2024-01-02 23:15:52,3,14.890390688101792
2024-01-02 23:17:50,3,31.513053589892067
2024-01-02 23:18:32,3,7.11936270576833
2024-01-02 23:20:09,3,58.863169679584864
2024-01-02 23:21:33,3,64.92252125755303
2024-01-02 23:23:26,3,43.95331643897893
2024-01-02 23:25:17,3,60.35640225016609
2024-01-02 23:26:45,3,56.84645856993256
2024-01-02 23:28:18,3,40.37366047100976
2024-01-02 23:29:00,3,38.46040440383686
2024-01-02 23:30:36,3,55.098137403964046
2024-01-02 23:32:16,3,45.87547212202922
2024-01-02 23:33:51,3,46.84105908243465
2024-01-02 23:34:08,3,54.99959153693043
2024-01-02 23:35:59,3,22.28651895328056
2024-01-02 23:36:26,3,7.203167352998552
2024-01-02 23:36:37,3,19.65333982419533
2024-01-02 23:36:50,3,13.579454294850393
2024-01-02 23:37:48,3,17.23107417426904
2024-01-02 23:38:44,3,20.960701571259754
2024-01-02 23:39:31,3,22.733099745586223
2024-01-02 23:40:24,3,16.310951139256403
2024-01-02 23:42:19,3,23.37253784901518
2024-01-02 23:43:13,3,16.349736323779997
2024-01-02 23:43:54,3,25.774813638628824
2024-01-02 23:45:14,3,25.22018832117942
2024-01-02 23:45:37,3,68.04439038682118
2024-01-02 23:46:10,3,45.10084686976451
2024-01-02 23:46:23,3,52.89511969462966
2024-01-02 23:47:05,3,54.15814728978396
2024-01-02 23:47:46,3,53.92036967517186
2024-01-02 23:48:46,3,60.0023835069824
2024-01-02 23:50:02,3,42.51697198130682
2024-01-02 23:51:40,3,62.67669488764368
2024-01-02 23:51:55,3,55.98703968415338
2024-01-02 23:53:39,3,45.40267665167066
2024-01-02 23:53:52,3,38.363100218036166
2024-01-02 23:54:38,3,62.65123973943706
2024-01-02 23:55:29,3,56.183758853323866
2024-01-02 23:56:07,3,44.95959138979773
2024-01-02 23:56:48,3,49.6724246053878
2024-01-02 23:57:41,3,43.68494698647837
2024-01-02 23:58:36,3,55.1578477336065
2024-01-03 00:00:01,3,38.61704085797607
2024-01-01 00:00:31,4,38.500846079722464
2024-01-01 00:01:43,4,64.34835723012895
2024-01-01 00:03:42,4,44.60119301347588
2024-01-01 00:04:43,4,71.2764522078156
2024-01-01 00:04:55,4,59.64060267137319
2024-01-01 00:05:46,4,57.68141366097218
2024-01-01 00:06:48,4,48.05346435895317
2024-01-01 00:08:09,4,45.40149697783705
2024-01-01 00:08:57,4,52.750804604446486
2024-01-01 00:10:26,4,8.12994022477009
2024-01-01 00:12:06,4,14.654286246663332
2024-01-01 00:13:14,4,25.930570657106557
2024-01-01 00:14:53,4,18.190422528597463
2024-01-01 00:16:32,4,27.29304448339257
2024-01-01 00:17:27,4,19.324932649066376
2024-01-01 00:18:31,4,14.852755981722652
2024-01-01 00:18:53,4,13.094732348676516
2024-01-01 00:19:38,4,17.38811883495684
2024-01-01 00:21:03,4,19.629253189263192
2024-01-01 00:22:06,4,18.03021630479252
2024-01-01 00:23:41,4,22.000383819129617
2024-01-01 00:24:24,4,14.786751360148475
2024-01-01 00:25:01,4,15.319875385509103
2024-01-01 00:26:27,4,18.916103276516363
2024-01-01 00:27:58,4,24.387678939126946
2024-01-01 00:28:49,4,23.953498087775024
2024-01-01 00:30:21,4,18.983188708751225
2024-01-01 00:30:44,4,21.494879091723835
2024-01-01 00:32:04,4,18.78052676241103
2024-01-01 00:33:59,4,20.183021892867444
2024-01-01 00:35:49,4,19.192855461444708
2024-01-01 00:36:07,4,21.006183940758365
2024-01-01 00:36:34,4,27.309574390750864
2024-01-01 00:38:29,4,28.934032468290233
2024-01-01 00:39:31,4,23.115849845822066
2024-01-01 00:41:14,4,28.137116925779978
2024-01-01 00:42:13,4,19.57463359356164
2024-01-01 00:43:21,4,16.246633031707017
2024-01-01 00:44:01,4,15.5618046325071
2024-01-01 00:44:21,4,19.140334338265955
2024-01-01 00:45:21,4,16.574621285471256
2024-01-01 00:46:06,4,20.257737456197532
2024-01-01 00:47:33,4,19.332608249891003
2024-01-01 00:49:08,4,19.971869226962234
2024-01-01 00:50:17,4,6.584948137875653
2024-01-01 00:50:34,4,16.76359750525401
2024-01-01 00:51:29,4,22.23284639802539
2024-01-01 00:52:50,4,19.529800122189183
2024-01-01 00:54:41,4,24.479988353198948
2024-01-01 00:55:09,4,18.136862393466043
2024-01-01 00:55:31,4,19.608446850401496
2024-01-01 00:56:17,4,15.357745010498046
2024-01-01 00:58:00,4,13.098431270247014
2024-01-01 00:58:44,4,61.25233868467072
2024-01-01 00:59:20,4,61.76717247350326
2024-01-01 01:00:38,4,48.285081195874966
2024-01-01 01:01:31,4,55.39950481928375
2024-01-01 01:01:55,4,48.629039746023594
2024-01-01 01:03:48,4,58.680355745502126
2024-01-01 01:04:26,4,68.39140853338016
2024-01-01 01:06:14,4,52.830781833900815
2024-01-01 01:06:51,4,42.54905610220757
2024-01-01 01:07:54,4,42.85512439160979
2024-01-01 01:09:23,4,32.67847187138841
2024-01-01 01:11:01,4,43.837965509204366
2024-01-01 01:12:24,4,64.99925415801411
2024-01-01 01:14:02,4,51.11971460087471
2024-01-01 01:15:59,4,50.64177772054769
2024-01-01 01:16:41,4,41.01017878038347
2024-01-01 01:16:54,4,56.142763404063174
2024-01-01 01:18:23,4,60.29019138546477
2024-01-01 01:19:38,4,61.71399525034105
2024-01-01 01:20:23,4,58.84145335416796
2024-01-01 01:21:42,4,51.9752614160753
2024-01-01 01:23:32,4,64.57513261921798
2024-01-01 01:24:27,4,63.28326724753859
2024-01-01 01:25:25,4,61.6850115279749
2024-01-01 01:27:02,4,29.01654907628879
2024-01-01 01:27:52,4,21.160758148453866
2024-01-01 01:29:49,4,13.425721623203755
2024-01-01 01:31:15,4,23.94658201783863
2024-01-01 01:33:07,4,20.151946811146065
2024-01-01 01:34:14,4,14.41639197668788
2024-01-01 01:34:32,4,18.60457214723269
2024-01-01 01:35:54,4,16.154250328703743
2024-01-01 01:36:28,4,27.65454493593535
2024-01-01 01:38:06,4,19.19054162627107
2024-01-01 01:39:09,4,16.90814959915141
2024-01-01 01:39:21,4,16.35478074071062
2024-01-01 01:41:02,4,21.03773361817966
2024-01-01 01:42:31,4,15.559458944309235
2024-01-01 01:44:21,4,9.19586233520749
2024-01-01 01:45:30,4,13.763002703990452
2024-01-01 01:45:45,4,19.430162117465304
2024-01-01 01:46:27,4,11.640013079083998
2024-01-01 01:47:20,4,19.881629788232875
2024-01-01 01:49:02,4,21.032123641955817
2024-01-01 01:49:41,4,17.960920414547108
2024-01-01 01:51:05,4,12.00096912975555
2024-01-01 01:51:47,4,10.48330003166924
2024-01-01 01:52:30,4,9.237896090252997
2024-01-01 01:53:20,4,17.818632568504484
2024-01-01 01:54:26,4,16.568053273836117
2024-01-01 01:55:01,4,19.080343770268936
2024-01-01 01:57:00,4,23.71325342981229
2024-01-01 01:57:16,4,11.124167551979513
2024-01-01 01:58:50,4,22.361480266852926
2024-01-01 01:59:44,4,17.376393762326323
2024-01-01 02:00:33,4,16.787074079991168
2024-01-01 02:01:12,4,24.73716749175333
2024-01-01 02:02:42,4,18.08105235831893
2024-01-01 02:02:52,4,23.759119495340514
2024-01-01 02:04:44,4,9.88242974050485
2024-01-01 02:06:31,4,13.354037753231879
2024-01-01 02:06:45,4,48.02023458755244
2024-01-01 02:07:07,4,60.56630158783135
2024-01-01 02:08:06,4,48.348656732135275
2024-01-01 02:09:34,4,59.81145890765187
2024-01-01 02:10:13,4,57.87296572749087
2024-01-01 02:11:55,4,59.546889519536364
2024-01-01 02:12:08,4,61.948161429230936
2024-01-01 02:13:23,4,39.10650774433722
2024-01-01 02:14:04,4,49.07840033428892
2024-01-01 02:14:57,4,14.36555308397644
2024-01-01 02:16:38,4,23.226037910161253
2024-01-01 02:17:46,4,22.815545060217293
2024-01-01 02:19:43,4,23.151643661250773
2024-01-01 02:20:33,4,22.99363285041549
2024-01-01 02:22:08,4,45.89801293772089
2024-01-01 02:24:07,4,65.82084197153033
2024-01-01 02:24:28,4,56.339842239433224
2024-01-01 02:25:18,4,44.61360289406947
2024-01-01 02:26:48,4,66.70972395051474
2024-01-01 02:28:20,4,55.644266737322205
2024-01-01 02:28:37,4,55.81711926260219
2024-01-01 02:30:14,4,50.74394866038142
2024-01-01 02:30:35,4,55.656473751524466
2024-01-01 02:31:41,4,42.44850932794842
2024-01-01 02:31:57,4,40.33961798551128
2024-01-01 02:33:07,4,82.98565912030904
2024-01-01 02:34:56,4,54.993469260844584
2024-01-01 02:36:10,4,47.700033284199236
2024-01-01 02:36:36,4,63.86842659488585
2024-01-01 02:37:57,4,55.67707810015953
2024-01-01 02:39:32,4,36.29938901314626
2024-01-01 02:39:45,4,48.70132650862625
2024-01-01 02:41:09,4,55.96430379528505
2024-01-01 02:42:04,4,60.78809109784556
2024-01-01 02:43:19,4,32.958266145874816
2024-01-01 02:44:02,4,60.218912341350844
2024-01-01 02:44:31,4,52.21335228575412
2024-01-01 02:45:01,4,60.18843922940112
2024-01-01 02:46:32,4,57.21598018136741
2024-01-01 02:47:48,4,24.057107509086105
2024-01-01 02:49:42,4,15.763878201612382
2024-01-01 02:50:08,4,25.285509131137026
2024-01-01 02:51:45,4,12.380494375385577
2024-01-01 02:52:27,4,9.285560130914703
2024-01-01 02:52:46,4,7.123092839804132
2024-01-01 02:53:28,4,81.47884213557087
2024-01-01 02:55:03,4,59.539358884037746
2024-01-01 02:56:50,4,47.96313234508003
2024-01-01 02:57:55,4,47.57720314491263
2024-01-01 02:58:51,4,55.39864207491586
2024-01-01 02:59:43,4,62.834681062089174
2024-01-01 03:01:24,4,47.83831483526624
2024-01-01 03:02:38,4,40.55669766577282
2024-01-01 03:02:50,4,67.12384452889752
2024-01-01 03:04:47,4,34.854624085143044
2024-01-01 03:06:23,4,51.39295499550426
2024-01-01 03:06:48,4,52.8031295497616
2024-01-01 03:07:37,4,62.470673189738314
2024-01-01 03:08:41,4,64.42695667499274
2024-01-01 03:10:26,4,50.443375019863396
2024-01-01 03:12:00,4,62.37022855556314
2024-01-01 03:13:26,4,45.92917821210212
2024-01-01 03:14:12,4,41.95594138606593
2024-01-01 03:15:48,4,54.03714418464748
2024-01-01 03:16:25,4,58.497471877757675
2024-01-01 03:18:14,4,72.69463828736093
2024-01-01 03:19:52,4,33.203901867553654
2024-01-01 03:20:09,4,47.98874905582978
2024-01-01 03:20:43,4,22.921151087555224
2024-01-01 03:20:55,4,15.921906394566008
2024-01-01 03:22:13,4,16.137939317876228
2024-01-01 03:23:54,4,16.512100002932538
2024-01-01 03:25:01,4,24.72526522030557
2024-01-01 03:25:18,4,14.955513404581268
2024-01-01 03:26:45,4,12.342401754506811
2024-01-01 03:27:24,4,16.81733373951938
2024-01-01 03:27:45,4,11.920780085873158
2024-01-01 03:28:18,4,68.40899527860473
2024-01-01 03:30:13,4,45.66082197444622
2024-01-01 03:32:07,4,51.40938592133613
2024-01-01 03:33:53,4,47.80172748318532
2024-01-01 03:34:54,4,46.8512145376457
2024-01-01 03:36:32,4,47.961875608041574
2024-01-01 03:36:57,4,68.53448952699478
2024-01-01 03:37:23,4,70.47319021703642
2024-01-01 03:37:36,4,62.2509972869941
2024-01-01 03:39:11,4,58.03757949100927
2024-01-01 03:40:12,4,45.15222414150983
2024-01-01 03:42:05,4,61.339020354464495
2024-01-01 03:42:58,4,39.51416966378608
2024-01-01 03:43:56,4,62.95021459269172
2024-01-01 03:44:58,4,69.29730726192352
2024-01-01 03:45:39,4,57.55340100090931
2024-01-01 03:46:18,4,49.734525930280356
2024-01-01 03:46:36,4,19.4051765317333
2024-01-01 03:47:47,4,13.267572712004823
2024-01-01 03:48:08,4,17.11616094054282
2024-01-01 03:48:20,4,41.64173154849478
2024-01-01 03:49:45,4,73.47660002942449
2024-01-01 03:50:33,4,60.52644714466308
2024-01-01 03:51:44,4,69.54518235601324
2024-01-01 03:53:04,4,53.51716862072597
2024-01-01 03:53:21,4,65.1779596903596
2024-01-01 03:55:12,4,74.44048675687901
2024-01-01 03:56:15,4,54.55348698871377
2024-01-01 03:57:15,4,46.96079655760579
2024-01-01 03:57:39,4,67.16528232549537
2024-01-01 03:58:37,4,49.45797545047421
2024-01-01 04:00:24,4,44.86266846434839
2024-01-01 04:00:37,4,72.93694642280653
2024-01-01 04:01:42,4,54.03251826424924
2024-01-01 04:03:24,4,20.104863912657333
2024-01-01 04:03:34,4,17.92025136511615
2024-01-01 04:04:53,4,19.360996298768953
2024-01-01 04:05:12,4,11.298079074518418
2024-01-01 04:07:06,4,17.589284772135674
2024-01-01 04:07:53,4,27.07324583661539
2024-01-01 04:08:10,4,21.68387704451584
2024-01-01 04:08:39,4,20.60200881367679
2024-01-01 04:09:03,4,14.786392030586432
2024-01-01 04:11:02,4,20.35285729700149
2024-01-01 04:12:42,4,18.5283736264042
2024-01-01 04:14:41,4,17.971887077868697
2024-01-01 04:14:57,4,27.18971014996138
2024-01-01 04:15:27,4,20.110718460976315
2024-01-01 04:16:53,4,11.77431161123367
2024-01-01 04:18:09,4,17.561853190142052
2024-01-01 04:18:47,4,17.413368926436863
2024-01-01 04:19:36,4,19.305101112156834
2024-01-01 04:19:47,4,10.87949575136117
2024-01-01 04:20:16,4,15.917521444702533
2024-01-01 04:21:21,4,18.559500730546826
2024-01-01 04:21:58,4,8.677805226722185
2024-01-01 04:22:12,4,23.416960717916762
2024-01-01 04:22:28,4,24.614866541727714
2024-01-01 04:23:16,4,5.089704146182658
2024-01-01 04:25:12,4,19.072894631210744
2024-01-01 04:26:59,4,14.312973272099123
2024-01-01 04:27:21,4,14.06685014222875
2024-01-01 04:28:04,4,19.330889326020902
2024-01-01 04:28:29,4,18.558470650533376
2024-01-01 04:30:22,4,15.002143153418146
2024-01-01 04:31:50,4,26.75371620317586
2024-01-01 04:33:10,4,11.241013610536058
2024-01-01 04:34:58,4,14.299036818685503
2024-01-01 04:36:08,4,15.659646105316874
2024-01-01 04:36:46,4,66.04591098903079
2024-01-01 04:38:31,4,71.62777289179469
2024-01-01 04:38:48,4,68.01096693465621
2024-01-01 04:39:14,4,54.50031209189467
2024-01-01 04:40:41,4,54.43113850457439
2024-01-01 04:41:24,4,58.878575434155955
2024-01-01 04:42:10,4,63.20576811668947
2024-01-01 04:42:57,4,45.14421258812449
2024-01-01 04:43:59,4,42.73645614553108
2024-01-01 04:45:18,4,51.27569146962602
2024-01-01 04:45:28,4,55.28818713528359
2024-01-01 04:46:07,4,15.615120700229705
2024-01-01 04:46:55,4,21.434234885318595
2024-01-01 04:48:46,4,6.5916896378971135
2024-01-01 04:49:26,4,12.440746466679855
2024-01-01 04:50:11,4,25.987730849684766
2024-01-01 04:51:07,4,14.677192962676013
2024-01-01 04:51:43,4,21.030748498792345
2024-01-01 04:52:06,4,10.6219362680853
2024-01-01 04:53:41,4,19.19458433549814
2024-01-01 04:54:08,4,18.29787055490258
2024-01-01 04:54:40,4,26.157687054818453
2024-01-01 04:55:17,4,25.381345395709694
2024-01-01 04:55:44,4,10.945161720735257
2024-01-01 04:56:00,4,6.528092452981486
2024-01-01 04:57:45,4,3.7186229332942133
2024-01-01 04:58:41,4,16.552549597831902
2024-01-01 05:00:36,4,17.90671603111187
2024-01-01 05:01:02,4,28.501978054778352
2024-01-01 05:02:24,4,17.964143945093365
2024-01-01 05:03:28,4,5.587280070445807
2024-01-01 05:03:38,4,11.66546268970892
2024-01-01 05:04:34,4,9.034376078320369
2024-01-01 05:05:11,4,19.661731857360017
2024-01-01 05:06:47,4,21.297008949242475
2024-01-01 05:07:21,4,14.786129259865422
2024-01-01 05:07:35,4,16.65235289677418
2024-01-01 05:09:34,4,12.971476316882864
2024-01-01 05:10:45,4,10.769014598942434
2024-01-01 05:12:00,4,16.46502977058299
2024-01-01 05:13:31,4,20.923626735179703
2024-01-01 05:14:11,4,19.166072801241736
2024-01-01 05:14:59,4,16.22090582330894
2024-01-01 05:15:47,4,18.897616507687307
2024-01-01 05:17:23,4,27.244693092809293
2024-01-01 05:18:47,4,14.14321232192054
2024-01-01 05:19:28,4,19.162550168287293
2024-01-01 05:20:39,4,57.417167940675185
2024-01-01 05:21:04,4,41.77915327885089
2024-01-01 05:22:05,4,53.839539530853386
2024-01-01 05:22:45,4,64.28605518065567
2024-01-01 05:23:06,4,51.96903670001836
2024-01-01 05:23:53,4,52.068957046741865
2024-01-01 05:24:50,4,72.08609293416855
2024-01-01 05:26:38,4,67.43822216376755
2024-01-01 05:27:56,4,58.94598935358264
2024-01-01 05:29:55,4,51.76482556557611
2024-01-01 05:31:29,4,80.27010418328605
2024-01-01 05:32:19,4,51.411736290564505
2024-01-01 05:32:32,4,65.19267478122528
2024-01-01 05:33:12,4,50.59419161131018
2024-01-01 05:34:50,4,57.128481686037794
2024-01-01 05:35:44,4,50.376065832357725
2024-01-01 05:37:28,4,63.0518762888893
2024-01-01 05:38:00,4,43.561247845013774
2024-01-01 05:38:44,4,50.78897660945417
2024-01-01 05:38:59,4,61.04914888275517
2024-01-01 05:40:49,4,29.897778589595873
2024-01-01 05:41:26,4,54.61348231172675
2024-01-01 05:43:04,4,2.3987522655077083
2024-01-01 05:44:05,4,22.980933355476523
2024-01-01 05:44:16,4,18.990393085157997
2024-01-01 05:46:07,4,20.39677129409251
2024-01-01 05:47:34,4,18.19924119757662
2024-01-01 05:48:42,4,11.785869708350875
2024-01-01 05:48:58,4,18.131706443737176
2024-01-01 05:50:44,4,18.942394955447433
2024-01-01 05:51:29,4,13.626598493303621
2024-01-01 05:52:33,4,10.1179509609516
2024-01-01 05:54:13,4,22.933456099972503
2024-01-01 05:54:32,4,22.563748899569234
2024-01-01 05:54:55,4,21.731387968052047
2024-01-01 05:55:54,4,22.50395587014151
2024-01-01 05:56:14,4,25.43639813636451
2024-01-01 05:57:10,4,22.365778022541893
2024-01-01 05:57:25,4,17.367372793511326
2024-01-01 05:58:59,4,27.26275158049839
2024-01-01 06:00:53,4,18.03182944529152
2024-01-01 06:01:56,4,11.753533947666694
2024-01-01 06:03:24,4,12.407198761093056
2024-01-01 06:04:55,4,13.437156811708281
2024-01-01 06:05:17,4,16.878488136261723
2024-01-01 06:06:28,4,17.062444763923427
2024-01-01 06:07:05,4,12.162067798702278
2024-01-01 06:08:25,4,18.22597839552014
2024-01-01 06:08:57,4,9.795936302119273
2024-01-01 06:09:18,4,12.718482904322357
2024-01-01 06:09:51,4,16.203541895863307
2024-01-01 06:11:17,4,16.95587927503236
2024-01-01 06:12:59,4,15.971925141452509
2024-01-01 06:14:12,4,15.967200564094043
2024-01-01 06:14:47,4,17.148530301290506
2024-01-01 06:15:00,4,21.764235912658044
2024-01-01 06:15:46,4,22.53805905523384
2024-01-01 06:17:02,4,13.878887803162735
2024-01-01 06:17:37,4,19.480067126138124
2024-01-01 06:18:32,4,21.22061436980092
2024-01-01 06:19:29,4,19.7811656143382
2024-01-01 06:20:54,4,18.28083628233559
2024-01-01 06:22:11,4,12.771578667006544
2024-01-01 06:22:41,4,21.749649182374153
2024-01-01 06:23:06,4,14.276541759193815
2024-01-01 06:23:32,4,20.066217708583252
2024-01-01 06:23:53,4,20.802827555645827
2024-01-01 06:25:05,4,13.331894863684106
2024-01-01 06:25:20,4,18.25555751698794
2024-01-01 06:26:40,4,20.305691924519888
2024-01-01 06:26:54,4,10.967395131668674
2024-01-01 06:28:10,4,12.992717131755992
2024-01-01 06:29:38,4,21.65957441009705
2024-01-01 06:30:13,4,17.329245186284208
2024-01-01 06:31:06,4,18.58846767282342
2024-01-01 06:31:41,4,11.987515837242963
2024-01-01 06:33:28,4,17.14131995552466
2024-01-01 06:34:36,4,22.578699095787723
2024-01-01 06:35:22,4,25.54773431306316
2024-01-01 06:36:22,4,20.170634907704862
2024-01-01 06:37:04,4,15.375726100328361
2024-01-01 06:38:55,4,8.911273062507389
2024-01-01 06:39:06,4,24.531402378641015
2024-01-01 06:39:37,4,11.865421618523797
2024-01-01 06:40:41,4,19.76019555003809
2024-01-01 06:41:51,4,14.779309210732421
2024-01-01 06:43:38,4,56.885588034215374
2024-01-01 06:43:58,4,56.40016910875315
2024-01-01 06:44:54,4,56.37109059604286
2024-01-01 06:46:25,4,58.338684994414905
2024-01-01 06:47:52,4,51.14883233838509
2024-01-01 06:49:37,4,63.7833904559058
2024-01-01 06:50:48,4,50.30460141628696
2024-01-01 06:51:39,4,54.99064063141014
2024-01-01 06:52:29,4,62.20381315770595
2024-01-01 06:53:00,4,43.40723818531497
2024-01-01 06:53:33,4,60.835680383647954
2024-01-01 06:55:27,4,37.19785674833895
2024-01-01 06:55:55,4,63.16358101774277
2024-01-01 06:57:06,4,64.8450380557343
2024-01-01 06:58:38,4,55.771818947221064
2024-01-01 06:59:43,4,79.86371698878824
2024-01-01 07:00:57,4,63.307939231033096
2024-01-01 07:01:52,4,23.000504486027907
2024-01-01 07:02:34,4,12.713799222015131
2024-01-01 07:04:28,4,13.59618776215491
2024-01-01 07:05:45,4,22.11101191392666
2024-01-01 07:07:25,4,21.4229687676094
2024-01-01 07:08:58,4,21.105863161393035
2024-01-01 07:09:23,4,13.483858593462006
2024-01-01 07:10:28,4,17.2837549184794
2024-01-01 07:12:21,4,19.998619521994705
2024-01-01 07:13:35,4,27.645103451984518
2024-01-01 07:14:16,4,21.674453644674553
2024-01-01 07:15:21,4,11.668886678310203
2024-01-01 07:16:42,4,17.87378470668258
2024-01-01 07:18:08,4,18.35432498527568
2024-01-01 07:19:28,4,27.6532912952813
2024-01-01 07:20:56,4,13.576439000329145
2024-01-01 07:21:09,4,10.876967062920427
2024-01-01 07:22:56,4,26.805056151670094
2024-01-01 07:23:40,4,11.952906661424555
2024-01-01 07:24:54,4,20.968456448031112
2024-01-01 07:25:29,4,24.162718931039812
2024-01-01 07:27:02,4,15.165982739520912
2024-01-01 07:27:38,4,28.362992703812594
2024-01-01 07:27:55,4,20.90960094719156
2024-01-01 07:28:19,4,26.77590502016357
2024-01-01 07:29:07,4,24.88003243181927
2024-01-01 07:30:03,4,12.988239450347487
2024-01-01 07:31:40,4,11.937390264581607
2024-01-01 07:33:22,4,20.056801387848537
2024-01-01 07:34:20,4,11.838437369886506
2024-01-01 07:36:04,4,23.46882823714244
2024-01-01 07:37:54,4,14.398058205997643
2024-01-01 07:39:30,4,15.222998002788305
2024-01-01 07:40:48,4,17.857367709451275
2024-01-01 07:41:09,4,11.467031967718452
2024-01-01 07:42:36,4,23.13595780020207
2024-01-01 07:43:10,4,17.9159934201113
2024-01-01 07:43:54,4,11.226291703538617
2024-01-01 07:44:14,4,21.752480162628675
2024-01-01 07:44:45,4,13.862616243690852
2024-01-01 07:46:38,4,12.780395098755083
2024-01-01 07:47:50,4,15.08169771347291
2024-01-01 07:48:59,4,24.19866653989311
2024-01-01 07:49:21,4,23.937959090090065
2024-01-01 07:49:53,4,17.251595260423414
2024-01-01 07:50:31,4,56.25891896546484
2024-01-01 07:51:27,4,48.74818516196331
2024-01-01 07:51:39,4,55.984145255615104
2024-01-01 07:52:10,4,63.965997431875664
2024-01-01 07:52:24,4,39.09808676745702
2024-01-01 07:53:14,4,54.826319924909015
2024-01-01 07:54:05,4,62.2752019385897
2024-01-01 07:54:59,4,45.3361174066872
2024-01-01 07:56:49,4,56.326846191330766
2024-01-01 07:57:45,4,49.49548127310788
2024-01-01 07:59:28,4,50.535928331371615
2024-01-01 08:00:11,4,40.838586766111675
2024-01-01 08:01:10,4,55.65417212868589
2024-01-01 08:03:01,4,64.19907225574639
2024-01-01 08:04:26,4,64.27102965831602
2024-01-01 08:05:58,4,47.928994141237865
2024-01-01 08:07:07,4,42.40704448119962
2024-01-01 08:08:15,4,59.01058307693633
2024-01-01 08:09:49,4,23.038967855698232
2024-01-01 08:11:29,4,15.662267260586017
2024-01-01 08:12:01,4,13.367412017581906
2024-01-01 08:12:18,4,19.408015187089788
2024-01-01 08:12:29,4,16.909010798701317
2024-01-01 08:13:02,4,22.30687091631739
2024-01-01 08:13:33,4,15.917907455477554
2024-01-01 08:15:17,4,12.132857803619729
2024-01-01 08:16:40,4,15.462343282371158
2024-01-01 08:18:18,4,22.170502859550343
2024-01-01 08:18:37,4,20.541382155950487
2024-01-01 08:19:47,4,24.719107147740626
2024-01-01 08:20:34,4,51.071561092327926
2024-01-01 08:21:14,4,66.07272972003804
2024-01-01 08:23:03,4,58.71939843993769
2024-01-01 08:23:49,4,64.93693515555458
2024-01-01 08:24:36,4,56.00444496859781
2024-01-01 08:25:16,4,61.11635785498339
2024-01-01 08:26:27,4,55.66588826902922
2024-01-01 08:26:45,4,55.617882702296484
2024-01-01 08:27:05,4,57.3101541457624
2024-01-01 08:28:05,4,45.76842257192314
2024-01-01 08:30:00,4,53.787979326250706
2024-01-01 08:30:16,4,53.14187786955434
2024-01-01 08:31:21,4,48.063035075355955
2024-01-01 08:32:23,4,63.7926390516656
2024-01-01 08:33:15,4,64.43142255888881
2024-01-01 08:34:43,4,50.49112888520792
2024-01-01 08:35:06,4,48.22274495754656
2024-01-01 08:35:33,4,39.351252071384806
2024-01-01 08:36:33,4,62.918863332282385
2024-01-01 08:37:42,4,63.672973648258996
2024-01-01 08:39:22,4,56.45606367852085
2024-01-01 08:40:56,4,56.56110531715169
2024-01-01 08:42:32,4,38.748502396112976
2024-01-01 08:43:05,4,67.92833342001526
2024-01-01 08:44:43,4,59.85834424412192
2024-01-01 08:45:16,4,47.00888075439363
2024-01-01 08:45:40,4,50.159803768037214
2024-01-01 08:47:34,4,63.04787443527399
2024-01-01 08:49:07,4,56.097534012755695
2024-01-01 08:49:37,4,15.697032648366385
2024-01-01 08:51:30,4,22.137715760747106
2024-01-01 08:51:57,4,17.475498727030637
2024-01-01 08:53:38,4,21.51746761355586
2024-01-01 08:54:18,4,22.972051406088152
2024-01-01 08:54:33,4,5.976281017350956
2024-01-01 08:56:24,4,18.079574815253352
2024-01-01 08:58:22,4,19.677106602401846
2024-01-01 09:00:21,4,15.556114775432967
2024-01-01 09:01:01,4,24.099664877682418
2024-01-01 09:01:55,4,21.47352485233523
2024-01-01 09:03:42,4,20.373019615173806
2024-01-01 09:04:09,4,18.258589424065935
2024-01-01 09:05:42,4,8.1409241613403
2024-01-01 09:05:52,4,23.883916910871605
2024-01-01 09:06:20,4,13.457678312386115
2024-01-01 09:06:35,4,11.417151035563926
2024-01-01 09:08:33,4,17.364297926069437
2024-01-01 09:10:13,4,23.723271096241064
2024-01-01 09:11:32,4,19.895618165346185
2024-01-01 09:12:59,4,15.336494562225111
2024-01-01 09:14:42,4,68.03985992110907
2024-01-01 09:15:55,4,43.32187819897887
2024-01-01 09:17:02,4,35.63630725068917
2024-01-01 09:18:47,4,37.566685979334316
2024-01-01 09:19:25,4,65.91027909191477
2024-01-01 09:20:55,4,57.50147716035356
2024-01-01 09:22:26,4,19.302093033855478
2024-01-01 09:23:19,4,24.352526905171977
2024-01-01 09:24:20,4,59.961500556408524
2024-01-01 09:24:40,4,44.364170332693504
2024-01-01 09:26:36,4,53.67960313517761
2024-01-01 09:27:07,4,51.19460271948948
2024-01-01 09:27:20,4,61.69075254496365
2024-01-01 09:27:43,4,50.790664354162345
2024-01-01 09:29:24,4,45.05193906390214
2024-01-01 09:30:49,4,53.33902236982898
2024-01-01 09:31:14,4,58.90484293874335
2024-01-01 09:32:56,4,65.75120748981756
2024-01-01 09:33:10,4,59.76579396547265
2024-01-01 09:34:31,4,53.381767718240226
2024-01-01 09:36:24,4,38.005704803924814
2024-01-01 09:38:22,4,8.96368845217133
2024-01-01 09:38:47,4,11.633763555540234
2024-01-01 09:39:24,4,23.982065946552307
2024-01-01 09:41:13,4,11.787179986001473
2024-01-01 09:42:08,4,20.641349694575528
2024-01-01 09:44:07,4,13.563006455545942
2024-01-01 09:45:38,4,9.570881818936963
2024-01-01 09:47:33,4,7.143513505658323
2024-01-01 09:48:15,4,68.01919428448018
2024-01-01 09:49:14,4,46.683077106800326
2024-01-01 09:51:05,4,30.76417187168772
2024-01-01 09:51:17,4,70.33622845732923
2024-01-01 09:52:24,4,70.30047441561629
2024-01-01 09:52:37,4,51.62893027461498
2024-01-01 09:53:22,4,58.36843022916538
2024-01-01 09:53:54,4,48.88171183260097
2024-01-01 09:54:19,4,46.87618645309961
2024-01-01 09:55:26,4,43.95369007581512
2024-01-01 09:55:36,4,61.675089224817384
2024-01-01 09:55:46,4,63.235461198419735
2024-01-01 09:56:19,4,55.17219582730561
2024-01-01 09:58:06,4,55.760832508148624
2024-01-01 09:59:50,4,57.370049658786634
2024-01-01 10:01:12,4,44.80522168342326
2024-01-01 10:02:30,4,58.54826829520639
2024-01-01 10:02:53,4,58.33697547834642
2024-01-01 10:04:46,4,63.105786903209015
2024-01-01 10:06:01,4,65.26475920408194
2024-01-01 10:07:34,4,54.00973727311947
2024-01-01 10:08:47,4,16.291098125392576
2024-01-01 10:10:26,4,15.300352165553669
2024-01-01 10:11:24,4,53.02361993746925
2024-01-01 10:11:37,4,52.46754052825798
2024-01-01 10:12:52,4,63.760099503916386
2024-01-01 10:13:12,4,72.96755641334077
2024-01-01 10:13:56,4,64.17529268691118
2024-01-01 10:15:17,4,48.23691145509836
2024-01-01 10:16:35,4,52.534742279957946
2024-01-01 10:17:16,4,69.47829332170983
2024-01-01 10:17:41,4,50.09809093771312
2024-01-01 10:19:38,4,64.0809029826214
2024-01-01 10:20:47,4,58.78473816656591
2024-01-01 10:22:16,4,57.77924194976773
2024-01-01 10:23:09,4,61.39558565501344
2024-01-01 10:24:29,4,61.55003134619451
2024-01-01 10:26:11,4,49.13758737730308
2024-01-01 10:27:30,4,74.9981406701422
2024-01-01 10:28:23,4,57.402713227635466
2024-01-01 10:30:09,4,56.04107146927677
2024-01-01 10:30:50,4,53.046561956703734
2024-01-01 10:31:22,4,47.7940378880057
2024-01-01 10:31:57,4,51.56876287144707
2024-01-01 10:32:43,4,60.31354542704788
2024-01-01 10:33:01,4,66.42648986848745
2024-01-01 10:33:12,4,71.29208118807405
2024-01-01 10:34:56,4,36.36527184091694
2024-01-01 10:35:16,4,54.71365475004167
2024-01-01 10:36:43,4,58.66146525965682
2024-01-01 10:38:11,4,15.466479118948808
2024-01-01 10:39:54,4,17.966607134736638
2024-01-01 10:40:32,4,21.677834491512858
2024-01-01 10:41:31,4,13.90160191730531
2024-01-01 10:43:08,4,32.58610412745992
2024-01-01 10:44:32,4,57.48179554620688
2024-01-01 10:44:42,4,36.69122806877809
2024-01-01 10:46:12,4,46.42932070253566
2024-01-01 10:46:28,4,71.73752498001272
2024-01-01 10:46:55,4,47.81231635828922
2024-01-01 10:47:16,4,49.179774699609446
2024-01-01 10:48:49,4,46.30617634810122
2024-01-01 10:50:33,4,69.07084833522435
2024-01-01 10:51:34,4,38.68503044152873
2024-01-01 10:53:31,4,21.660180141666412
2024-01-01 10:55:07,4,21.50500633859493
2024-01-01 10:56:52,4,9.792791687852311
2024-01-01 10:58:38,4,21.331298420482817
2024-01-01 11:00:20,4,29.80479841480333
2024-01-01 11:02:04,4,54.69421467588708
2024-01-01 11:04:02,4,75.61245468460578
2024-01-01 11:04:25,4,48.1739392778194
2024-01-01 11:06:10,4,43.53356916332726
2024-01-01 11:07:18,4,51.780230099258205
2024-01-01 11:08:12,4,22.00476784650577
2024-01-01 11:09:58,4,14.110149834551951
2024-01-01 11:11:30,4,21.06268929312773
2024-01-01 11:13:25,4,27.773505246038994
2024-01-01 11:15:03,4,16.35565920816894
2024-01-01 11:16:00,4,15.763185254193921
2024-01-01 11:17:29,4,22.26007517454247
2024-01-01 11:18:44,4,19.243691148642725
2024-01-01 11:20:11,4,16.66517026908219
2024-01-01 11:20:26,4,19.23644999787126
2024-01-01 11:20:52,4,21.807153120304466
2024-01-01 11:21:10,4,17.75438638688705
2024-01-01 11:21:42,4,19.875680360877816
2024-01-01 11:22:19,4,25.988374983524913
2024-01-01 11:22:54,4,22.286610959530886
2024-01-01 11:23:20,4,22.374354376546087
2024-01-01 11:25:08,4,20.343876030567547
2024-01-01 11:25:30,4,17.675953732194348
2024-01-01 11:26:56,4,19.02592445368092
2024-01-01 11:28:22,4,15.743816272165445
2024-01-01 11:29:44,4,17.250047746101163
2024-01-01 11:30:12,4,17.17079547168999
2024-01-01 11:31:15,4,16.201536671495884
2024-01-01 11:33:14,4,11.590739213102138
2024-01-01 11:34:15,4,25.397307167348828
2024-01-01 11:34:59,4,17.792710188351073
2024-01-01 11:35:57,4,12.311998975178824
2024-01-01 11:37:33,4,10.60072328490388
2024-01-01 11:38:22,4,18.993217756937007
2024-01-01 11:39:40,4,21.196683021217115
2024-01-01 11:40:57,4,30.60063805010234
2024-01-01 11:42:24,4,21.849120656353033
2024-01-01 11:42:37,4,15.645334010868302
2024-01-01 11:43:19,4,15.56709376822631
2024-01-01 11:43:53,4,17.49703447310896
2024-01-01 11:45:47,4,9.330438015115128
2024-01-01 11:47:44,4,19.6836149079825
2024-01-01 11:48:29,4,18.871837938841516
2024-01-01 11:49:50,4,24.30749495401192
2024-01-01 11:50:51,4,10.737372768438597
2024-01-01 11:51:38,4,13.964112743937484
2024-01-01 11:52:12,4,16.271731716971654
2024-01-01 11:52:23,4,21.859252429033972
2024-01-01 11:53:58,4,25.51930843053752
2024-01-01 11:55:52,4,5.53939649299584
2024-01-01 11:56:46,4,21.490417324588343
2024-01-01 11:57:24,4,4.227391858008136
2024-01-01 11:58:27,4,24.396763381830446
2024-01-01 12:00:22,4,16.003368083101464
2024-01-01 12:01:16,4,13.968343905601948
2024-01-01 12:02:08,4,21.793780963280195
2024-01-01 12:03:34,4,18.966276391897654
2024-01-01 12:05:09,4,17.49230672793802
2024-01-01 12:06:42,4,8.732526213130404
2024-01-01 12:07:41,4,19.002126634944972
2024-01-01 12:08:27,4,13.207753093725962
2024-01-01 12:08:46,4,15.124709019063149
2024-01-01 12:10:12,4,9.204389024429899
2024-01-01 12:11:26,4,20.536884413817106
2024-01-01 12:11:53,4,22.146368432832336
2024-01-01 12:12:54,4,18.77425224155192
2024-01-01 12:13:12,4,17.681879665738233
2024-01-01 12:14:17,4,13.670978687040586
2024-01-01 12:14:28,4,13.309100743893788
2024-01-01 12:15:03,4,19.785812928506353
2024-01-01 12:16:42,4,26.932885619893675
2024-01-01 12:18:36,4,16.04475137010454
2024-01-01 12:19:59,4,20.588789078544202
2024-01-01 12:21:53,4,14.635063904173716
2024-01-01 12:22:45,4,20.122925480235725
2024-01-01 12:24:35,4,16.392061577871463
2024-01-01 12:24:49,4,23.696471122366738
2024-01-01 12:26:38,4,13.235144875308963
2024-01-01 12:28:26,4,22.468808986939152
2024-01-01 12:29:09,4,26.100793424783536
2024-01-01 12:30:28,4,52.63674113865147
2024-01-01 12:31:42,4,56.9809920835804
2024-01-01 12:32:27,4,51.74102382114126
2024-01-01 12:34:18,4,76.74837707063182
2024-01-01 12:35:10,4,76.00987189813111
2024-01-01 12:35:49,4,37.40712979959423
2024-01-01 12:37:48,4,45.43376367892304
2024-01-01 12:39:38,4,51.44322652751955
2024-01-01 12:39:51,4,35.92778000311197
2024-01-01 12:40:53,4,52.982256237008414
2024-01-01 12:42:41,4,78.81982369408583
2024-01-01 12:44:14,4,57.274672678806986
2024-01-01 12:44:45,4,55.98080450279794
2024-01-01 12:46:25,4,65.28849153609595
2024-01-01 12:47:25,4,45.33741612339971
2024-01-01 12:48:33,4,61.67956044921099
2024-01-01 12:48:52,4,42.825006737841335
2024-01-01 12:49:35,4,42.081925463328844
2024-01-01 12:50:57,4,43.71964577691337
2024-01-01 12:52:31,4,20.908110065399537
2024-01-01 12:54:04,4,15.175242366723898
2024-01-01 12:54:29,4,21.145676491288917
2024-01-01 12:54:42,4,15.682958327507473
2024-01-01 12:56:08,4,18.559883830403752
2024-01-01 12:56:59,4,3.3311467638526153
2024-01-01 12:57:41,4,24.677265308508712
2024-01-01 12:58:34,4,7.47209584397536
2024-01-01 12:59:56,4,10.121378685008928
2024-01-01 13:01:13,4,18.160577277161604
2024-01-01 13:02:41,4,23.438034925994767
2024-01-01 13:03:40,4,17.09215272903444
2024-01-01 13:04:26,4,18.178877426478927
2024-01-01 13:05:12,4,14.48722529097441
2024-01-01 13:06:17,4,26.788017460223642
2024-01-01 13:07:20,4,17.06297207618167
2024-01-01 13:09:05,4,14.929335720881642
2024-01-01 13:10:27,4,12.125453994056839
2024-01-01 13:11:06,4,15.631760679891693
2024-01-01 13:12:15,4,13.951197292000337
2024-01-01 13:13:08,4,13.972991649672096
2024-01-01 13:13:43,4,24.433955012265052
2024-01-01 13:14:24,4,55.143195077972294
2024-01-01 13:16:18,4,46.64761634874951
2024-01-01 13:17:34,4,74.22993454828492
2024-01-01 13:19:14,4,79.25412591803892
2024-01-01 13:19:31,4,54.20877777615491
2024-01-01 13:20:57,4,60.57171583516517
2024-01-01 13:22:47,4,54.23587149046965
2024-01-01 13:23:02,4,54.12766357839563
2024-01-01 13:23:40,4,45.49669709990956
2024-01-01 13:23:53,4,47.12136221012173
2024-01-01 13:25:38,4,31.878662050615834
2024-01-01 13:27:13,4,63.498886462208915
2024-01-01 13:27:27,4,40.777398177898306
2024-01-01 13:28:54,4,68.96597846223177
2024-01-01 13:29:57,4,63.601852107818445
2024-01-01 13:31:26,4,52.18461389842619
2024-01-01 13:32:24,4,47.087504702324324
2024-01-01 13:34:12,4,57.09926052412998
2024-01-01 13:34:56,4,14.837804809619126
2024-01-01 13:36:38,4,20.681450312827344
2024-01-01 13:38:14,4,23.125673022787907
2024-01-01 13:38:25,4,15.330613921632372
2024-01-01 13:38:45,4,15.037705621082882
2024-01-01 13:39:35,4,19.257453584889006
2024-01-01 13:39:56,4,14.750394544015371
2024-01-01 13:41:10,4,12.37024551932303
2024-01-01 13:41:55,4,11.786899275275424
2024-01-01 13:42:40,4,21.987420575660835
2024-01-01 13:44:19,4,18.069893118098424
2024-01-01 13:44:35,4,18.403568633632233
2024-01-01 13:45:08,4,29.703613057628388
2024-01-01 13:46:56,4,16.678438541618753
2024-01-01 13:47:33,4,20.628599029435286
2024-01-01 13:48:22,4,13.042788578019216
2024-01-01 13:50:12,4,13.601968454180051
2024-01-01 13:51:16,4,18.988576873289595
2024-01-01 13:52:03,4,18.64461656274989
2024-01-01 13:53:04,4,17.56095824182573
2024-01-01 13:53:27,4,28.39578349233402
2024-01-01 13:55:14,4,13.498083223651227
2024-01-01 13:57:09,4,16.442975412534192
2024-01-01 13:58:33,4,16.24895726188527
2024-01-01 13:58:52,4,23.00563776553303
2024-01-01 14:00:41,4,23.283220991761986
2024-01-01 14:01:17,4,9.825275121504035
2024-01-01 14:03:11,4,22.628383178053813
2024-01-01 14:03:58,4,10.696648087410047
2024-01-01 14:05:11,4,24.37029821633398
2024-01-01 14:06:09,4,45.49958119734183
2024-01-01 14:07:34,4,65.35130863583862
2024-01-01 14:08:24,4,50.60034645864418
2024-01-01 14:09:53,4,63.930944782187936
2024-01-01 14:10:06,4,43.52412971315883
2024-01-01 14:11:24,4,61.21101387742209
2024-01-01 14:11:48,4,61.65494475420897
2024-01-01 14:13:29,4,47.25038228496874
2024-01-01 14:14:49,4,58.23160837641143
2024-01-01 14:16:24,4,77.33762475097626
2024-01-01 14:17:14,4,51.875535733539856
2024-01-01 14:18:05,4,41.13459343514047
2024-01-01 14:18:51,4,42.826055586644756
2024-01-01 14:19:56,4,55.33542093824803
2024-01-01 14:20:52,4,50.78345232806446
2024-01-01 14:21:39,4,40.773665307855964
2024-01-01 14:22:54,4,79.53938672925389
2024-01-01 14:24:04,4,60.517911190550535
2024-01-01 14:24:19,4,55.61117302697617
2024-01-01 14:25:52,4,50.405245680473556
2024-01-01 14:27:45,4,63.829248055867524
2024-01-01 14:29:15,4,37.198967628770816
2024-01-01 14:30:48,4,52.61980379883043
2024-01-01 14:32:43,4,69.77926736159536
2024-01-01 14:33:44,4,27.07838727540158
2024-01-01 14:34:41,4,22.756924917503852
2024-01-01 14:36:15,4,39.30223315281124
2024-01-01 14:37:04,4,58.99679212355595
2024-01-01 14:38:55,4,46.195036179409186
2024-01-01 14:39:12,4,61.39751454108455
2024-01-01 14:41:07,4,41.83209441081728
2024-01-01 14:42:57,4,56.473953076883205
2024-01-01 14:44:52,4,61.224497393785086
2024-01-01 14:45:12,4,54.00102420733516
2024-01-01 14:46:54,4,65.8504181797306
2024-01-01 14:48:52,4,43.99716233397331
2024-01-01 14:50:19,4,57.47122399105514
2024-01-01 14:50:39,4,77.31496335202466
2024-01-01 14:51:08,4,51.47521054413352
2024-01-01 14:52:42,4,53.81018808550049
2024-01-01 14:54:21,4,48.5460690541189
2024-01-01 14:55:53,4,57.759858494205396
2024-01-01 14:57:32,4,75.87272161793628
2024-01-01 14:57:46,4,48.816031470393476
2024-01-01 14:58:36,4,57.068825297567905
2024-01-01 14:58:49,4,52.506321616519116
2024-01-01 14:59:25,4,43.69999623907543
2024-01-01 14:59:55,4,63.266517974324316
2024-01-01 15:00:51,4,40.64631172953111
2024-01-01 15:01:54,4,55.85071139198633
2024-01-01 15:02:10,4,39.136649248681096
2024-01-01 15:03:42,4,37.12364636728229
2024-01-01 15:04:57,4,17.45171800991717
2024-01-01 15:06:32,4,15.988765668670128
2024-01-01 15:07:44,4,43.44152412394987
2024-01-01 15:09:32,4,68.429950777403
2024-01-01 15:11:14,4,64.83545792407564
2024-01-01 15:11:38,4,55.79788431432324
2024-01-01 15:13:15,4,19.634262031304672
2024-01-01 15:13:35,4,51.16611837078355
2024-01-01 15:14:14,4,50.764502514475126
2024-01-01 15:14:42,4,72.57489933617782
2024-01-01 15:16:26,4,50.92434583973616
2024-01-01 15:17:34,4,34.089195754131254
2024-01-01 15:18:54,4,54.713696175390766
2024-01-01 15:19:56,4,68.02297831976401
2024-01-01 15:20:24,4,51.95701675790245
2024-01-01 15:21:39,4,50.92203111796999
2024-01-01 15:23:20,4,40.5164407177927
2024-01-01 15:24:24,4,49.651655768357465
2024-01-01 15:24:56,4,42.092321716684886
2024-01-01 15:26:11,4,40.28788255720847
2024-01-01 15:27:26,4,52.79165507962917
2024-01-01 15:28:41,4,61.18051462838173
2024-01-01 15:30:28,4,56.19769981540748
2024-01-01 15:31:11,4,54.718330915504474
2024-01-01 15:32:22,4,54.678140490557176
2024-01-01 15:34:03,4,47.86529950710733
2024-01-01 15:35:04,4,71.5543308090312
2024-01-01 15:35:54,4,56.67703366974941
2024-01-01 15:36:54,4,27.295798600620593
2024-01-01 15:38:41,4,13.5114779562225
2024-01-01 15:39:35,4,28.01648616740959
2024-01-01 15:41:15,4,21.16812638961571
2024-01-01 15:42:31,4,25.316432154219573
2024-01-01 15:43:59,4,14.714602811547572
2024-01-01 15:44:35,4,55.94441819517239
2024-01-01 15:44:45,4,57.4540974177134
2024-01-01 15:46:43,4,65.55365546750707
2024-01-01 15:48:37,4,54.02883000533572
2024-01-01 15:49:14,4,49.819358293609305
2024-01-01 15:49:55,4,55.56773330780795
2024-01-01 15:51:32,4,45.740386994853154
2024-01-01 15:53:14,4,59.34536339523483
2024-01-01 15:53:50,4,67.18432281376897
2024-01-01 15:54:40,4,77.81610969383692
2024-01-01 15:56:33,4,40.89630422758302
2024-01-01 15:57:56,4,63.21848121413151
2024-01-01 15:58:50,4,71.58497340198389
2024-01-01 16:00:17,4,19.504841883212055
2024-01-01 16:01:56,4,14.019342472285226
2024-01-01 16:02:29,4,21.23093006068264
2024-01-01 16:02:56,4,22.29029112772982
2024-01-01 16:04:20,4,20.035846407176535
2024-01-01 16:06:19,4,15.938033805594857
2024-01-01 16:08:12,4,12.419301535879352
2024-01-01 16:09:10,4,14.520380364544447
2024-01-01 16:11:05,4,22.312116861092218
2024-01-01 16:12:58,4,8.828574095480592
2024-01-01 16:13:49,4,11.244627707742513
2024-01-01 16:15:15,4,13.807758745512125
2024-01-01 16:16:10,4,29.57208979577076
2024-01-01 16:16:54,4,16.90088884009535
2024-01-01 16:18:46,4,20.464008184612418
2024-01-01 16:20:03,4,25.584716025839523
2024-01-01 16:21:11,4,13.639253802303788
2024-01-01 16:21:41,4,18.516391430204727
2024-01-01 16:23:27,4,22.13494204755566
2024-01-01 16:24:59,4,14.782036489422334
2024-01-01 16:25:45,4,21.26236272719683
2024-01-01 16:27:24,4,21.41213751230684
2024-01-01 16:27:45,4,13.109668292446319
2024-01-01 16:29:07,4,15.619206235473666
2024-01-01 16:30:36,4,23.64032628694635
2024-01-01 16:31:17,4,13.915057263290613
2024-01-01 16:31:47,4,20.35659585241459
2024-01-01 16:32:28,4,20.321373234124827
2024-01-01 16:32:48,4,16.323495794382765
2024-01-01 16:34:15,4,18.60589012806223
2024-01-01 16:35:38,4,21.107599314464412
2024-01-01 16:36:29,4,22.585007746374412
2024-01-01 16:38:00,4,13.568232613446309
2024-01-01 16:38:23,4,16.11649756813885
2024-01-01 16:40:13,4,23.277509561162745
2024-01-01 16:41:47,4,20.636045829642107
2024-01-01 16:43:41,4,18.62285240512135
2024-01-01 16:45:30,4,20.27323940782864
2024-01-01 16:46:08,4,18.149577125656467
2024-01-01 16:47:18,4,52.014770841938194
2024-01-01 16:49:02,4,61.61046569184774
2024-01-01 16:49:25,4,48.65261271629645
2024-01-01 16:51:17,4,48.813580179704715
2024-01-01 16:53:03,4,34.658865727201714
2024-01-01 16:53:48,4,51.006696331333636
2024-01-01 16:54:45,4,56.714618486929446
2024-01-01 16:55:22,4,64.68765602147832
2024-01-01 16:56:39,4,56.661641828873435
2024-01-01 16:57:32,4,22.12386603736667
2024-01-01 16:59:25,4,13.809054322869063
2024-01-01 17:00:06,4,15.225297826452634
2024-01-01 17:01:58,4,13.879649560275142
2024-01-01 17:02:10,4,42.076966250715486
2024-01-01 17:03:01,4,45.38748512548932
2024-01-01 17:03:30,4,60.865593133958484
2024-01-01 17:03:45,4,35.064216175708765
2024-01-01 17:04:51,4,49.272945493479014
2024-01-01 17:05:46,4,39.12167485966137
2024-01-01 17:06:52,4,59.54269206667765
2024-01-01 17:08:27,4,16.81626513598021
2024-01-01 17:09:49,4,14.483221843540393
2024-01-01 17:10:37,4,15.591398016453152
2024-01-01 17:11:24,4,26.326794062152587
2024-01-01 17:13:06,4,28.476442555592566
2024-01-01 17:15:04,4,46.36706432002329
2024-01-01 17:16:54,4,54.48322342298003
2024-01-01 17:17:13,4,63.68307817377632
2024-01-01 17:18:29,4,55.484734170867576
2024-01-01 17:19:55,4,48.70699985244622
2024-01-01 17:21:15,4,37.1795884472984
2024-01-01 17:22:58,4,56.290550439787665
2024-01-01 17:24:00,4,58.06524043321195
2024-01-01 17:25:34,4,60.34241779072638
2024-01-01 17:27:19,4,55.72313840058487
2024-01-01 17:29:17,4,62.30364529252145
2024-01-01 17:29:50,4,52.20963265942776
2024-01-01 17:31:04,4,61.19044514270962
2024-01-01 17:31:51,4,62.2258309819245
2024-01-01 17:32:01,4,45.16272310815958
2024-01-01 17:33:23,4,16.29747566694672
2024-01-01 17:35:17,4,15.958775541339971
2024-01-01 17:35:55,4,15.403165597518854
2024-01-01 17:36:07,4,19.708094695019426
2024-01-01 17:36:39,4,16.543540314075994
2024-01-01 17:37:19,4,21.822895198494702
2024-01-01 17:39:11,4,18.882047078360685
2024-01-01 17:39:24,4,17.456354432655523
2024-01-01 17:41:02,4,11.127849465765191
2024-01-01 17:42:20,4,8.418496170011466
2024-01-01 17:43:03,4,17.82593842621024
2024-01-01 17:44:34,4,22.491527569284486
2024-01-01 17:45:23,4,16.54506629449933
2024-01-01 17:45:47,4,25.118327901211952
2024-01-01 17:47:18,4,23.937527602563275
2024-01-01 17:48:28,4,20.088375503259797
2024-01-01 17:50:23,4,25.404962020587465
2024-01-01 17:51:36,4,21.439920053578135
2024-01-01 17:52:53,4,46.977761588572854
2024-01-01 17:54:46,4,57.96295365503668
2024-01-01 17:56:33,4,55.947384758329065
2024-01-01 17:58:05,4,34.897257324016884
2024-01-01 17:59:44,4,55.74776846621554
2024-01-01 18:00:03,4,42.30475604915254
2024-01-01 18:00:29,4,57.92533395565545
2024-01-01 18:01:43,4,56.81239778031568
2024-01-01 18:02:41,4,43.97318522410256
2024-01-01 18:04:37,4,59.38455878592935
2024-01-01 18:06:17,4,10.325168685289928
2024-01-01 18:07:14,4,23.430673883729952
2024-01-01 18:08:07,4,22.012510623290108
2024-01-01 18:09:53,4,19.414140800593515
2024-01-01 18:11:27,4,17.206794869784495
2024-01-01 18:12:07,4,20.483095356396092
2024-01-01 18:13:54,4,22.278479200515637
2024-01-01 18:15:40,4,23.40146379060721
2024-01-01 18:16:27,4,24.22365583715212
2024-01-01 18:18:23,4,15.865098142466188
2024-01-01 18:19:29,4,12.499916789626687
2024-01-01 18:20:34,4,17.03947659685162
2024-01-01 18:20:54,4,17.256898082842724
2024-01-01 18:21:13,4,24.31352308436424
2024-01-01 18:22:04,4,25.72091726978261
2024-01-01 18:23:33,4,29.839770292288236
2024-01-01 18:24:19,4,17.055043781655115
2024-01-01 18:24:30,4,18.91152724570241
2024-01-01 18:26:26,4,18.15884165704538
2024-01-01 18:27:10,4,19.52948987938684
2024-01-01 18:28:15,4,19.367281328982227
2024-01-01 18:29:31,4,25.61897542869862
2024-01-01 18:30:05,4,18.20630261779426
2024-01-01 18:31:40,4,9.4312821293538
2024-01-01 18:33:29,4,15.665722948000402
2024-01-01 18:34:05,4,14.446066909247357
2024-01-01 18:35:47,4,13.018509632628628
2024-01-01 18:36:28,4,23.804798073691156
2024-01-01 18:37:14,4,10.489842951350548
2024-01-01 18:38:40,4,17.376714301309008
2024-01-01 18:39:06,4,13.337188315258198
2024-01-01 18:39:54,4,22.23186073616393
2024-01-01 18:40:59,4,21.612924055166026
2024-01-01 18:41:41,4,17.24434775738705
2024-01-01 18:42:41,4,23.80049896286787
2024-01-01 18:42:55,4,20.40296386196408
2024-01-01 18:43:16,4,15.601610294184598
2024-01-01 18:45:11,4,27.17786986191414
2024-01-01 18:45:23,4,22.579128827648084
2024-01-01 18:46:36,4,23.288176599958003
2024-01-01 18:46:55,4,5.832303634400384
2024-01-01 18:48:34,4,24.798859466641566
2024-01-01 18:49:40,4,17.776456216202075
2024-01-01 18:51:06,4,13.250286346450565
2024-01-01 18:52:22,4,14.65295091857283
2024-01-01 18:53:18,4,18.178999588948194
2024-01-01 18:54:10,4,14.401332335039305
2024-01-01 18:55:17,4,14.66008362133443
2024-01-01 18:55:51,4,16.231081303061718
2024-01-01 18:56:35,4,64.20013805542251
2024-01-01 18:57:08,4,64.09198349029339
2024-01-01 18:57:36,4,52.49212392789368
2024-01-01 18:58:11,4,53.673182202801044
2024-01-01 18:58:45,4,40.72625032924936
2024-01-01 19:00:29,4,60.285450937889635
2024-01-01 19:01:34,4,55.313684160997084
2024-01-01 19:01:45,4,55.63537955156817
2024-01-01 19:02:16,4,66.65553450492999
2024-01-01 19:02:42,4,68.53650607880589
2024-01-01 19:02:55,4,52.26393443465831
2024-01-01 19:03:20,4,56.712440476849956
2024-01-01 19:05:13,4,48.45787884261654
2024-01-01 19:06:20,4,59.824182247247535
2024-01-01 19:07:25,4,59.73731660768657
2024-01-01 19:08:48,4,48.9687991177388
2024-01-01 19:10:34,4,58.96672526540769
2024-01-01 19:12:04,4,16.1702587638748
2024-01-01 19:13:52,4,21.538705848214015
2024-01-01 19:14:29,4,13.2842338816356
2024-01-01 19:15:41,4,16.518439967392634
2024-01-01 19:16:13,4,15.486705096529114
2024-01-01 19:17:50,4,16.031778204486073
2024-01-01 19:19:36,4,29.682861112785908
2024-01-01 19:20:09,4,13.784474496339769
2024-01-01 19:21:19,4,19.53092816052734
2024-01-01 19:22:17,4,15.50287927134033
2024-01-01 19:22:47,4,23.175788411814263
2024-01-01 19:23:38,4,24.86251667756542
2024-01-01 19:25:21,4,14.792477917624003
2024-01-01 19:26:52,4,19.156217586463455
2024-01-01 19:27:05,4,13.528569080256865
2024-01-01 19:27:50,4,17.57136496065111
2024-01-01 19:28:07,4,10.496192571162476
2024-01-01 19:29:00,4,20.226654079274525
2024-01-01 19:30:21,4,17.841366737742124
2024-01-01 19:32:18,4,16.380909937375627
2024-01-01 19:32:35,4,26.796697675309147
2024-01-01 19:33:23,4,22.696395207415396
2024-01-01 19:33:36,4,14.533878597114064
2024-01-01 19:34:39,4,14.247015688686206
2024-01-01 19:35:21,4,23.423021807283174
2024-01-01 19:35:41,4,20.697782265584024
2024-01-01 19:37:32,4,26.405478466643515
2024-01-01 19:37:50,4,17.734983281485665
2024-01-01 19:39:25,4,15.870623132841157
2024-01-01 19:39:40,4,18.218376421724194
2024-01-01 19:39:51,4,17.23455608686475
2024-01-01 19:41:24,4,18.10308992586205
2024-01-01 19:41:38,4,18.66417971437746
2024-01-01 19:43:09,4,14.10732842642362
2024-01-01 19:44:13,4,12.634505283466037
2024-01-01 19:44:32,4,18.3757561310401
2024-01-01 19:45:57,4,17.11191896113324
2024-01-01 19:46:07,4,17.253432890641623
2024-01-01 19:46:38,4,5.169403070337932
2024-01-01 19:46:48,4,16.626185119545017
2024-01-01 19:47:58,4,17.856198122448863
2024-01-01 19:49:52,4,21.29410122344732
2024-01-01 19:50:05,4,16.85559918421029
2024-01-01 19:51:29,4,18.304337067637874
2024-01-01 19:52:01,4,22.388936874818743
2024-01-01 19:52:32,4,19.425117593248387
2024-01-01 19:53:11,4,15.93661088941573
2024-01-01 19:53:39,4,26.904419914694593
2024-01-01 19:54:07,4,24.379908676144197
2024-01-01 19:55:19,4,14.312574449525815
2024-01-01 19:56:57,4,23.90252287727639
2024-01-01 19:57:40,4,24.578967063598007
2024-01-01 19:59:32,4,13.49284899613503
2024-01-01 20:00:42,4,19.714040861766428
2024-01-01 20:01:57,4,5.263038316462705
2024-01-01 20:02:18,4,49.54273959363806
2024-01-01 20:03:54,4,53.169092153887156
2024-01-01 20:05:39,4,57.61542290425814
2024-01-01 20:06:21,4,34.9419377838593
2024-01-01 20:07:51,4,72.39879554663449
2024-01-01 20:08:38,4,13.978148675950461
2024-01-01 20:08:50,4,21.045946656674378
2024-01-01 20:09:06,4,9.214379899172775
2024-01-01 20:10:39,4,15.4797458884278
2024-01-01 20:12:13,4,20.972181712114203
2024-01-01 20:13:22,4,21.178002041348652
2024-01-01 20:15:06,4,21.287783919828826
2024-01-01 20:15:54,4,17.892214831331025
2024-01-01 20:16:08,4,62.474742120321416
2024-01-01 20:17:29,4,65.65909787151624
2024-01-01 20:18:24,4,46.3569228497053
2024-01-01 20:19:17,4,59.26790193258645
2024-01-01 20:20:00,4,48.1452714731158
2024-01-01 20:21:11,4,58.11298617430391
2024-01-01 20:22:04,4,47.03478692296457
2024-01-01 20:22:54,4,55.39227230361831
2024-01-01 20:23:17,4,62.93620747728043
2024-01-01 20:24:16,4,12.870283301502859
2024-01-01 20:25:42,4,18.123236891052716
2024-01-01 20:27:37,4,21.40281421468747
2024-01-01 20:27:49,4,20.719016116324624
2024-01-01 20:29:48,4,17.557270478284288
2024-01-01 20:30:36,4,20.695385487331304
2024-01-01 20:32:27,4,17.987400326684824
2024-01-01 20:33:19,4,15.703008903351781
2024-01-01 20:35:12,4,17.54748225721282
2024-01-01 20:35:50,4,20.790514065705327
2024-01-01 20:36:34,4,67.40939187384807
2024-01-01 20:38:29,4,63.4635142620602
2024-01-01 20:39:54,4,55.982590150681936
2024-01-01 20:41:12,4,46.442684113571254
2024-01-01 20:43:04,4,53.32368474511636
2024-01-01 20:44:59,4,66.13000699138681
2024-01-01 20:45:19,4,41.79691923871771
2024-01-01 20:45:44,4,66.20416231681253
2024-01-01 20:46:20,4,62.50675394627651
2024-01-01 20:48:10,4,55.904268440137535
2024-01-01 20:48:50,4,49.52781559734027
2024-01-01 20:50:31,4,72.897907703084
2024-01-01 20:52:02,4,18.494990288123983
2024-01-01 20:52:48,4,18.846241308713314
2024-01-01 20:53:36,4,14.029581466972765
2024-01-01 20:54:34,4,17.63263472717891
2024-01-01 20:55:02,4,49.490485209529446
2024-01-01 20:56:34,4,50.228260313536474
2024-01-01 20:57:44,4,65.67959674534092
2024-01-01 20:59:12,4,62.5134746115013
2024-01-01 21:00:34,4,54.727559546569616
2024-01-01 21:01:45,4,39.468460003170904
2024-01-01 21:02:54,4,38.846707217432865
2024-01-01 21:03:53,4,43.61691080498176
2024-01-01 21:04:49,4,44.00792878688041
2024-01-01 21:05:15,4,69.6236588543729
2024-01-01 21:05:44,4,51.57701071074853
2024-01-01 21:07:37,4,45.294762986136845
2024-01-01 21:07:55,4,49.12730757229055
2024-01-01 21:09:43,4,53.383053929486145
2024-01-01 21:11:02,4,64.4609764887842
2024-01-01 21:11:27,4,72.06458592797485
2024-01-01 21:12:41,4,65.08133896167563
2024-01-01 21:13:04,4,25.258171396654078
2024-01-01 21:14:09,4,28.061405023720564
2024-01-01 21:15:10,4,20.977498640415476
2024-01-01 21:17:02,4,24.933012279012512
2024-01-01 21:18:33,4,25.152087492011248
2024-01-01 21:20:19,4,12.167056267344217
2024-01-01 21:20:39,4,27.377597224080112
2024-01-01 21:21:00,4,17.883780074824305
2024-01-01 21:21:23,4,21.96324734874003
2024-01-01 21:21:59,4,17.734964358713455
2024-01-01 21:23:41,4,26.363569152543683
2024-01-01 21:25:11,4,19.362262234287975
2024-01-01 21:25:59,4,19.963048140539065
2024-01-01 21:26:11,4,19.98534513259137
2024-01-01 21:28:08,4,12.009213475722323
2024-01-01 21:29:40,4,17.949029360755464
2024-01-01 21:30:09,4,16.90400389612729
2024-01-01 21:30:39,4,21.605809110420775
2024-01-01 21:32:12,4,19.281623264844267
2024-01-01 21:34:01,4,21.058842534742883
2024-01-01 21:35:46,4,26.57544097666262
2024-01-01 21:36:16,4,16.559846302803894
2024-01-01 21:36:48,4,24.915286992908026
2024-01-01 21:37:21,4,15.70863042300947
2024-01-01 21:38:17,4,4.758814143266958
2024-01-01 21:39:44,4,7.212335682656409
2024-01-01 21:41:30,4,21.978856961834754
2024-01-01 21:42:11,4,17.551650686070353
2024-01-01 21:43:09,4,23.99646757427139
2024-01-01 21:44:28,4,21.20844986317921
2024-01-01 21:44:50,4,16.012990911982403
2024-01-01 21:45:33,4,19.660398029796237
2024-01-01 21:46:22,4,15.713376447611509
2024-01-01 21:46:42,4,17.071577519356772
2024-01-01 21:47:50,4,10.164767135969969
2024-01-01 21:48:21,4,20.110071797053468
2024-01-01 21:50:07,4,16.916424943067863
2024-01-01 21:51:26,4,11.50427029122153
2024-01-01 21:52:03,4,15.146462736380911
2024-01-01 21:53:34,4,20.312739613988747
2024-01-01 21:54:31,4,19.885304548142
2024-01-01 21:55:53,4,21.2854676136411
2024-01-01 21:57:17,4,18.59064577041797
2024-01-01 21:58:42,4,20.30592262972072
2024-01-01 21:59:46,4,18.614715156936175
2024-01-01 22:01:09,4,12.974591149069575
2024-01-01 22:02:55,4,15.777786044936715
2024-01-01 22:04:09,4,22.09863742615898
2024-01-01 22:05:45,4,17.743968379989184
2024-01-01 22:07:31,4,15.194396900916148
2024-01-01 22:07:50,4,10.258158482826483
2024-01-01 22:08:12,4,14.88217237670994
2024-01-01 22:09:47,4,21.53344953561193
2024-01-01 22:11:43,4,15.68212776616696
2024-01-01 22:12:22,4,13.64634178634771
2024-01-01 22:13:27,4,27.241099054002895
2024-01-01 22:15:17,4,17.92476755707356
2024-01-01 22:16:54,4,22.10707535273313
2024-01-01 22:17:53,4,17.499624862295235
2024-01-01 22:19:32,4,19.70545963344975
2024-01-01 22:20:53,4,67.61426462728193
2024-01-01 22:21:03,4,62.05283489976656
2024-01-01 22:21:39,4,62.319262453856865
2024-01-01 22:21:57,4,29.795615293809348
2024-01-01 22:22:29,4,55.16707384737975
2024-01-01 22:24:28,4,36.7280406252874
2024-01-01 22:25:44,4,42.790494290011296
2024-01-01 22:26:43,4,44.96281002989353
2024-01-01 22:27:19,4,48.34231544192111
2024-01-01 22:28:55,4,48.68729615500176
2024-01-01 22:29:31,4,71.46974382629236
2024-01-01 22:29:51,4,67.35643080816486
2024-01-01 22:31:35,4,37.35308564831068
2024-01-01 22:32:41,4,56.06307162213324
2024-01-01 22:34:12,4,14.01863485602832
2024-01-01 22:34:57,4,21.46636189920563
2024-01-01 22:36:03,4,19.250615314529696
2024-01-01 22:36:17,4,16.476628315725996
2024-01-01 22:38:00,4,17.252824502869313
2024-01-01 22:39:22,4,10.846503141940815
2024-01-01 22:39:58,4,18.52591829781962
2024-01-01 22:40:49,4,18.623819314386928
2024-01-01 22:41:06,4,11.986544855525661
2024-01-01 22:42:38,4,11.081032345554533
2024-01-01 22:44:12,4,24.129395241121017
2024-01-01 22:45:58,4,17.809152065167858
2024-01-01 22:47:36,4,21.84058476215347
2024-01-01 22:48:11,4,11.765847399283585
2024-01-01 22:48:36,4,9.301273337596596
2024-01-01 22:49:17,4,14.38849906023204
2024-01-01 22:49:39,4,15.106744729397725
2024-01-01 22:49:58,4,14.02250297699928
2024-01-01 22:50:23,4,19.64153587810667
2024-01-01 22:52:01,4,15.400873889132306
2024-01-01 22:52:29,4,18.942200402103783
2024-01-01 22:53:23,4,7.280023686793491
2024-01-01 22:55:12,4,30.95187237597716
2024-01-01 22:56:13,4,22.24760993497062
2024-01-01 22:56:54,4,13.666336646698435
2024-01-01 22:57:28,4,20.553549354794846
2024-01-01 22:59:19,4,19.890078238801102
2024-01-01 23:00:18,4,8.887328281566992
2024-01-01 23:01:45,4,12.560332706854627
2024-01-01 23:03:03,4,22.1272607539058
2024-01-01 23:04:33,4,19.435966389363973
2024-01-01 23:04:43,4,15.104069294265349
2024-01-01 23:05:50,4,22.11421036608179
2024-01-01 23:07:49,4,17.323121942333216
2024-01-01 23:08:44,4,27.139360585868783
2024-01-01 23:10:29,4,9.102190771661807
2024-01-01 23:11:10,4,14.268006882831205
2024-01-01 23:12:15,4,14.772187892414372
2024-01-01 23:13:51,4,18.137042636516334
2024-01-01 23:15:02,4,18.43677034307955
2024-01-01 23:16:32,4,13.396300167791324
2024-01-01 23:17:38,4,19.735040863394715
2024-01-01 23:19:09,4,22.042895321952876
2024-01-01 23:21:05,4,13.621246343861984
2024-01-01 23:22:31,4,24.931950606588515
2024-01-01 23:23:26,4,18.72700757284284
2024-01-01 23:25:25,4,18.021955487017628
2024-01-01 23:27:16,4,24.577192309285902
2024-01-01 23:28:00,4,17.644219841021357
2024-01-01 23:29:33,4,16.3558458670638
2024-01-01 23:30:14,4,23.17399565263118
2024-01-01 23:30:45,4,23.562807962985204
2024-01-01 23:32:17,4,22.39788898644454
2024-01-01 23:33:22,4,15.62588107894763
2024-01-01 23:34:09,4,21.765970970283867
2024-01-01 23:35:28,4,11.335256375784823
2024-01-01 23:36:36,4,61.372816023521565
2024-01-01 23:37:33,4,46.216672008862645
2024-01-01 23:37:47,4,74.27688056490815
2024-01-01 23:39:08,4,55.96975185068475
2024-01-01 23:41:04,4,58.69673049530579
2024-01-01 23:42:16,4,40.04302547665597
2024-01-01 23:42:47,4,35.025436458372326
2024-01-01 23:44:13,4,44.342561518958675
2024-01-01 23:44:52,4,42.69527757487076
2024-01-01 23:46:04,4,64.90586245314074
2024-01-01 23:47:18,4,45.11731889177401
2024-01-01 23:48:03,4,75.08141936137437
2024-01-01 23:49:07,4,66.34721035485865
2024-01-01 23:50:33,4,46.96757761442876
2024-01-01 23:52:28,4,36.86568441826455
2024-01-01 23:53:10,4,37.3911266892493
2024-01-01 23:54:47,4,55.10754658623274
2024-01-01 23:55:16,4,73.85828763699779
2024-01-01 23:55:49,4,47.94843126946838
2024-01-01 23:56:24,4,70.98277667749113
2024-01-01 23:57:10,4,11.971977212221466
2024-01-01 23:58:45,4,24.35055836993063
2024-01-01 23:59:54,4,14.496770849110261
2024-01-02 00:01:01,4,19.340247329227907
2024-01-02 00:02:23,4,16.656565879132042
2024-01-02 00:03:21,4,15.54368486169339
2024-01-02 00:04:16,4,19.4976020970808
2024-01-02 00:04:46,4,22.507010450806924
2024-01-02 00:05:13,4,9.181380617565036
2024-01-02 00:05:39,4,16.05432452011718
2024-01-02 00:07:23,4,27.980761598774627
2024-01-02 00:08:13,4,15.19904409662847
2024-01-02 00:09:10,4,18.266639829247193
2024-01-02 00:09:37,4,19.453332465565246
2024-01-02 00:10:50,4,19.64267376956974
2024-01-02 00:12:22,4,17.50957293801865
2024-01-02 00:14:07,4,64.33320784651902
2024-01-02 00:14:39,4,48.949363092780295
2024-01-02 00:15:30,4,49.38401323623131
2024-01-02 00:15:57,4,19.590388536534377
2024-01-02 00:17:54,4,69.46576453501785
2024-01-02 00:18:22,4,28.733152440013882
2024-01-02 00:19:56,4,53.37043689194159
2024-01-02 00:21:10,4,44.65185111425409
2024-01-02 00:22:39,4,58.69728741033942
2024-01-02 00:24:33,4,39.3589823652072
2024-01-02 00:26:07,4,57.24816736691475
2024-01-02 00:27:51,4,62.35552135480222
2024-01-02 00:29:24,4,11.758217611441555
2024-01-02 00:30:25,4,22.650649579725517
2024-01-02 00:31:18,4,18.066909548934188
2024-01-02 00:32:21,4,15.393371607090536
2024-01-02 00:32:43,4,21.99708450118742
2024-01-02 00:33:43,4,14.423312154526666
2024-01-02 00:34:22,4,19.26115739959649
2024-01-02 00:34:44,4,17.964520702137047
2024-01-02 00:36:32,4,30.158361712657115
2024-01-02 00:38:27,4,21.518979418754093
2024-01-02 00:39:18,4,16.16068353151758
2024-01-02 00:40:30,4,16.900379751658697
2024-01-02 00:40:45,4,18.83972613189983
2024-01-02 00:42:35,4,21.426907195795803
2024-01-02 00:43:42,4,14.449627505258706
2024-01-02 00:45:37,4,11.52472437297412
2024-01-02 00:45:56,4,10.196158866516546
2024-01-02 00:46:45,4,18.933200102224884
2024-01-02 00:48:15,4,12.567739504757105
2024-01-02 00:48:39,4,19.026869982587847
2024-01-02 00:48:51,4,20.698919834518392
2024-01-02 00:50:19,4,17.709017436100932
2024-01-02 00:50:38,4,23.98161663942858
2024-01-02 00:52:10,4,17.75853022479928
2024-01-02 00:52:57,4,14.417113110319121
2024-01-02 00:54:18,4,20.5243331614764
2024-01-02 00:54:55,4,18.857725252816604
2024-01-02 00:56:15,4,12.031440728778612
2024-01-02 00:58:14,4,22.97891755078745
2024-01-02 00:59:39,4,21.53141571571874
2024-01-02 01:00:17,4,20.021997604640816
2024-01-02 01:00:40,4,13.322822972706465
2024-01-02 01:01:51,4,17.0620058936158
2024-01-02 01:03:04,4,13.09005210078504
2024-01-02 01:04:11,4,16.572215592468634
2024-01-02 01:05:11,4,11.174466126474888
2024-01-02 01:05:46,4,13.233782391484038
2024-01-02 01:07:14,4,21.108790618391474
2024-01-02 01:08:13,4,13.579874509102906
2024-01-02 01:09:49,4,15.540681045789173
2024-01-02 01:10:20,4,15.93672539597286
2024-01-02 01:10:34,4,23.624547214614186
2024-01-02 01:11:15,4,19.52991276078932
2024-01-02 01:11:50,4,30.416264759727124
2024-01-02 01:12:03,4,23.37398764141702
2024-01-02 01:12:55,4,26.988068568719026
2024-01-02 01:14:30,4,17.21823155284024
2024-01-02 01:15:28,4,11.561085761536877
2024-01-02 01:16:05,4,22.535896534187785
2024-01-02 01:17:18,4,17.932900063695076
2024-01-02 01:17:52,4,18.445280071158948
2024-01-02 01:19:43,4,18.361669680191877
2024-01-02 01:20:12,4,23.383032404902277
2024-01-02 01:21:41,4,22.98398883063794
2024-01-02 01:23:29,4,18.615311832631424
2024-01-02 01:24:32,4,17.386724498461902
2024-01-02 01:26:25,4,13.907375971749675
2024-01-02 01:27:57,4,11.057856234715391
2024-01-02 01:29:13,4,16.347999451096335
2024-01-02 01:30:29,4,18.943498811650535
2024-01-02 01:30:54,4,20.485638286781032
2024-01-02 01:32:27,4,9.559443890783061
2024-01-02 01:33:18,4,15.77368488457244
2024-01-02 01:34:42,4,17.98714568157312
2024-01-02 01:35:06,4,20.055728487648008
2024-01-02 01:35:28,4,15.130326834628999
2024-01-02 01:37:23,4,18.046450341533472
2024-01-02 01:37:50,4,24.713266225057396
2024-01-02 01:38:04,4,27.23533608944208
2024-01-02 01:38:18,4,13.38637845937686
2024-01-02 01:38:40,4,10.385464112994661
2024-01-02 01:38:51,4,19.82162877449937
2024-01-02 01:40:46,4,9.830297834104925
2024-01-02 01:42:42,4,20.389996937234688
2024-01-02 01:43:37,4,16.312167056819007
2024-01-02 01:44:34,4,20.624324958625643
2024-01-02 01:45:23,4,17.145449732626282
2024-01-02 01:47:08,4,29.220292559683735
2024-01-02 01:47:54,4,18.365410654637248
2024-01-02 01:49:40,4,19.426409755837472
2024-01-02 01:50:54,4,19.61010239827607
2024-01-02 01:52:27,4,25.356310626029074
2024-01-02 01:53:24,4,48.975061310869634
2024-01-02 01:54:33,4,76.27297413749568
2024-01-02 01:55:59,4,36.54576115195464
2024-01-02 01:57:49,4,61.7059662611107
2024-01-02 01:58:03,4,43.609571114219115
2024-01-02 01:58:35,4,54.55401328004777
2024-01-02 02:00:15,4,47.9401483450109
2024-01-02 02:01:18,4,59.44971293119382
2024-01-02 02:02:31,4,61.7925318570021
2024-01-02 02:03:31,4,48.41891190617234
2024-01-02 02:04:54,4,44.82508937111922
2024-01-02 02:06:23,4,55.1069331179648
2024-01-02 02:07:07,4,58.544065674743386
2024-01-02 02:08:54,4,24.34497987571354
2024-01-02 02:09:21,4,19.441341768711467
2024-01-02 02:11:12,4,19.005945297002214
2024-01-02 02:12:28,4,17.672180369851272
2024-01-02 02:13:16,4,16.660802837158442
2024-01-02 02:15:13,4,5.231844921757009
2024-01-02 02:15:36,4,20.118698384206716
2024-01-02 02:17:29,4,19.578111654141914
2024-01-02 02:17:43,4,22.438114816901983
2024-01-02 02:18:16,4,17.196675758126393
2024-01-02 02:20:15,4,21.014680767825684
2024-01-02 02:21:07,4,18.27156579366964
2024-01-02 02:21:18,4,24.64383353938997
2024-01-02 02:22:57,4,15.962638134038466
2024-01-02 02:24:09,4,16.313391783907786
2024-01-02 02:24:27,4,13.006607129832545
2024-01-02 02:25:46,4,26.004815774877407
2024-01-02 02:27:17,4,26.528661645426055
2024-01-02 02:28:26,4,18.056327067976813
2024-01-02 02:29:50,4,25.14520302307257
2024-01-02 02:31:27,4,53.6314807147014
2024-01-02 02:32:04,4,52.744375216190356
2024-01-02 02:32:49,4,52.78601741814905
2024-01-02 02:34:25,4,46.95862311839311
2024-01-02 02:36:07,4,67.74448052555209
2024-01-02 02:36:45,4,77.93677076382116
2024-01-02 02:37:49,4,63.58663439077574
2024-01-02 02:38:36,4,60.42985202391105
2024-01-02 02:40:26,4,52.51344316434726
2024-01-02 02:41:07,4,49.9398971079643
2024-01-02 02:43:06,4,42.90034971332824
2024-01-02 02:43:37,4,53.8521117836545
2024-01-02 02:45:13,4,56.57975418565492
2024-01-02 02:45:51,4,46.690643116739366
2024-01-02 02:46:40,4,58.8205067755333
2024-01-02 02:47:06,4,63.2233406957249
2024-01-02 02:48:57,4,65.81580728364781
2024-01-02 02:49:44,4,70.89446936104709
2024-01-02 02:50:30,4,43.58036405513654
2024-01-02 02:52:11,4,52.22059590846169
2024-01-02 02:52:42,4,66.28233426157878
2024-01-02 02:53:11,4,47.890967122355555
2024-01-02 02:53:25,4,77.29066272389667
2024-01-02 02:53:51,4,56.1885501044116
2024-01-02 02:55:41,4,53.66032904234049
2024-01-02 02:56:13,4,58.629254587229156
2024-01-02 02:57:37,4,52.90157889990948
2024-01-02 02:58:18,4,55.159076198238914
2024-01-02 02:59:14,4,32.60677333435775
2024-01-02 03:00:15,4,25.721667434856172
2024-01-02 03:01:52,4,16.866196016749278
2024-01-02 03:03:11,4,21.363064455449212
2024-01-02 03:03:35,4,17.643918975885917
2024-01-02 03:04:57,4,21.749777330771742
2024-01-02 03:05:16,4,9.282233977770144
2024-01-02 03:06:55,4,12.520976736482858
2024-01-02 03:08:16,4,23.788093405249064
2024-01-02 03:09:48,4,13.824091693321044
2024-01-02 03:10:25,4,14.439407322837434
2024-01-02 03:10:37,4,15.016777935525045
2024-01-02 03:10:54,4,16.701415729674
2024-01-02 03:12:03,4,25.467242258694487
2024-01-02 03:13:03,4,14.568134203972063
2024-01-02 03:13:27,4,18.33416220768203
2024-01-02 03:13:59,4,18.811996008778642
2024-01-02 03:14:51,4,21.189767915977246
2024-01-02 03:16:25,4,17.835171768904605
2024-01-02 03:17:24,4,15.471158067409526
2024-01-02 03:17:38,4,15.89304289960287
2024-01-02 03:19:24,4,8.928047568097087
2024-01-02 03:21:10,4,24.964517591013262
2024-01-02 03:22:48,4,30.583959233555056
2024-01-02 03:24:47,4,11.045575978428053
2024-01-02 03:26:35,4,17.245222585655526
2024-01-02 03:27:35,4,16.35072098813341
2024-01-02 03:28:38,4,16.9276087542804
2024-01-02 03:28:58,4,16.15789603569012
2024-01-02 03:30:48,4,11.51215935229737
2024-01-02 03:31:19,4,9.938831004450318
2024-01-02 03:32:51,4,24.13323065859559
2024-01-02 03:34:01,4,19.820850315712054
2024-01-02 03:34:57,4,13.00406548519171
2024-01-02 03:35:59,4,14.765234729409897
2024-01-02 03:36:44,4,16.374203830120628
2024-01-02 03:37:20,4,17.25722292549709
2024-01-02 03:38:18,4,18.650755309927924
2024-01-02 03:39:39,4,23.40974088856624
2024-01-02 03:40:49,4,22.625821464423062
2024-01-02 03:42:11,4,23.472866456102835
2024-01-02 03:43:27,4,23.664211058564476
2024-01-02 03:43:49,4,20.66488682949237
2024-01-02 03:44:41,4,24.609960016013684
2024-01-02 03:45:56,4,15.851619364627025
2024-01-02 03:47:19,4,19.57686448063695
2024-01-02 03:47:41,4,21.886782147925587
2024-01-02 03:49:09,4,44.030143079113024
2024-01-02 03:49:55,4,58.2183519002277
2024-01-02 03:50:37,4,47.18642304383054
2024-01-02 03:50:47,4,49.728397647035976
2024-01-02 03:52:20,4,66.13210325044217
2024-01-02 03:53:16,4,37.78952874370337
2024-01-02 03:53:29,4,45.17583759519063
2024-01-02 03:54:20,4,71.97412226438584
2024-01-02 03:56:11,4,46.75017858328364
2024-01-02 03:56:29,4,71.53635216029858
2024-01-02 03:57:38,4,49.65249195409085
2024-01-02 03:58:00,4,44.36115088320096
2024-01-02 03:58:21,4,43.28695404455058
2024-01-02 03:59:34,4,54.85252281983158
2024-01-02 04:00:09,4,42.14434406288889
2024-01-02 04:01:19,4,76.00916139234911
2024-01-02 04:01:50,4,54.665958189971214
2024-01-02 04:03:43,4,64.06648385809282
2024-01-02 04:04:39,4,57.80291291965907
2024-01-02 04:05:54,4,52.08980682756949
2024-01-02 04:07:27,4,57.27288882845463
2024-01-02 04:07:46,4,63.46045008889408
2024-01-02 04:09:39,4,37.58508343385904
2024-01-02 04:10:45,4,64.62607274076652
2024-01-02 04:11:05,4,51.46182473787819
2024-01-02 04:12:44,4,48.533443664057074
2024-01-02 04:14:15,4,43.765282809795835
2024-01-02 04:14:50,4,62.20610548678933
2024-01-02 04:15:08,4,32.1491550533065
2024-01-02 04:15:26,4,11.421665035395522
2024-01-02 04:16:34,4,13.14050844779744
2024-01-02 04:17:34,4,17.170191342635377
2024-01-02 04:19:16,4,16.146245080961762
2024-01-02 04:20:24,4,20.28835805596793
2024-01-02 04:22:07,4,23.825785619472608
2024-01-02 04:22:37,4,25.878409486126465
2024-01-02 04:22:50,4,21.511021569613064
2024-01-02 04:24:08,4,19.421153301216762
2024-01-02 04:25:15,4,10.180847577021506
2024-01-02 04:25:30,4,20.43902717896234
2024-01-02 04:27:15,4,17.37256369881302
2024-01-02 04:27:35,4,16.868717652601138
2024-01-02 04:28:44,4,14.924712745281056
2024-01-02 04:28:58,4,15.530241569806545
2024-01-02 04:30:32,4,21.78180875510263
2024-01-02 04:32:18,4,20.665091473290165
2024-01-02 04:34:03,4,11.679538043853167
2024-01-02 04:35:51,4,16.598859089506217
2024-01-02 04:36:22,4,15.206408730730068
2024-01-02 04:38:04,4,18.068264560375283
2024-01-02 04:38:22,4,19.258269344932767
2024-01-02 04:39:04,4,21.995507320109443
2024-01-02 04:40:48,4,14.522399248982975
2024-01-02 04:42:44,4,14.997765172056628
2024-01-02 04:43:30,4,19.86383612138201
2024-01-02 04:43:43,4,21.923870152634542
2024-01-02 04:44:32,4,22.837081755973454
2024-01-02 04:46:22,4,14.332689544155178
2024-01-02 04:47:30,4,13.550187217214294
2024-01-02 04:48:20,4,21.931981765245673
2024-01-02 04:49:54,4,21.41679411748518
2024-01-02 04:50:26,4,13.492359261948561
2024-01-02 04:51:19,4,19.467950569797335
2024-01-02 04:52:37,4,21.446912714878128
2024-01-02 04:53:42,4,53.406414252435354
2024-01-02 04:55:21,4,46.931880463183646
2024-01-02 04:55:40,4,59.2306344112465
2024-01-02 04:57:17,4,56.44627633789544
2024-01-02 04:57:42,4,63.731692923815885
2024-01-02 04:59:11,4,55.51134166622884
2024-01-02 05:00:19,4,44.41751373472079
2024-01-02 05:00:37,4,66.50128678393632
2024-01-02 05:02:08,4,40.397140939411884
2024-01-02 05:04:06,4,56.495595976371725
2024-01-02 05:05:03,4,43.53071487664568
2024-01-02 05:06:48,4,12.994312210574252
2024-01-02 05:07:21,4,26.00198649444647
2024-01-02 05:07:37,4,21.039599665733203
2024-01-02 05:08:24,4,19.000140580839904
2024-01-02 05:09:04,4,23.893479923596313
2024-01-02 05:10:58,4,8.578349905235775
2024-01-02 05:11:09,4,18.252133820697214
2024-01-02 05:13:03,4,24.311389453358363
2024-01-02 05:14:46,4,14.31235817431918
2024-01-02 05:16:10,4,13.66201170649932
2024-01-02 05:17:41,4,12.90168062524124
2024-01-02 05:19:21,4,15.647812432046988
2024-01-02 05:20:57,4,26.65575290432237
2024-01-02 05:21:47,4,16.854646783832486
2024-01-02 05:22:47,4,24.921505027268086
2024-01-02 05:24:08,4,23.426967486992258
2024-01-02 05:24:39,4,29.47605600114806
2024-01-02 05:25:16,4,27.10291953421706
2024-01-02 05:27:15,4,16.64000013845932
2024-01-02 05:28:19,4,14.889675825275226
2024-01-02 05:29:23,4,15.081802867874138
2024-01-02 05:30:09,4,16.027569952087855
2024-01-02 05:31:56,4,19.9492382468871
2024-01-02 05:33:29,4,16.18375408873585
2024-01-02 05:34:17,4,22.915892404995105
2024-01-02 05:34:37,4,18.06195038097004
2024-01-02 05:36:03,4,19.68980908306689
2024-01-02 05:37:13,4,17.656650727495297
2024-01-02 05:38:22,4,5.569167161393217
2024-01-02 05:39:13,4,23.600283189498914
2024-01-02 05:40:54,4,61.836677841391676
2024-01-02 05:41:56,4,54.73994742002123
2024-01-02 05:42:57,4,51.15801034392595
2024-01-02 05:43:08,4,56.858549716992954
2024-01-02 05:45:06,4,58.282165385545
2024-01-02 05:46:32,4,33.744191001417384
2024-01-02 05:48:11,4,56.53697512741228
2024-01-02 05:50:05,4,19.979562255534294
2024-01-02 05:51:33,4,11.270991977896607
2024-01-02 05:52:51,4,15.62023711245576
2024-01-02 05:53:07,4,16.26620506371067
2024-01-02 05:53:28,4,27.04462918709048
2024-01-02 05:53:48,4,17.98411222763562
2024-01-02 05:54:44,4,19.991530370067775
2024-01-02 05:56:00,4,26.39750921274596
2024-01-02 05:56:48,4,16.497517171874296
2024-01-02 05:57:31,4,11.136043751267955
2024-01-02 05:58:20,4,15.480346600193304
2024-01-02 06:00:15,4,19.108198274446604
2024-01-02 06:01:31,4,48.26100451590761
2024-01-02 06:02:06,4,57.54342126937933
2024-01-02 06:03:16,4,43.58772322437069
2024-01-02 06:04:11,4,46.41475906575535
2024-01-02 06:04:31,4,59.33652664159243
2024-01-02 06:04:52,4,37.73196797293244
2024-01-02 06:05:09,4,63.21615752237163
2024-01-02 06:06:46,4,69.69853388567577
2024-01-02 06:07:49,4,41.82398561512572
2024-01-02 06:09:38,4,60.615667348732245
2024-01-02 06:10:07,4,52.69896986384661
2024-01-02 06:11:39,4,49.50455409189955
2024-01-02 06:13:36,4,54.190120905978326
2024-01-02 06:15:14,4,56.60131152760603
2024-01-02 06:15:41,4,47.41471301285407
2024-01-02 06:16:28,4,31.785146579224218
2024-01-02 06:16:52,4,54.74230644122743
2024-01-02 06:18:49,4,50.47538188564995
2024-01-02 06:20:37,4,35.53851139085468
2024-01-02 06:21:05,4,68.9072592914143
2024-01-02 06:22:30,4,51.838837193695895
2024-01-02 06:24:25,4,56.166107956322726
2024-01-02 06:26:06,4,4.899214060762436
2024-01-02 06:26:58,4,17.65390296029241
2024-01-02 06:27:33,4,11.367825863460018
2024-01-02 06:28:23,4,14.141044954987825
2024-01-02 06:29:30,4,17.503997504152682
2024-01-02 06:30:08,4,53.13841295734629
2024-01-02 06:30:58,4,53.173748499946726
2024-01-02 06:32:53,4,54.198097296499625
2024-01-02 06:33:53,4,43.95851075751384
2024-01-02 06:35:17,4,51.49691593643309
2024-01-02 06:36:31,4,61.60274434673553
2024-01-02 06:37:56,4,65.53069717594913
2024-01-02 06:38:57,4,56.48202968627898
2024-01-02 06:40:55,4,55.95771415655443
2024-01-02 06:41:14,4,48.32570379326578
2024-01-02 06:41:40,4,57.62961399800861
2024-01-02 06:42:04,4,55.23266396923657
2024-01-02 06:43:50,4,58.17180562049851
2024-01-02 06:45:36,4,44.80318821838887
2024-01-02 06:46:02,4,57.34990200177358
2024-01-02 06:46:27,4,55.69208249089033
2024-01-02 06:47:54,4,18.87771121917574
2024-01-02 06:49:37,4,22.377525249222053
2024-01-02 06:50:41,4,13.457952432625213
2024-01-02 06:52:11,4,19.181085524781174
2024-01-02 06:52:39,4,29.21215578730469
2024-01-02 06:54:06,4,16.86210340324078
2024-01-02 06:55:11,4,16.667138575355075
2024-01-02 06:56:20,4,15.540602725927664
2024-01-02 06:57:37,4,19.119378392344508
2024-01-02 06:58:19,4,17.830288785545456
2024-01-02 06:58:31,4,18.458594748741827
2024-01-02 06:59:19,4,17.060785899681044
2024-01-02 07:00:32,4,19.036343765651075
2024-01-02 07:01:53,4,20.42571547824119
2024-01-02 07:03:46,4,11.465893294194258
2024-01-02 07:04:32,4,26.79136078937639
2024-01-02 07:06:29,4,20.482961755951507
2024-01-02 07:07:06,4,15.582437057317074
2024-01-02 07:08:11,4,26.028450539104217
2024-01-02 07:09:41,4,13.623382162044773
2024-01-02 07:10:56,4,17.48441593672397
2024-01-02 07:12:35,4,20.682997167136723
2024-01-02 07:13:10,4,18.52579990925606
2024-01-02 07:14:51,4,14.836758742799905
2024-01-02 07:15:11,4,15.825838322913533
2024-01-02 07:17:09,4,11.637528891732982
2024-01-02 07:18:13,4,12.999737124020943
2024-01-02 07:19:19,4,20.051871667738954
2024-01-02 07:20:16,4,19.434319214096753
2024-01-02 07:21:46,4,24.626318015636944
2024-01-02 07:22:30,4,54.53995075408252
2024-01-02 07:24:02,4,44.47351310010593
2024-01-02 07:25:48,4,65.08323903050716
2024-01-02 07:26:39,4,55.31973986605315
2024-01-02 07:28:19,4,54.42990866524199
2024-01-02 07:29:52,4,52.43829451371088
2024-01-02 07:30:25,4,63.05900943110784
2024-01-02 07:32:04,4,55.89879120402148
2024-01-02 07:32:33,4,38.94366596937212
2024-01-02 07:34:05,4,54.23951092302958
2024-01-02 07:34:54,4,53.63040385293642
2024-01-02 07:35:53,4,61.75807975676175
2024-01-02 07:36:12,4,44.47413326319547
2024-01-02 07:37:04,4,60.06682847848074
2024-01-02 07:38:36,4,59.42981729506851
2024-01-02 07:39:19,4,57.77138644765627
2024-01-02 07:40:34,4,54.57899320796504
2024-01-02 07:40:56,4,42.85041266089681
2024-01-02 07:41:34,4,62.05941349751912
2024-01-02 07:42:19,4,69.2039449479468
2024-01-02 07:44:15,4,75.40008692106075
2024-01-02 07:44:29,4,49.425843490429465
2024-01-02 07:46:15,4,53.56821230103848
2024-01-02 07:46:56,4,55.80722485204045
2024-01-02 07:47:55,4,49.791692406923985
2024-01-02 07:48:11,4,65.1342072133838
2024-01-02 07:49:37,4,26.50572382596333
2024-01-02 07:50:14,4,16.92254236625896
2024-01-02 07:51:16,4,19.383982196725132
2024-01-02 07:53:09,4,19.386682584349842
2024-01-02 07:54:27,4,22.12789123296786
2024-01-02 07:55:38,4,24.23945835210669
2024-01-02 07:55:57,4,22.69739159840292
2024-01-02 07:57:50,4,9.60805152956952
2024-01-02 07:59:49,4,15.369842696055738
2024-01-02 08:00:33,4,24.80681409352308
2024-01-02 08:01:59,4,24.14655345953987
2024-01-02 08:02:56,4,16.188549480110236
2024-01-02 08:03:46,4,13.517652811248997
2024-01-02 08:04:57,4,23.981304941534376
2024-01-02 08:05:46,4,18.616378583581128
2024-01-02 08:07:35,4,43.97026594874279
2024-01-02 08:08:47,4,47.32270857231388
2024-01-02 08:10:12,4,69.45635046658087
2024-01-02 08:10:29,4,53.72237212097333
2024-01-02 08:12:28,4,65.79009675362519
2024-01-02 08:14:01,4,32.13997468006375
2024-01-02 08:14:56,4,59.45018659908508
2024-01-02 08:16:11,4,49.83269562478146
2024-01-02 08:16:32,4,52.66864067454948
2024-01-02 08:17:00,4,72.2904725619263
2024-01-02 08:17:57,4,70.71967985387617
2024-01-02 08:18:23,4,44.965661892417714
2024-01-02 08:19:39,4,45.311758859650055
2024-01-02 08:19:53,4,68.17697681972382
2024-01-02 08:20:46,4,14.01129250771757
2024-01-02 08:21:41,4,19.020094493969385
2024-01-02 08:23:32,4,14.498747477375396
2024-01-02 08:24:01,4,29.92822429595641
2024-01-02 08:24:38,4,27.676726823234635
2024-01-02 08:25:47,4,16.026899031663827
2024-01-02 08:26:42,4,25.606340519368775
2024-01-02 08:28:33,4,51.75195571953373
2024-01-02 08:29:22,4,62.15480384090818
2024-01-02 08:30:39,4,49.47361021032331
2024-01-02 08:31:04,4,69.37235934158606
2024-01-02 08:32:07,4,70.09955195663173
2024-01-02 08:33:51,4,42.11180958218161
2024-01-02 08:35:35,4,80.16646555793866
2024-01-02 08:37:08,4,48.15702020596133
2024-01-02 08:37:47,4,58.9616519102818
2024-01-02 08:38:46,4,56.93801175212543
2024-01-02 08:39:10,4,58.74645166914045
2024-01-02 08:41:06,4,53.22622240170593
2024-01-02 08:42:15,4,47.286738584426374
2024-01-02 08:44:07,4,47.38022768293352
2024-01-02 08:45:45,4,49.17809147902459
2024-01-02 08:47:06,4,60.623431336684106
2024-01-02 08:48:09,4,59.023911690282056
2024-01-02 08:48:53,4,53.794816256208065
2024-01-02 08:50:43,4,74.30593077693862
2024-01-02 08:51:26,4,49.54751810814469
2024-01-02 08:53:15,4,48.21360643901824
2024-01-02 08:54:18,4,53.43757092328919
2024-01-02 08:55:57,4,44.24141438162133
2024-01-02 08:56:25,4,50.885434902335184
2024-01-02 08:58:22,4,18.73746813755667
2024-01-02 08:59:04,4,28.730213403368108
2024-01-02 08:59:43,4,21.78297059253216
2024-01-02 09:01:39,4,16.97607371197132
2024-01-02 09:02:54,4,9.465600453499444
2024-01-02 09:03:40,4,13.830796648082876
2024-01-02 09:05:36,4,21.55065014719238
2024-01-02 09:06:52,4,17.619764055080417
2024-01-02 09:07:25,4,19.39229394723705
2024-01-02 09:08:53,4,29.056214751412806
2024-01-02 09:10:31,4,47.477111782385315
2024-01-02 09:11:59,4,57.15545635009952
2024-01-02 09:12:14,4,58.98178788015309
2024-01-02 09:12:55,4,34.35737727554579
2024-01-02 09:13:07,4,55.093213377960666
2024-01-02 09:13:54,4,47.54655704950213
2024-01-02 09:14:07,4,49.05586301422027
2024-01-02 09:15:14,4,43.5493208351746
2024-01-02 09:16:04,4,44.633326838474574
2024-01-02 09:17:05,4,45.45125768949438
2024-01-02 09:18:51,4,54.85029581969046
2024-01-02 09:19:30,4,43.29538290711376
2024-01-02 09:21:20,4,69.40599892079389
2024-01-02 09:22:32,4,63.291414805583855
2024-01-02 09:23:13,4,46.62893673253088
2024-01-02 09:24:49,4,57.83476604018982
2024-01-02 09:26:42,4,33.99136459943779
2024-01-02 09:28:12,4,33.98897159747073
2024-01-02 09:30:04,4,60.37365424934825
2024-01-02 09:31:39,4,61.727204878601405
2024-01-02 09:33:38,4,52.93057340474889
2024-01-02 09:35:18,4,15.058013263821287
2024-01-02 09:36:02,4,17.74202056652118
2024-01-02 09:37:59,4,60.175309627246584
2024-01-02 09:38:15,4,52.18418192423067
2024-01-02 09:40:10,4,55.56822368963711
2024-01-02 09:41:42,4,58.53464921269023
2024-01-02 09:42:32,4,58.580164558220844
2024-01-02 09:43:58,4,65.84064247007109
2024-01-02 09:45:00,4,56.900287940770674
2024-01-02 09:46:56,4,68.74865192094629
2024-01-02 09:48:46,4,59.3344596808055
2024-01-02 09:49:43,4,50.299548148451315
2024-01-02 09:51:14,4,58.205064125986375
2024-01-02 09:52:50,4,60.8052814891784
2024-01-02 09:53:07,4,51.85094428081789
2024-01-02 09:53:35,4,59.135708163086036
2024-01-02 09:54:16,4,80.93385745449352
2024-01-02 09:56:10,4,48.97042191118582
2024-01-02 09:57:40,4,41.793583404701934
2024-01-02 09:58:14,4,30.74810846322719
2024-01-02 10:00:11,4,61.955114932633336
2024-01-02 10:01:49,4,55.79311476402807
2024-01-02 10:02:11,4,58.11334182250714
2024-01-02 10:03:03,4,10.138621101377108
2024-01-02 10:04:43,4,18.494436079275918
2024-01-02 10:05:39,4,21.490246291574117
2024-01-02 10:06:54,4,23.05742647283298
2024-01-02 10:08:27,4,17.00771780227982
2024-01-02 10:09:48,4,8.854527930393916
2024-01-02 10:10:43,4,12.375608473043767
2024-01-02 10:11:05,4,14.578957125879542
2024-01-02 10:11:51,4,18.500243138888727
2024-01-02 10:13:19,4,16.98639985281665
2024-01-02 10:14:04,4,25.68070350946888
2024-01-02 10:14:35,4,17.77108442019858
2024-01-02 10:14:45,4,15.844500052371536
2024-01-02 10:16:04,4,21.88774882762064
2024-01-02 10:17:16,4,17.67011914051335
2024-01-02 10:19:06,4,20.610822441836074
2024-01-02 10:20:00,4,17.973977828991643
2024-01-02 10:20:20,4,19.12306833278327
2024-01-02 10:20:43,4,14.62144234920654
2024-01-02 10:22:26,4,21.470483734058785
2024-01-02 10:23:27,4,15.157615849297589
2024-01-02 10:24:35,4,47.51873884050758
2024-01-02 10:25:05,4,47.931465984856565
2024-01-02 10:26:47,4,53.30020813789069
2024-01-02 10:27:43,4,63.877602556746396
2024-01-02 10:28:48,4,52.93749890553248
2024-01-02 10:29:49,4,76.99173127662499
2024-01-02 10:30:21,4,36.71449426730455
2024-01-02 10:30:33,4,58.46101144948053
2024-01-02 10:31:35,4,50.15254869319889
2024-01-02 10:32:52,4,56.382699999991274
2024-01-02 10:34:23,4,58.645381124292356
2024-01-02 10:36:21,4,44.86206259030277
2024-01-02 10:37:26,4,47.764948909379925
2024-01-02 10:39:11,4,66.5108686031201
2024-01-02 10:39:47,4,57.93343090045574
2024-01-02 10:40:03,4,55.30913882374933
2024-01-02 10:41:38,4,73.69281286987412
2024-01-02 10:43:27,4,37.618049599514585
2024-01-02 10:43:48,4,26.860556819320145
2024-01-02 10:44:44,4,47.34321382015758
2024-01-02 10:46:20,4,47.23635978537445
2024-01-02 10:46:31,4,51.808819103020966
2024-01-02 10:47:37,4,65.15342786270996
2024-01-02 10:48:18,4,44.12264279876722
2024-01-02 10:49:45,4,15.130489314779116
2024-01-02 10:50:24,4,25.22355442261689
2024-01-02 10:51:59,4,12.44920178177332
2024-01-02 10:53:09,4,24.38947449584068
2024-01-02 10:54:24,4,19.04948991957802
2024-01-02 10:54:52,4,11.984377041256066
2024-01-02 10:55:54,4,17.164365698803984
2024-01-02 10:57:02,4,15.18106449972512
2024-01-02 10:58:04,4,12.043895769947362
2024-01-02 10:58:42,4,20.990873014952836
2024-01-02 11:00:12,4,24.49590626314592
2024-01-02 11:01:33,4,9.494678645368065
2024-01-02 11:03:27,4,22.81582362677171
2024-01-02 11:05:01,4,12.809303574942813
2024-01-02 11:05:26,4,14.464444593533953
2024-01-02 11:07:10,4,14.380941010614794
2024-01-02 11:07:38,4,20.963490404541155
2024-01-02 11:09:04,4,13.08624231550458
2024-01-02 11:09:52,4,16.462193367422213
2024-01-02 11:11:24,4,29.841091876959524
2024-01-02 11:12:08,4,18.135073128841
2024-01-02 11:14:06,4,21.996472829009655
2024-01-02 11:14:58,4,50.931276401700444
2024-01-02 11:15:45,4,38.01908042202976
2024-01-02 11:16:13,4,62.7493495942205
2024-01-02 11:16:57,4,44.19044224011484
2024-01-02 11:18:56,4,37.807931721105966
2024-01-02 11:20:05,4,58.28009717983405
2024-01-02 11:21:06,4,58.395299482636595
2024-01-02 11:22:26,4,44.412165590747925
2024-01-02 11:22:36,4,44.06559574281442
2024-01-02 11:24:33,4,50.05088126700151
2024-01-02 11:26:04,4,64.63951251054712
2024-01-02 11:27:15,4,54.022577592065005
2024-01-02 11:29:10,4,43.696332791345746
2024-01-02 11:30:09,4,75.3426857113447
2024-01-02 11:30:33,4,57.65431656099851
2024-01-02 11:31:40,4,10.400127173633598
2024-01-02 11:32:04,4,59.690595142961676
2024-01-02 11:32:14,4,44.216358362051345
2024-01-02 11:32:34,4,59.82665026041307
2024-01-02 11:33:43,4,56.49038422400921
2024-01-02 11:34:17,4,48.80292950132166
2024-01-02 11:35:38,4,47.45683533873139
2024-01-02 11:36:27,4,33.4079062661
2024-01-02 11:38:12,4,53.287013286234654
2024-01-02 11:40:01,4,48.52761803350605
2024-01-02 11:41:41,4,42.3653974392584
2024-01-02 11:42:48,4,50.65236423497856
2024-01-02 11:43:52,4,49.51756438552754
2024-01-02 11:45:01,4,54.38871370249512
2024-01-02 11:46:49,4,51.71964695181127
2024-01-02 11:48:46,4,62.984368278836506
2024-01-02 11:50:24,4,53.49670848533672
2024-01-02 11:52:00,4,72.75164210156554
2024-01-02 11:53:30,4,50.7673898906384
2024-01-02 11:55:10,4,20.46456788772747
2024-01-02 11:56:05,4,20.93645198101983
2024-01-02 11:57:50,4,16.404896693245355
2024-01-02 11:58:46,4,10.89699411240847
2024-01-02 11:59:55,4,17.398346436124832
2024-01-02 12:01:43,4,13.997692475909389
2024-01-02 12:03:10,4,20.722657792035218
2024-01-02 12:04:34,4,38.73947525166922
2024-01-02 12:05:21,4,46.76899990552002
2024-01-02 12:06:10,4,55.51670188900434
2024-01-02 12:07:12,4,64.9212703875706
2024-01-02 12:08:56,4,46.58086959165945
2024-01-02 12:10:27,4,46.919465709099626
2024-01-02 12:12:01,4,54.455290829022886
2024-01-02 12:13:21,4,54.750973136371805
2024-01-02 12:14:56,4,54.65743180895992
2024-01-02 12:16:17,4,54.176694499827946
2024-01-02 12:17:59,4,38.98559947522132
2024-01-02 12:18:30,4,14.674028157677267
2024-01-02 12:19:23,4,17.794588803628578
2024-01-02 12:20:32,4,18.64070211506005
2024-01-02 12:20:44,4,25.294899084159194
2024-01-02 12:21:02,4,57.69423452054901
2024-01-02 12:22:42,4,53.73203625879294
2024-01-02 12:24:13,4,69.7350385502992
2024-01-02 12:26:04,4,66.62261110571157
2024-01-02 12:27:00,4,94.42331010806686
2024-01-02 12:27:51,4,60.297725016151716
2024-01-02 12:29:29,4,44.31390537614998
2024-01-02 12:30:32,4,41.462172392085186
2024-01-02 12:32:22,4,61.249394903158795
2024-01-02 12:32:42,4,58.64577696027758
2024-01-02 12:34:20,4,52.184846207295614
2024-01-02 12:35:54,4,62.63863150647535
2024-01-02 12:37:35,4,27.090649110166506
2024-01-02 12:38:40,4,55.816042481400544
2024-01-02 12:39:55,4,67.41027333774849
2024-01-02 12:41:18,4,17.53218230844893
2024-01-02 12:42:55,4,14.400704954463329
2024-01-02 12:43:40,4,17.561971355997798
2024-01-02 12:45:39,4,22.923658642280593
2024-01-02 12:47:06,4,18.546761210545714
2024-01-02 12:47:26,4,15.704052601222857
2024-01-02 12:48:54,4,22.888691177840787
2024-01-02 12:50:29,4,16.25136449487423
2024-01-02 12:52:01,4,20.947221578687643
2024-01-02 12:53:21,4,21.79084866502783
2024-01-02 12:53:32,4,22.310554287589998
2024-01-02 12:53:48,4,18.74535434622371
2024-01-02 12:55:09,4,26.60755582831199
2024-01-02 12:56:06,4,15.174487948509089
2024-01-02 12:56:19,4,48.95572232035507
2024-01-02 12:57:44,4,49.61013011624891
2024-01-02 12:58:17,4,47.3391954385307
2024-01-02 12:59:36,4,48.908639111424364
2024-01-02 13:00:34,4,64.61901380514003
2024-01-02 13:01:36,4,52.23597516761999
2024-01-02 13:01:51,4,63.710452931452174
2024-01-02 13:03:29,4,6.090043634316707
2024-01-02 13:04:06,4,16.774674564783695
2024-01-02 13:04:41,4,12.489540222037204
2024-01-02 13:06:38,4,17.882614614056102
2024-01-02 13:08:00,4,14.497627801326354
2024-01-02 13:09:15,4,18.028925574133268
2024-01-02 13:10:23,4,18.45055214615543
2024-01-02 13:10:47,4,27.11360679396241
2024-01-02 13:11:25,4,14.327781342238062
2024-01-02 13:12:58,4,18.310291323526982
2024-01-02 13:13:40,4,21.24123271683704
2024-01-02 13:14:20,4,22.391027827183226
2024-01-02 13:14:36,4,22.196239226952976
2024-01-02 13:15:24,4,14.66208551470525
2024-01-02 13:17:20,4,20.083539098204856
2024-01-02 13:17:40,4,14.371661985584897
2024-01-02 13:18:24,4,17.81391070668113
2024-01-02 13:20:19,4,22.348408822102073
2024-01-02 13:22:02,4,13.783998678556681
2024-01-02 13:23:26,4,19.165909754904796
2024-01-02 13:24:40,4,22.857798067729856
2024-01-02 13:26:06,4,8.695300642575003
2024-01-02 13:27:22,4,13.942295884414783
2024-01-02 13:28:51,4,25.645930617353503
2024-01-02 13:30:05,4,16.622757673175954
2024-01-02 13:30:51,4,13.60064797644954
2024-01-02 13:31:14,4,13.998296839820252
2024-01-02 13:32:30,4,12.348361504737499
2024-01-02 13:34:09,4,23.841807446457423
2024-01-02 13:36:04,4,10.626234967744852
2024-01-02 13:36:23,4,16.81004845584629
2024-01-02 13:38:06,4,13.53219257426871
2024-01-02 13:39:38,4,13.632312252080915
2024-01-02 13:40:55,4,15.578951910918677
2024-01-02 13:42:27,4,20.56952964768631
2024-01-02 13:43:34,4,9.135341184538861
2024-01-02 13:44:20,4,18.144990822569547
2024-01-02 13:46:18,4,19.254931842903705
2024-01-02 13:47:14,4,9.216768827963449
2024-01-02 13:47:35,4,22.643507359664792
2024-01-02 13:48:30,4,22.877461811901718
2024-01-02 13:49:49,4,22.76991904903145
2024-01-02 13:50:48,4,17.113996346583278
2024-01-02 13:51:52,4,25.560823426272165
2024-01-02 13:52:27,4,21.55292085501091
2024-01-02 13:53:57,4,25.120939050413657
2024-01-02 13:55:11,4,17.83552836776118
2024-01-02 13:55:57,4,18.622047291288283
2024-01-02 13:57:13,4,17.080666755458665
2024-01-02 13:59:10,4,14.80391929606639
2024-01-02 14:00:21,4,6.408785098237505
2024-01-02 14:02:06,4,60.26159390451
2024-01-02 14:03:22,4,54.53630448385953
2024-01-02 14:03:56,4,59.45127557503272
2024-01-02 14:04:13,4,50.03097238078179
2024-01-02 14:06:05,4,58.263928195689104
2024-01-02 14:06:20,4,57.85242810543554
2024-01-02 14:07:42,4,64.8397104775006
2024-01-02 14:09:13,4,45.87256161852654
2024-01-02 14:10:49,4,44.920142927117226
2024-01-02 14:12:04,4,50.67172235031644
2024-01-02 14:13:59,4,50.384868647450915
2024-01-02 14:14:58,4,58.84750533766803
2024-01-02 14:16:39,4,53.003226981435354
2024-01-02 14:18:34,4,72.09055183323582
2024-01-02 14:18:59,4,56.45148696170355
2024-01-02 14:20:11,4,45.551194988759846
2024-01-02 14:21:16,4,76.4169799736382
2024-01-02 14:23:11,4,73.23041250605911
2024-01-02 14:24:53,4,14.209738595581001
2024-01-02 14:26:45,4,16.634354274222893
2024-01-02 14:27:36,4,21.866708473223543
2024-01-02 14:29:16,4,15.883112548821318
2024-01-02 14:29:55,4,12.26692509134854
2024-01-02 14:30:19,4,22.953996927420512
2024-01-02 14:30:46,4,15.844101398252137
2024-01-02 14:31:45,4,15.657611746340438
2024-01-02 14:33:43,4,19.551040681225814
2024-01-02 14:34:39,4,17.380923287021982
2024-01-02 14:34:55,4,10.812271092777959
2024-01-02 14:36:40,4,15.597282871966122
2024-01-02 14:37:11,4,14.577702552927507
2024-01-02 14:38:49,4,24.343682285648864
2024-01-02 14:39:33,4,22.08843156527277
2024-01-02 14:40:58,4,16.831043162001414
2024-01-02 14:41:49,4,18.75817389704087
2024-01-02 14:42:30,4,13.287122840045019
2024-01-02 14:43:42,4,17.543093697860286
2024-01-02 14:44:21,4,22.402406504570568
2024-01-02 14:46:07,4,21.026255293454668
2024-01-02 14:46:50,4,13.659124903636673
2024-01-02 14:48:20,4,25.842669693546632
2024-01-02 14:48:40,4,15.904331032055477
2024-01-02 14:49:21,4,14.909412404207979
2024-01-02 14:50:34,4,17.048922893244335
2024-01-02 14:52:14,4,14.875049075182433
2024-01-02 14:53:44,4,17.839007470341794
2024-01-02 14:54:25,4,25.102687780105505
2024-01-02 14:55:56,4,7.988180706125707
2024-01-02 14:56:19,4,19.91671069852564
2024-01-02 14:57:48,4,26.519868858660168
2024-01-02 14:59:06,4,18.64849083946011
2024-01-02 15:00:32,4,46.1588582484907
2024-01-02 15:02:12,4,62.97064971470515
2024-01-02 15:02:25,4,37.697244761794835
2024-01-02 15:02:52,4,50.88571296892662
2024-01-02 15:03:59,4,61.94088464793728
2024-01-02 15:05:39,4,37.59320563512617
2024-01-02 15:06:08,4,49.77869813774252
2024-01-02 15:07:34,4,68.00650204369242
2024-01-02 15:07:53,4,41.636082716765856
2024-01-02 15:09:36,4,55.558306934214436
2024-01-02 15:09:54,4,62.33667778579033
2024-01-02 15:10:46,4,46.3154703047317
2024-01-02 15:11:36,4,57.070244557640144
2024-01-02 15:12:49,4,62.83441420628598
2024-01-02 15:13:27,4,38.08769422514902
2024-01-02 15:13:40,4,66.95976223360981
2024-01-02 15:15:01,4,25.945836216208185
2024-01-02 15:16:58,4,28.294928478971684
2024-01-02 15:17:28,4,46.446665972139755
2024-01-02 15:19:02,4,61.460499129015055
2024-01-02 15:19:59,4,62.79155846741999
2024-01-02 15:20:54,4,62.27119595764105
2024-01-02 15:21:07,4,52.8647774150967
2024-01-02 15:22:31,4,50.36202730350121
2024-01-02 15:24:24,4,59.05029604444193
2024-01-02 15:25:15,4,60.44818342439698
2024-01-02 15:26:26,4,40.053227090323986
2024-01-02 15:28:08,4,20.410198986098244
2024-01-02 15:30:07,4,21.620471012530466
2024-01-02 15:31:29,4,23.823440474930187
2024-01-02 15:32:47,4,19.36457057616628
2024-01-02 15:34:17,4,18.877068209132055
2024-01-02 15:35:50,4,19.735331361001386
2024-01-02 15:36:28,4,60.30423463975238
2024-01-02 15:36:44,4,51.016613773112475
2024-01-02 15:37:51,4,71.25647936627077
2024-01-02 15:39:01,4,56.96122505388243
2024-01-02 15:40:55,4,60.41582931999412
2024-01-02 15:41:21,4,56.76212705638623
2024-01-02 15:42:23,4,56.795231738671326
2024-01-02 15:43:03,4,64.97272823114568
2024-01-02 15:43:41,4,75.31793417292408
2024-01-02 15:45:32,4,40.72547801154391
2024-01-02 15:47:08,4,44.70749296877007
2024-01-02 15:49:02,4,36.45155051944726
2024-01-02 15:49:37,4,50.10244847051575
2024-01-02 15:49:49,4,58.67296906615415
2024-01-02 15:50:14,4,57.262529401494504
2024-01-02 15:51:51,4,55.517675896250005
2024-01-02 15:53:15,4,56.53193140558078
2024-01-02 15:54:44,4,68.8238274568994
2024-01-02 15:56:08,4,50.404227681672715
2024-01-02 15:57:40,4,56.618664253220466
2024-01-02 15:59:17,4,18.870738790028945
2024-01-02 16:00:38,4,17.534604953242358
2024-01-02 16:01:27,4,10.889623362870868
2024-01-02 16:01:43,4,20.929086487337255
2024-01-02 16:02:42,4,20.583477670631428
2024-01-02 16:04:31,4,11.562354129703955
2024-01-02 16:04:43,4,15.331903386732883
2024-01-02 16:06:34,4,62.69686743562013
2024-01-02 16:06:44,4,52.366103121878616
2024-01-02 16:07:14,4,52.0019880235068
2024-01-02 16:07:57,4,43.6094333386029
2024-01-02 16:08:46,4,53.04705420203801
2024-01-02 16:09:30,4,49.61189641102882
2024-01-02 16:09:48,4,66.84695797881002
2024-01-02 16:11:42,4,67.27160176256758
2024-01-02 16:12:40,4,33.72690458825354
2024-01-02 16:13:57,4,41.63730363448646
2024-01-02 16:14:22,4,71.25977960006398
2024-01-02 16:15:18,4,66.98369010406861
2024-01-02 16:17:13,4,64.811478261603
2024-01-02 16:19:05,4,58.921281254876824
2024-01-02 16:20:33,4,34.06302549869899
2024-01-02 16:20:48,4,61.01132826781361
2024-01-02 16:21:12,4,64.20465877364299
2024-01-02 16:22:14,4,44.91636838450319
2024-01-02 16:22:59,4,69.60228179738962
2024-01-02 16:24:22,4,51.72392473907888
2024-01-02 16:25:16,4,58.45943667980067
2024-01-02 16:25:35,4,60.809402540746525
2024-01-02 16:25:59,4,76.02148462445946
2024-01-02 16:27:14,4,49.65467005326128
2024-01-02 16:28:44,4,67.47342134664602
2024-01-02 16:29:13,4,58.09834737670856
2024-01-02 16:29:44,4,61.791198793165925
2024-01-02 16:31:06,4,23.76435477444786
2024-01-02 16:32:42,4,57.79055447460813
2024-01-02 16:34:03,4,51.75966589154829
2024-01-02 16:35:48,4,51.34388681005931
2024-01-02 16:37:23,4,69.15910640492677
2024-01-02 16:38:39,4,65.01064842570763
2024-01-02 16:39:29,4,58.12079553784244
2024-01-02 16:41:00,4,62.30303746639179
2024-01-02 16:41:20,4,57.38584187930605
2024-01-02 16:42:33,4,65.42865409559609
2024-01-02 16:43:33,4,41.79542229915917
2024-01-02 16:44:38,4,65.37075293226572
2024-01-02 16:45:27,4,39.975754023564484
2024-01-02 16:46:39,4,54.37251474430849
2024-01-02 16:48:26,4,46.718617376742664
2024-01-02 16:49:03,4,64.17110469640674
2024-01-02 16:49:20,4,66.07982511053643
2024-01-02 16:51:03,4,49.84262527236592
2024-01-02 16:51:41,4,56.405564032067495
2024-01-02 16:53:11,4,58.429829673663185
2024-01-02 16:54:19,4,54.576498439675305
2024-01-02 16:54:51,4,60.20167088729347
2024-01-02 16:55:46,4,64.92688508125967
2024-01-02 16:56:19,4,66.96694782794418
2024-01-02 16:56:35,4,56.22301124434495
2024-01-02 16:57:33,4,63.06154904400829
2024-01-02 16:57:45,4,54.00854574114451
2024-01-02 16:59:14,4,42.46222076632299
2024-01-02 16:59:44,4,69.2650414234206
2024-01-02 17:00:26,4,62.767952818326094
2024-01-02 17:01:53,4,22.667021522607747
2024-01-02 17:03:21,4,4.346845581028822
2024-01-02 17:04:59,4,12.358450945020754
2024-01-02 17:05:58,4,22.49507409915912
2024-01-02 17:06:18,4,20.719165833715152
2024-01-02 17:07:37,4,14.607479131122869
2024-01-02 17:09:05,4,12.246569729700703
2024-01-02 17:10:33,4,17.672933771887582
2024-01-02 17:12:04,4,9.890668815552743
2024-01-02 17:12:23,4,9.621529154814095
2024-01-02 17:13:09,4,19.941222902201424
2024-01-02 17:13:36,4,13.647746672359666
2024-01-02 17:14:08,4,18.026107076711355
2024-01-02 17:14:46,4,15.043319915988144
2024-01-02 17:15:07,4,22.00892592164243
2024-01-02 17:15:42,4,44.93691994406913
2024-01-02 17:16:01,4,51.843661457910606
2024-01-02 17:17:42,4,66.67450417876661
2024-01-02 17:19:26,4,56.299189044112794
2024-01-02 17:20:23,4,56.79398039180446
2024-01-02 17:22:04,4,55.141594795185036
2024-01-02 17:23:48,4,72.45669028672987
2024-01-02 17:25:42,4,44.12932487065082
2024-01-02 17:26:16,4,54.83975009586381
2024-01-02 17:27:42,4,43.77518983275671
2024-01-02 17:28:28,4,40.28681487706487
2024-01-02 17:30:19,4,52.784666979107904
2024-01-02 17:32:06,4,54.235643799616845
2024-01-02 17:33:49,4,61.42993154733334
2024-01-02 17:35:06,4,55.279665439786264
2024-01-02 17:36:54,4,39.200768900051095
2024-01-02 17:38:02,4,53.301257841487654
2024-01-02 17:39:41,4,56.797388047357224
2024-01-02 17:41:39,4,24.226121461331715
2024-01-02 17:42:47,4,16.88763678835162
2024-01-02 17:44:18,4,19.856211045908037
2024-01-02 17:44:59,4,11.129132738142285
2024-01-02 17:45:37,4,17.609150319321035
2024-01-02 17:47:09,4,17.083075081135444
2024-01-02 17:47:37,4,21.385443801701925
2024-01-02 17:48:21,4,17.286125234146535
2024-01-02 17:49:18,4,11.278297639275541
2024-01-02 17:49:44,4,21.295129760105482
2024-01-02 17:50:07,4,10.19478712206611
2024-01-02 17:51:53,4,19.255347804884725
2024-01-02 17:52:50,4,13.973212016749596
2024-01-02 17:54:06,4,20.026770846645675
2024-01-02 17:54:41,4,12.307096331328086
2024-01-02 17:54:59,4,20.99750392991574
2024-01-02 17:56:14,4,22.990606703472363
2024-01-02 17:57:31,4,24.75247875306999
2024-01-02 17:58:57,4,15.151693759906141
2024-01-02 17:59:50,4,22.751208258585486
2024-01-02 18:00:23,4,16.27148047186462
2024-01-02 18:01:11,4,10.449199109654632
2024-01-02 18:02:37,4,21.609101156140277
2024-01-02 18:03:44,4,21.721145597807986
2024-01-02 18:04:43,4,22.27998645153273
2024-01-02 18:05:43,4,20.177418098926424
2024-01-02 18:07:21,4,17.382597684493216
2024-01-02 18:08:42,4,15.707361787920354
2024-01-02 18:09:04,4,21.53126686797426
2024-01-02 18:10:14,4,13.842606635492547
2024-01-02 18:10:31,4,20.14503424008194
2024-01-02 18:10:45,4,19.818213422613056
2024-01-02 18:10:57,4,15.688139153485633
2024-01-02 18:12:48,4,13.609324634636781
2024-01-02 18:13:14,4,27.10290134132483
2024-01-02 18:14:19,4,16.784779686776265
2024-01-02 18:14:59,4,25.027143407679645
2024-01-02 18:15:24,4,17.805474497897304
2024-01-02 18:16:38,4,17.199082168824955
2024-01-02 18:17:24,4,55.79340762765849
2024-01-02 18:17:48,4,58.37998120695936
2024-01-02 18:19:47,4,63.55189053392827
2024-01-02 18:20:35,4,59.47266558251069
2024-01-02 18:22:03,4,48.462179010012626
2024-01-02 18:22:24,4,69.82895485267491
2024-01-02 18:23:55,4,72.24654675640086
2024-01-02 18:24:58,4,55.53716174339233
2024-01-02 18:26:35,4,84.3032028549251
2024-01-02 18:27:53,4,73.45801320371932
2024-01-02 18:29:06,4,42.0452073457615
2024-01-02 18:29:25,4,64.46335562864714
2024-01-02 18:29:46,4,58.621843221046944
2024-01-02 18:30:18,4,49.75107434363515
2024-01-02 18:30:29,4,50.34122155220252
2024-01-02 18:31:15,4,56.11484817151078
2024-01-02 18:32:33,4,58.32620784781039
2024-01-02 18:34:25,4,56.01737205839927
2024-01-02 18:35:44,4,45.86056647691992
2024-01-02 18:37:31,4,39.876967697764655
2024-01-02 18:38:11,4,64.59575892385135
2024-01-02 18:38:53,4,65.29758164309033
2024-01-02 18:39:45,4,53.525510922194776
2024-01-02 18:41:26,4,19.137851414075488
2024-01-02 18:42:23,4,26.153094900581813
2024-01-02 18:43:59,4,14.709970744889318
2024-01-02 18:45:01,4,22.84237211583634
2024-01-02 18:46:44,4,62.5224140780262
2024-01-02 18:48:31,4,62.961910615135615
2024-01-02 18:49:38,4,58.608051260720785
2024-01-02 18:51:15,4,51.218267054415904
2024-01-02 18:52:01,4,58.869200817627956
2024-01-02 18:53:04,4,71.90403443014418
2024-01-02 18:53:27,4,64.85803910344302
2024-01-02 18:55:21,4,50.68234511006627
2024-01-02 18:57:10,4,38.36613288640467
2024-01-02 18:58:21,4,48.877342346886124
2024-01-02 18:58:50,4,67.67004998622063
2024-01-02 18:59:42,4,47.03775877226181
2024-01-02 19:00:33,4,48.06302032383333
2024-01-02 19:02:30,4,73.40565118106116
2024-01-02 19:04:28,4,52.38332511754359
2024-01-02 19:05:16,4,55.24577142273144
2024-01-02 19:06:08,4,66.27085825552234
2024-01-02 19:06:27,4,60.216441831576894
2024-01-02 19:06:49,4,70.51772497743087
2024-01-02 19:08:13,4,12.410960872357993
2024-01-02 19:08:38,4,11.268078765586221
2024-01-02 19:10:32,4,16.66192129457511
2024-01-02 19:12:01,4,9.13394739278732
2024-01-02 19:13:06,4,21.828409570940128
2024-01-02 19:14:55,4,28.792029101390014
2024-01-02 19:16:33,4,9.874916001854182
2024-01-02 19:16:47,4,6.381994703038769
2024-01-02 19:16:59,4,19.715242653470217
2024-01-02 19:18:18,4,20.33073565247477
2024-01-02 19:18:35,4,13.605998984055926
2024-01-02 19:19:58,4,14.215673612488388
2024-01-02 19:21:20,4,22.686645362170417
2024-01-02 19:22:38,4,16.076541875963915
2024-01-02 19:24:07,4,23.33901674911091
2024-01-02 19:25:24,4,15.708662437363945
2024-01-02 19:25:59,4,12.98213392338055
2024-01-02 19:27:14,4,25.967283597799728
2024-01-02 19:29:04,4,15.929391649923383
2024-01-02 19:30:33,4,14.399201327429711
2024-01-02 19:31:52,4,22.69784143847331
2024-01-02 19:33:35,4,21.17555386650577
2024-01-02 19:33:53,4,18.590405499493947
2024-01-02 19:35:39,4,17.84242470409764
2024-01-02 19:35:53,4,45.35534806587033
2024-01-02 19:37:16,4,50.99744368713168
2024-01-02 19:38:22,4,61.001629846251404
2024-01-02 19:39:15,4,49.775109468271566
2024-01-02 19:40:54,4,48.450502961963686
2024-01-02 19:41:06,4,57.044321098713304
2024-01-02 19:42:05,4,49.613329250512336
2024-01-02 19:43:37,4,52.20540159573919
2024-01-02 19:45:03,4,40.792144415177674
2024-01-02 19:46:22,4,60.70025450047024
2024-01-02 19:47:13,4,68.6963697229547
2024-01-02 19:47:30,4,45.22857744543812
2024-01-02 19:47:57,4,27.836904028470766
2024-01-02 19:48:15,4,44.101703690177175
2024-01-02 19:49:12,4,64.79790191239502
2024-01-02 19:50:49,4,66.56368911329189
2024-01-02 19:51:04,4,20.92710220503557
2024-01-02 19:52:06,4,18.550093575212706
2024-01-02 19:53:42,4,22.583138443614207
2024-01-02 19:54:45,4,19.422559912608225
2024-01-02 19:54:58,4,21.280396981532764
2024-01-02 19:56:26,4,51.16012411901688
2024-01-02 19:57:52,4,61.40141173992297
2024-01-02 19:58:40,4,42.48958177445233
2024-01-02 19:59:37,4,63.81348335243
2024-01-02 20:00:09,4,59.66938052563124
2024-01-02 20:00:43,4,59.92857624715846
2024-01-02 20:01:22,4,60.76106919399933
2024-01-02 20:03:01,4,38.084137438042376
2024-01-02 20:03:44,4,50.93220662389975
2024-01-02 20:05:22,4,66.41091329226506
2024-01-02 20:06:44,4,60.689450184829354
2024-01-02 20:07:08,4,49.658286586522316
2024-01-02 20:07:28,4,42.651225223368
2024-01-02 20:08:25,4,50.673080868354745
2024-01-02 20:09:07,4,66.3403827764814
2024-01-02 20:09:20,4,70.19378182951954
2024-01-02 20:09:56,4,62.300800925375974
2024-01-02 20:11:34,4,47.24730538024637
2024-01-02 20:13:30,4,76.47098470543055
2024-01-02 20:15:20,4,54.70148152762271
2024-01-02 20:16:28,4,70.29513736301537
2024-01-02 20:17:00,4,56.86584474479325
2024-01-02 20:18:39,4,66.12716223023158
2024-01-02 20:19:34,4,56.114531972152726
2024-01-02 20:20:11,4,83.75789884094662
2024-01-02 20:21:13,4,46.7225737929872
2024-01-02 20:21:28,4,82.19912142667451
2024-01-02 20:21:51,4,79.19466236972917
2024-01-02 20:23:09,4,14.446403647560938
2024-01-02 20:23:31,4,15.35119043374598
2024-01-02 20:24:06,4,23.378924336766758
2024-01-02 20:25:03,4,13.228248670892087
2024-01-02 20:26:31,4,18.88386407368365
2024-01-02 20:27:55,4,20.287003713958722
2024-01-02 20:28:30,4,18.69487826181642
2024-01-02 20:28:56,4,18.015463508375927
2024-01-02 20:29:30,4,20.648649520118134
2024-01-02 20:30:55,4,16.31924998641124
2024-01-02 20:32:33,4,17.402884196320787
2024-01-02 20:33:32,4,22.69175156512166
2024-01-02 20:34:35,4,19.0474812386414
2024-01-02 20:35:26,4,14.473358345286663
2024-01-02 20:36:01,4,27.84429425602438
2024-01-02 20:37:11,4,47.890819141570056
2024-01-02 20:39:10,4,64.45674847951213
2024-01-02 20:39:46,4,51.57044954075128
2024-01-02 20:41:30,4,57.541805241782754
2024-01-02 20:43:26,4,40.57010271237544
2024-01-02 20:45:10,4,57.8866561654596
2024-01-02 20:45:33,4,22.340273271138884
2024-01-02 20:46:55,4,20.48350806121196
2024-01-02 20:47:16,4,13.315271423437263
2024-01-02 20:47:29,4,22.259710107750788
2024-01-02 20:48:38,4,13.907893192628382
2024-01-02 20:49:00,4,22.744710257736813
2024-01-02 20:49:30,4,18.75781111257215
2024-01-02 20:50:09,4,16.95072774844654
2024-01-02 20:51:13,4,15.962919476525563
2024-01-02 20:52:04,4,20.31607150158078
2024-01-02 20:53:58,4,9.985032186446452
2024-01-02 20:54:52,4,18.490197989767086
2024-01-02 20:56:03,4,40.628462101887905
2024-01-02 20:57:52,4,42.23894326293771
2024-01-02 20:59:40,4,65.06240747311637
2024-01-02 21:00:14,4,63.189083063472836
2024-01-02 21:00:46,4,60.75349547181206
2024-01-02 21:01:30,4,59.090293980124954
2024-01-02 21:02:06,4,49.21113085143556
2024-01-02 21:03:05,4,18.579691519410833
2024-01-02 21:03:22,4,17.881199065584564
2024-01-02 21:03:55,4,26.748804853875107
2024-01-02 21:04:13,4,18.29872190497541
2024-01-02 21:06:10,4,17.025500697768493
2024-01-02 21:07:51,4,20.537651284724664
2024-01-02 21:09:22,4,19.489336270551668
2024-01-02 21:10:54,4,33.644431714676706
2024-01-02 21:11:40,4,51.4971346060598
2024-01-02 21:13:18,4,31.330310424936382
2024-01-02 21:14:17,4,55.76192421448722
2024-01-02 21:15:03,4,55.64455083227994
2024-01-02 21:16:44,4,65.73841827951603
2024-01-02 21:17:31,4,53.36938720273025
2024-01-02 21:18:30,4,62.561151761751816
2024-01-02 21:18:43,4,45.9972081876919
2024-01-02 21:20:10,4,20.109497694570518
2024-01-02 21:21:51,4,42.35456773818729
2024-01-02 21:22:41,4,62.22290727825149
2024-01-02 21:23:08,4,69.81534997128392
2024-01-02 21:23:53,4,46.82043257450128
2024-01-02 21:24:42,4,49.93197348976989
2024-01-02 21:25:16,4,45.710882635864905
2024-01-02 21:26:10,4,74.82513063697877
2024-01-02 21:27:53,4,78.92298383669758
2024-01-02 21:29:17,4,55.55243510575909
2024-01-02 21:30:59,4,61.433077805035644
2024-01-02 21:32:00,4,51.0794117893517
2024-01-02 21:33:22,4,57.114635223902184
2024-01-02 21:34:43,4,43.30984251442098
2024-01-02 21:36:05,4,63.832914707282505
2024-01-02 21:37:35,4,19.707213113822014
2024-01-02 21:39:18,4,14.992080102256441
2024-01-02 21:40:05,4,11.993935905533686
2024-01-02 21:40:41,4,13.811291628255713
2024-01-02 21:40:57,4,17.29998450634264
2024-01-02 21:42:52,4,24.88604903574436
2024-01-02 21:44:04,4,17.54539598438102
2024-01-02 21:45:16,4,25.470026238537727
2024-01-02 21:45:33,4,13.787847472844382
2024-01-02 21:47:03,4,24.67064734038605
2024-01-02 21:47:44,4,14.685050193644763
2024-01-02 21:48:02,4,15.056475832216151
2024-01-02 21:48:47,4,57.201191954994286
2024-01-02 21:50:27,4,40.65459531019581
2024-01-02 21:50:45,4,63.445823320314595
2024-01-02 21:51:20,4,64.42691031357161
2024-01-02 21:52:54,4,52.111075856659525
2024-01-02 21:54:30,4,55.15387564501269
2024-01-02 21:55:17,4,67.51032968455755
2024-01-02 21:57:07,4,43.270943642582765
2024-01-02 21:57:21,4,62.188634195407
2024-01-02 21:58:22,4,41.64534706551881
2024-01-02 21:59:58,4,57.950445672486495
2024-01-02 22:00:16,4,47.126843777684066
2024-01-02 22:02:08,4,46.883894796604096
2024-01-02 22:02:55,4,43.88195914288296
2024-01-02 22:03:31,4,68.18296115447518
2024-01-02 22:05:24,4,21.81821715330759
2024-01-02 22:06:35,4,11.839026096673845
2024-01-02 22:07:04,4,15.956658570398666
2024-01-02 22:08:03,4,16.260837699307174
2024-01-02 22:09:59,4,9.49686066012787
2024-01-02 22:11:13,4,10.727830717170686
2024-01-02 22:11:29,4,22.0138922365301
2024-01-02 22:11:51,4,21.370656150787042
2024-01-02 22:12:38,4,23.556144573362484
2024-01-02 22:14:33,4,21.63745102078383
2024-01-02 22:15:11,4,6.970324100428108
2024-01-02 22:15:38,4,16.170221073903512
2024-01-02 22:16:58,4,21.19379482902672
2024-01-02 22:18:46,4,9.87141198701804
2024-01-02 22:19:07,4,19.499522295451563
2024-01-02 22:19:25,4,19.925121869228942
2024-01-02 22:20:07,4,15.722457268804977
2024-01-02 22:21:44,4,15.731434050785273
2024-01-02 22:23:15,4,20.641995079280374
2024-01-02 22:23:32,4,12.716137660959902
2024-01-02 22:25:30,4,14.431532689207591
2024-01-02 22:26:00,4,13.625712252780751
2024-01-02 22:26:50,4,13.126213602470362
2024-01-02 22:28:00,4,14.79441625545504
2024-01-02 22:28:21,4,14.544913609289333
2024-01-02 22:28:51,4,18.746237795016093
2024-01-02 22:30:12,4,19.879455854743995
2024-01-02 22:31:57,4,19.17932580505624
2024-01-02 22:33:05,4,11.780726484487541
2024-01-02 22:33:27,4,19.842018125151643
2024-01-02 22:33:41,4,12.573664708014864
2024-01-02 22:35:31,4,16.68558763482312
2024-01-02 22:37:00,4,19.157031756387077
2024-01-02 22:37:20,4,16.7842277564253
2024-01-02 22:38:26,4,16.977090943647877
2024-01-02 22:39:31,4,16.01359649374379
2024-01-02 22:40:36,4,17.111949395421565
2024-01-02 22:40:46,4,28.68873671401584
2024-01-02 22:42:35,4,20.80856033405219
2024-01-02 22:43:14,4,17.494766394835846
2024-01-02 22:44:38,4,21.298132840816486
2024-01-02 22:45:22,4,23.425944580671807
2024-01-02 22:45:52,4,16.077087781398934
2024-01-02 22:46:31,4,15.698407816041623
2024-01-02 22:48:17,4,13.032480901882902
2024-01-02 22:49:12,4,13.782923502058193
2024-01-02 22:50:24,4,18.167039101874863
2024-01-02 22:52:01,4,14.005281282133499
2024-01-02 22:53:05,4,22.07655186049349
2024-01-02 22:54:26,4,6.361966964954009
2024-01-02 22:56:03,4,20.262980629127355
2024-01-02 22:56:55,4,15.581789157830901
2024-01-02 22:57:07,4,24.161849188699495
2024-01-02 22:58:12,4,14.936967298671082
2024-01-02 22:58:39,4,18.62380595669385
2024-01-02 22:59:23,4,13.317400770972544
2024-01-02 22:59:46,4,20.897921108818693
2024-01-02 23:00:17,4,8.00456093551096
2024-01-02 23:01:03,4,25.793132584814074
2024-01-02 23:01:47,4,16.280457539095075
2024-01-02 23:02:14,4,19.99619088125745
2024-01-02 23:03:19,4,11.303648422573495
2024-01-02 23:04:20,4,10.415707917458407
2024-01-02 23:06:02,4,18.165208695657263
2024-01-02 23:07:31,4,22.860224435512695
2024-01-02 23:07:46,4,13.327573258452489
2024-01-02 23:08:36,4,24.87589528803622
2024-01-02 23:10:17,4,16.743985935703204
2024-01-02 23:12:02,4,18.413689611274393
2024-01-02 23:14:00,4,11.44019227316939
2024-01-02 23:15:30,4,20.33234845468153
2024-01-02 23:17:01,4,17.193916972037822
2024-01-02 23:17:52,4,15.627847956751209
2024-01-02 23:19:29,4,70.6253241354781
2024-01-02 23:21:25,4,51.47954644628316
2024-01-02 23:22:43,4,46.427600444164334
2024-01-02 23:23:13,4,44.33971833285489
2024-01-02 23:25:08,4,34.287559325564274
2024-01-02 23:26:54,4,51.38407699930654
2024-01-02 23:27:17,4,57.78029467578936
2024-01-02 23:28:59,4,54.2403362093536
2024-01-02 23:30:06,4,60.73433791687982
2024-01-02 23:30:55,4,63.75973837912579
2024-01-02 23:32:03,4,46.31486612695612
2024-01-02 23:32:55,4,26.368598837413234
2024-01-02 23:33:51,4,21.451514640459674
2024-01-02 23:34:18,4,22.108510612574097
2024-01-02 23:34:52,4,14.146481692009964
2024-01-02 23:35:02,4,29.55050439507493
2024-01-02 23:36:30,4,12.172095562300491
2024-01-02 23:38:24,4,15.442994092140799
2024-01-02 23:39:57,4,15.878715635513608
2024-01-02 23:41:39,4,22.038202904427454
2024-01-02 23:42:01,4,19.37446504455486
2024-01-02 23:43:00,4,15.09466349969988
2024-01-02 23:43:39,4,6.303840497965636
2024-01-02 23:45:35,4,10.898324336172633
2024-01-02 23:47:28,4,13.59423506485441
2024-01-02 23:48:24,4,9.040744497777975
2024-01-02 23:48:58,4,15.601662134475294
2024-01-02 23:49:17,4,16.082910648334995
2024-01-02 23:50:20,4,14.010993177557083
2024-01-02 23:50:34,4,15.431215245554071
2024-01-02 23:51:46,4,25.7242261526466
2024-01-02 23:52:02,4,12.836295021321199
2024-01-02 23:53:54,4,16.14690201149112
2024-01-02 23:55:47,4,15.62868745205575
2024-01-02 23:57:26,4,24.257896913413482
2024-01-02 23:59:07,4,15.718829976957528
2024-01-03 00:00:58,4,23.170764988609356
2024-01-01 00:01:52,5,16.518136621511967
2024-01-01 00:02:10,5,19.532561032348973
2024-01-01 00:03:54,5,13.527778999064097
2024-01-01 00:05:45,5,18.921042213255713
2024-01-01 00:06:36,5,13.551717582269294
2024-01-01 00:06:58,5,36.01416067905437
2024-01-01 00:07:11,5,18.20794533779217
2024-01-01 00:07:38,5,50.80686969015524
2024-01-01 00:07:56,5,50.0131497606362
2024-01-01 00:08:50,5,56.21606814569464
2024-01-01 00:09:05,5,56.96741260452603
2024-01-01 00:09:43,5,50.218532772937216
2024-01-01 00:10:48,5,51.95321037406269
2024-01-01 00:12:46,5,52.49052205658648
2024-01-01 00:13:34,5,68.97918914591764
2024-01-01 00:14:05,5,61.87373242237504
2024-01-01 00:14:33,5,69.37546750932647
2024-01-01 00:14:44,5,52.817190138518015
2024-01-01 00:16:19,5,49.878210144936716
2024-01-01 00:17:38,5,56.00588827408665
2024-01-01 00:18:57,5,77.39721929999064
2024-01-01 00:19:34,5,55.65829063282661
2024-01-01 00:20:49,5,57.19600743983904
2024-01-01 00:21:38,5,52.412828668232066
2024-01-01 00:23:07,5,15.4626447597558
2024-01-01 00:23:20,5,18.686497840547716
2024-01-01 00:25:19,5,21.183435644714272
2024-01-01 00:26:15,5,19.76303192006246
2024-01-01 00:27:20,5,25.796827162387558
2024-01-01 00:28:22,5,11.402689289926883
2024-01-01 00:29:57,5,18.993010799200263
2024-01-01 00:31:07,5,18.757079539355956
2024-01-01 00:32:16,5,15.93758201649469
2024-01-01 00:33:52,5,15.76485035847044
2024-01-01 00:35:36,5,18.767964952556625
2024-01-01 00:37:25,5,19.40663439974187
2024-01-01 00:38:24,5,17.383665419096506
2024-01-01 00:39:06,5,17.61461699511314
2024-01-01 00:40:05,5,20.406306064729
2024-01-01 00:41:39,5,20.920085042294026
2024-01-01 00:41:53,5,14.914164830311382
2024-01-01 00:43:12,5,15.80610056602611
2024-01-01 00:44:32,5,23.968335985961865
2024-01-01 00:46:18,5,13.391407819753898
2024-01-01 00:47:22,5,21.072600228376228
2024-01-01 00:48:02,5,19.7988285208301
2024-01-01 00:48:18,5,18.158848563488174
2024-01-01 00:49:00,5,21.28176682483444
2024-01-01 00:50:09,5,16.382683759267227
2024-01-01 00:50:25,5,27.897836506621896
2024-01-01 00:51:50,5,8.1253881122421
2024-01-01 00:52:02,5,21.99601359621071
2024-01-01 00:52:49,5,58.638913621500535
2024-01-01 00:53:26,5,59.09249452720259
2024-01-01 00:53:41,5,35.90191302971683
2024-01-01 00:54:19,5,45.82491804238989
2024-01-01 00:55:08,5,76.18599530077746
2024-01-01 00:56:31,5,56.30136917699705
2024-01-01 00:57:45,5,57.79391922047209
2024-01-01 00:58:35,5,47.76562776836912
2024-01-01 01:00:17,5,23.007353547878218
2024-01-01 01:00:37,5,63.37846755516738
2024-01-01 01:02:20,5,49.35027535629085
2024-01-01 01:03:49,5,47.19731914038751
2024-01-01 01:04:35,5,63.16157893859773
2024-01-01 01:04:47,5,38.56730965429722
2024-01-01 01:05:42,5,16.176789729414338
2024-01-01 01:07:34,5,48.55032088235094
2024-01-01 01:07:53,5,68.29431705094383
2024-01-01 01:09:03,5,60.40476196019135
2024-01-01 01:10:13,5,54.98083045870031
2024-01-01 01:10:45,5,46.533951576117424
2024-01-01 01:11:21,5,48.81370049253281
2024-01-01 01:12:25,5,60.41675254150521
2024-01-01 01:12:47,5,55.21898253478079
2024-01-01 01:13:55,5,63.18728836019574
2024-01-01 01:14:15,5,69.226708322521
2024-01-01 01:16:13,5,49.386694492010804
2024-01-01 01:18:08,5,55.86900932239825
2024-01-01 01:19:08,5,54.707177438519814
2024-01-01 01:19:44,5,18.23147936430113
2024-01-01 01:21:18,5,22.033404521166503
2024-01-01 01:21:37,5,17.46567917596072
2024-01-01 01:22:46,5,19.819633220440636
2024-01-01 01:23:41,5,20.528597240531017
2024-01-01 01:25:33,5,18.411451699185612
2024-01-01 01:26:27,5,13.051728926200294
2024-01-01 01:27:59,5,15.890306377455246
2024-01-01 01:29:55,5,28.510673471322526
2024-01-01 01:30:25,5,19.564023499941623
2024-01-01 01:31:09,5,17.487584320904276
2024-01-01 01:33:01,5,21.019214836875655
2024-01-01 01:34:15,5,20.698567895703352
2024-01-01 01:36:02,5,13.53763457418084
2024-01-01 01:37:18,5,18.656899174591825
2024-01-01 01:38:56,5,18.675278523918454
2024-01-01 01:39:27,5,22.696815320357864
2024-01-01 01:39:50,5,12.544467169515732
2024-01-01 01:40:18,5,25.323063418232103
2024-01-01 01:41:17,5,13.909328891811626
2024-01-01 01:42:19,5,7.833504444799367
2024-01-01 01:44:12,5,16.946062377107147
2024-01-01 01:44:39,5,21.847684572473494
2024-01-01 01:45:04,5,20.972332407766135
2024-01-01 01:46:44,5,11.856366197772104
2024-01-01 01:47:18,5,26.760522230926888
2024-01-01 01:48:56,5,13.042267070953656
2024-01-01 01:49:35,5,16.135207448934374
2024-01-01 01:51:01,5,12.275458711805117
2024-01-01 01:52:21,5,6.522174779241574
2024-01-01 01:53:12,5,17.807820913266376
2024-01-01 01:54:32,5,13.504019519759904
2024-01-01 01:54:46,5,23.521072604098723
2024-01-01 01:55:25,5,35.04025352922997
2024-01-01 01:57:22,5,16.456602140497406
2024-01-01 01:59:15,5,22.673740647706737
2024-01-01 02:00:19,5,19.123161579280374
2024-01-01 02:01:39,5,21.5314502805011
2024-01-01 02:03:05,5,15.707774655892898
2024-01-01 02:03:59,5,19.518462969605984
2024-01-01 02:04:37,5,70.8619726507913
2024-01-01 02:06:19,5,65.57057168290191
2024-01-01 02:06:50,5,47.393173135187624
2024-01-01 02:08:13,5,44.18054120821036
2024-01-01 02:08:46,5,45.470311664925944
2024-01-01 02:09:22,5,60.08523984929255
2024-01-01 02:09:41,5,57.08877642450341
2024-01-01 02:10:44,5,48.37356606171972
2024-01-01 02:11:31,5,53.41563355872766
2024-01-01 02:13:01,5,26.9456869838059
2024-01-01 02:14:48,5,15.740457340463989
2024-01-01 02:16:28,5,25.913095218670257
2024-01-01 02:16:55,5,18.423988169565476
2024-01-01 02:17:17,5,12.82810308918534
2024-01-01 02:18:23,5,13.838582866781966
2024-01-01 02:20:00,5,12.18450407474473
2024-01-01 02:20:25,5,7.6623833990079575
2024-01-01 02:21:50,5,17.253225394847547
2024-01-01 02:22:44,5,23.825617917037725
2024-01-01 02:23:43,5,14.905112157964524
2024-01-01 02:24:27,5,15.725496659474333
2024-01-01 02:25:22,5,20.137759005546783
2024-01-01 02:26:44,5,17.935678090166743
2024-01-01 02:28:07,5,19.627671029409296
2024-01-01 02:29:28,5,20.63279608958648
2024-01-01 02:30:45,5,24.631248492538084
2024-01-01 02:31:30,5,8.261624344459243
2024-01-01 02:31:40,5,19.323863914951957
2024-01-01 02:33:37,5,8.959413397899631
2024-01-01 02:34:04,5,22.858631548802514
2024-01-01 02:35:30,5,16.506673047101508
2024-01-01 02:37:20,5,22.77397399907507
2024-01-01 02:38:01,5,15.878741426939573
2024-01-01 02:39:50,5,20.599414658839738
2024-01-01 02:40:29,5,21.015980365293423
2024-01-01 02:42:06,5,16.139588961315617
2024-01-01 02:43:24,5,15.936935787315846
2024-01-01 02:44:58,5,22.84014803598174
2024-01-01 02:46:38,5,29.694114707641223
2024-01-01 02:47:09,5,17.160664690094436
2024-01-01 02:47:26,5,19.293205846011634
2024-01-01 02:48:14,5,12.307687044228478
2024-01-01 02:48:24,5,8.551511067010498
2024-01-01 02:48:59,5,15.216186617105627
2024-01-01 02:49:49,5,17.41200695562506
2024-01-01 02:51:14,5,20.43755801081416
2024-01-01 02:52:11,5,22.919461988375133
2024-01-01 02:52:48,5,24.18750351268963
2024-01-01 02:54:20,5,16.10472002160593
2024-01-01 02:55:17,5,12.46615351937125
2024-01-01 02:56:26,5,17.484704186004056
2024-01-01 02:56:55,5,10.1623253565148
2024-01-01 02:57:53,5,20.400911483541776
2024-01-01 02:59:10,5,11.370969835690623
2024-01-01 02:59:34,5,21.381158988197335
2024-01-01 03:01:13,5,15.587159956444612
2024-01-01 03:03:00,5,17.160186293367694
2024-01-01 03:04:01,5,36.92280798287358
2024-01-01 03:05:31,5,67.88489083072965
2024-01-01 03:06:59,5,60.23691617040398
2024-01-01 03:07:35,5,45.49183015389309
2024-01-01 03:08:36,5,57.188426938857305
2024-01-01 03:10:04,5,64.54381330418167
2024-01-01 03:11:53,5,60.235404696957445
2024-01-01 03:12:20,5,40.53705200491036
2024-01-01 03:13:59,5,58.199236000022836
2024-01-01 03:14:30,5,65.31158033985801
2024-01-01 03:15:51,5,45.49456188225749
2024-01-01 03:17:12,5,62.34516745718424
2024-01-01 03:18:05,5,49.036993533698606
2024-01-01 03:18:56,5,81.4646338640885
2024-01-01 03:19:18,5,61.38671525260125
2024-01-01 03:20:17,5,54.17422624046513
2024-01-01 03:21:43,5,55.96466024632339
2024-01-01 03:22:17,5,53.47808497812362
2024-01-01 03:23:24,5,66.39241818363288
2024-01-01 03:24:38,5,51.93548199988811
2024-01-01 03:25:09,5,73.983007103623
2024-01-01 03:26:47,5,60.808673594217595
2024-01-01 03:28:22,5,22.409091401003323
2024-01-01 03:28:36,5,18.132144531002464
2024-01-01 03:29:40,5,16.117752268796085
2024-01-01 03:31:27,5,18.366864656673343
2024-01-01 03:32:56,5,16.416460338370428
2024-01-01 03:33:32,5,9.70066074871105
2024-01-01 03:34:56,5,23.822745424533593
2024-01-01 03:36:24,5,16.030707903865782
2024-01-01 03:37:22,5,16.612856458354674
2024-01-01 03:37:43,5,15.779440023108098
2024-01-01 03:38:06,5,20.556488691646635
2024-01-01 03:39:19,5,11.97575577297652
2024-01-01 03:41:00,5,23.237727172929915
2024-01-01 03:42:55,5,15.063261898635625
2024-01-01 03:43:12,5,18.171493370863047
2024-01-01 03:44:23,5,17.930207069468416
2024-01-01 03:45:30,5,20.9094064978802
2024-01-01 03:46:47,5,11.30811732582116
2024-01-01 03:46:58,5,17.307910738300126
2024-01-01 03:47:36,5,13.441010591696614
2024-01-01 03:49:27,5,17.1558390091024
2024-01-01 03:51:21,5,21.128001647789873
2024-01-01 03:53:12,5,15.231767577246039
2024-01-01 03:54:33,5,19.566119955032818
2024-01-01 03:55:13,5,16.17590797160484
2024-01-01 03:56:54,5,14.512472311778572
2024-01-01 03:58:25,5,28.105967997903775
2024-01-01 03:59:19,5,16.918498357682452
2024-01-01 03:59:33,5,14.405555068942602
2024-01-01 04:01:09,5,12.397800149376335
2024-01-01 04:02:14,5,12.538318510244947
2024-01-01 04:03:01,5,18.659088662983596
2024-01-01 04:04:20,5,22.19996083185193
2024-01-01 04:05:17,5,20.72204865428807
2024-01-01 04:05:31,5,17.28416833182234
2024-01-01 04:06:47,5,12.777819015961102
2024-01-01 04:08:13,5,22.093118417452416
2024-01-01 04:10:11,5,7.90640138360401
2024-01-01 04:11:39,5,24.230294624601157
2024-01-01 04:13:11,5,59.99792675478998
2024-01-01 04:14:32,5,53.37894139742583
2024-01-01 04:14:42,5,50.96425811854816
2024-01-01 04:16:38,5,66.4820478465649
2024-01-01 04:18:20,5,71.84383328181538
2024-01-01 04:18:56,5,53.95134768938975
2024-01-01 04:20:08,5,48.52612342913417
2024-01-01 04:21:32,5,20.552199890004967
2024-01-01 04:23:23,5,19.774282701288886
2024-01-01 04:24:34,5,18.952552950619097
2024-01-01 04:24:51,5,13.825033182450532
2024-01-01 04:25:28,5,24.12520321692344
2024-01-01 04:26:07,5,25.671225264611365
2024-01-01 04:26:22,5,18.02941888925187
2024-01-01 04:27:06,5,18.64501379006892
2024-01-01 04:28:47,5,24.741547919850213
2024-01-01 04:30:17,5,19.87632880336336
2024-01-01 04:30:52,5,14.008564164071322
2024-01-01 04:31:55,5,26.274292174939156
2024-01-01 04:32:30,5,26.038086934122234
2024-01-01 04:33:46,5,20.081981293719483
2024-01-01 04:34:12,5,18.00493829579506
2024-01-01 04:35:10,5,17.990542177020913
2024-01-01 04:36:20,5,22.223739993182658
2024-01-01 04:36:40,5,23.151641929206722
2024-01-01 04:38:34,5,9.497444744475347
2024-01-01 04:39:19,5,14.84398368629755
2024-01-01 04:40:17,5,15.600911929843264
2024-01-01 04:41:13,5,18.81766853051411
2024-01-01 04:42:36,5,14.43687826850047
2024-01-01 04:42:52,5,20.317247841522928
2024-01-01 04:44:23,5,12.73866512103001
2024-01-01 04:45:35,5,64.48301310458181
2024-01-01 04:46:34,5,47.49336057178716
2024-01-01 04:46:53,5,60.5557068381158
2024-01-01 04:48:48,5,64.99907067165059
2024-01-01 04:50:28,5,62.44789312234041
2024-01-01 04:51:39,5,67.45821554963504
2024-01-01 04:52:22,5,64.20754565257238
2024-01-01 04:53:52,5,66.2779345718379
2024-01-01 04:54:58,5,68.48657637592977
2024-01-01 04:55:14,5,57.67391300797406
2024-01-01 04:55:49,5,67.86769756375253
2024-01-01 04:56:57,5,50.39935610534444
2024-01-01 04:58:13,5,62.349989987664515
2024-01-01 04:58:54,5,52.86369691514614
2024-01-01 04:59:38,5,45.71216630016583
2024-01-01 05:00:48,5,49.986162906068415
2024-01-01 05:01:41,5,53.938639416275855
2024-01-01 05:03:13,5,55.69169793035983
2024-01-01 05:04:08,5,57.08919273477755
2024-01-01 05:05:33,5,77.59583629909515
2024-01-01 05:07:26,5,50.585755051250075
2024-01-01 05:07:37,5,39.04258636537958
2024-01-01 05:08:55,5,41.63714868161787
2024-01-01 05:09:38,5,67.13427692309031
2024-01-01 05:09:51,5,36.53327879342503
2024-01-01 05:11:08,5,67.84422192409856
2024-01-01 05:12:04,5,18.476952986212588
2024-01-01 05:12:53,5,13.964559701312092
2024-01-01 05:13:31,5,16.332881458587934
2024-01-01 05:14:49,5,11.834093470878372
2024-01-01 05:16:32,5,17.761757838484538
2024-01-01 05:18:17,5,23.883677696579586
2024-01-01 05:18:37,5,21.7616864802478
2024-01-01 05:19:42,5,9.260663163609697
2024-01-01 05:20:43,5,22.825025356763195
2024-01-01 05:22:23,5,60.41231154010801
2024-01-01 05:23:42,5,72.65160901239378
2024-01-01 05:25:11,5,47.04563416267701
2024-01-01 05:27:07,5,56.41638128135651
2024-01-01 05:28:20,5,29.695949114046737
2024-01-01 05:29:07,5,42.57262116790508
2024-01-01 05:29:45,5,44.807523672279665
2024-01-01 05:31:09,5,65.7346275814418
2024-01-01 05:32:26,5,44.919256936190635
2024-01-01 05:32:39,5,65.20507811606949
2024-01-01 05:33:40,5,44.483371843636206
2024-01-01 05:35:05,5,60.735795512685684
2024-01-01 05:36:05,5,63.0642530521997
2024-01-01 05:36:51,5,55.135204525431845
2024-01-01 05:38:08,5,42.46173262930727
2024-01-01 05:40:05,5,51.0336254787087
2024-01-01 05:40:44,5,50.97433134935719
2024-01-01 05:41:00,5,71.28713352972028
2024-01-01 05:42:37,5,35.813238344772586
2024-01-01 05:43:07,5,49.9612455979703
2024-01-01 05:44:56,5,52.663267082750764
2024-01-01 05:45:18,5,65.76178733604915
2024-01-01 05:47:16,5,41.54880668889946
2024-01-01 05:48:22,5,59.962038990307434
2024-01-01 05:48:56,5,29.684168714987543
2024-01-01 05:49:42,5,60.66120946949908
2024-01-01 05:50:21,5,55.31291483610776
2024-01-01 05:50:48,5,48.28132738007125
2024-01-01 05:52:22,5,16.496884075958423
2024-01-01 05:53:31,5,16.52018825745692
2024-01-01 05:54:40,5,20.283214573714208
2024-01-01 05:55:17,5,24.170389152406415
2024-01-01 05:55:35,5,18.6073655608613
2024-01-01 05:56:55,5,15.09238860640648
2024-01-01 05:58:04,5,17.529137302222743
2024-01-01 05:59:51,5,16.38647050065782
2024-01-01 06:01:31,5,9.944461213199858
2024-01-01 06:02:12,5,12.869232415398494
2024-01-01 06:02:53,5,22.676343776220996
2024-01-01 06:04:13,5,15.334313661301199
2024-01-01 06:05:06,5,15.621699547107601
2024-01-01 06:05:17,5,15.6748805744871
2024-01-01 06:06:09,5,21.47859850422538
2024-01-01 06:07:51,5,14.15964822267816
2024-01-01 06:08:49,5,15.302979427804765
2024-01-01 06:10:20,5,9.627099840847725
2024-01-01 06:12:14,5,25.886636485252367
2024-01-01 06:13:28,5,15.472752393222427
2024-01-01 06:14:24,5,29.280254353384876
2024-01-01 06:16:08,5,19.073863592459244
2024-01-01 06:17:44,5,25.272644344886935
2024-01-01 06:18:50,5,6.448169558488651
2024-01-01 06:19:44,5,26.510736617510887
2024-01-01 06:21:36,5,23.801053840535474
2024-01-01 06:22:29,5,55.47453116080648
2024-01-01 06:22:44,5,64.99470201598115
2024-01-01 06:23:02,5,34.381484463214605
2024-01-01 06:23:13,5,67.74108416359591
2024-01-01 06:23:25,5,43.84422117886797
2024-01-01 06:25:08,5,47.64936419497191
2024-01-01 06:26:29,5,53.44289839094528
2024-01-01 06:26:51,5,46.39492169839699
2024-01-01 06:28:44,5,29.291451049668776
2024-01-01 06:29:17,5,51.244717401979436
2024-01-01 06:29:48,5,67.0649261847125
2024-01-01 06:30:44,5,59.13054031786138
2024-01-01 06:31:14,5,71.05198015209525
2024-01-01 06:32:08,5,62.95267212482204
2024-01-01 06:33:01,5,52.30986671151792
2024-01-01 06:33:21,5,48.50351134020401
2024-01-01 06:35:11,5,43.50801065311938
2024-01-01 06:36:14,5,60.179733762901655
2024-01-01 06:36:52,5,54.05791416510506
2024-01-01 06:38:03,5,61.35987141365458
2024-01-01 06:39:23,5,62.71191905329739
2024-01-01 06:41:09,5,25.066864623426035
2024-01-01 06:41:33,5,19.602308107557914
2024-01-01 06:41:46,5,44.26456556476111
2024-01-01 06:42:29,5,42.25820984216999
2024-01-01 06:43:00,5,47.07363256052701
2024-01-01 06:43:23,5,47.2314606049857
2024-01-01 06:44:18,5,66.66262490724948
2024-01-01 06:44:56,5,46.47433981196626
2024-01-01 06:45:17,5,42.07648391032882
2024-01-01 06:46:45,5,63.87575365913387
2024-01-01 06:46:56,5,42.851484465648426
2024-01-01 06:47:06,5,42.76092346059713
2024-01-01 06:48:59,5,45.661413526855235
2024-01-01 06:50:47,5,50.6906484299997
2024-01-01 06:52:21,5,44.075768709012436
2024-01-01 06:54:14,5,64.72405545408508
2024-01-01 06:55:33,5,47.05377490774356
2024-01-01 06:55:56,5,52.964757841284694
2024-01-01 06:57:43,5,66.7473985703351
2024-01-01 06:59:42,5,56.990457679400684
2024-01-01 07:01:07,5,63.702370917335884
2024-01-01 07:02:11,5,40.71150080274984
2024-01-01 07:02:58,5,54.6111836439317
2024-01-01 07:03:57,5,75.49506879287036
2024-01-01 07:04:14,5,58.21143581897637
2024-01-01 07:06:11,5,42.69206599210332
2024-01-01 07:06:25,5,70.42915937085107
2024-01-01 07:07:19,5,64.20101213846144
2024-01-01 07:07:58,5,72.10498376534255
2024-01-01 07:08:59,5,24.326028458239286
2024-01-01 07:09:12,5,25.849466915378457
2024-01-01 07:10:16,5,19.115190124132376
2024-01-01 07:10:26,5,18.344655261542364
2024-01-01 07:10:57,5,61.4334632710122
2024-01-01 07:11:09,5,39.27957112282363
2024-01-01 07:13:08,5,47.38788501848107
2024-01-01 07:14:06,5,42.88506347920038
2024-01-01 07:15:05,5,51.50528762082624
2024-01-01 07:16:26,5,44.448140553688276
2024-01-01 07:16:42,5,71.29461848665075
2024-01-01 07:18:05,5,53.02158726231341
2024-01-01 07:18:33,5,45.772514364356304
2024-01-01 07:19:48,5,54.97692654601525
2024-01-01 07:21:29,5,66.33185414072508
2024-01-01 07:23:00,5,46.72491327475677
2024-01-01 07:24:20,5,65.72186010952898
2024-01-01 07:25:52,5,57.21953078768855
2024-01-01 07:27:02,5,53.43055194722821
2024-01-01 07:27:26,5,56.417765607994895
2024-01-01 07:29:05,5,51.13857976261467
2024-01-01 07:30:27,5,54.457062824780955
2024-01-01 07:32:08,5,22.714682038786293
2024-01-01 07:34:01,5,16.360784794750135
2024-01-01 07:34:31,5,16.35397718335542
2024-01-01 07:36:25,5,11.458904010518147
2024-01-01 07:37:00,5,20.84919187822482
2024-01-01 07:38:05,5,21.106201960661707
2024-01-01 07:39:59,5,14.23621251571447
2024-01-01 07:40:38,5,22.052653813947746
2024-01-01 07:41:07,5,23.62919650864615
2024-01-01 07:42:09,5,14.245161510983845
2024-01-01 07:43:27,5,7.952200306739364
2024-01-01 07:44:42,5,19.479192157475907
2024-01-01 07:45:43,5,25.71564092336772
2024-01-01 07:46:20,5,23.54554256248869
2024-01-01 07:48:16,5,15.989672937209537
2024-01-01 07:48:27,5,25.76513138394646
2024-01-01 07:48:52,5,60.574302874712544
2024-01-01 07:50:41,5,53.210810042131065
2024-01-01 07:51:23,5,44.213392289694475
2024-01-01 07:52:56,5,57.6005451546078
2024-01-01 07:54:29,5,69.28694616473207
2024-01-01 07:55:57,5,21.901794245980494
2024-01-01 07:56:44,5,14.05114372792505
2024-01-01 07:58:06,5,18.61237580524202
2024-01-01 07:58:53,5,20.203312784060238
2024-01-01 08:00:26,5,25.503304247300154
2024-01-01 08:00:39,5,17.01466248694768
2024-01-01 08:02:35,5,13.845970475756335
2024-01-01 08:04:20,5,14.233837616676901
2024-01-01 08:05:51,5,15.796041519940431
2024-01-01 08:06:33,5,18.684348089708926
2024-01-01 08:07:14,5,19.946878999374302
2024-01-01 08:08:41,5,30.555662738450042
2024-01-01 08:09:39,5,17.900342191713776
2024-01-01 08:10:14,5,21.709871014159287
2024-01-01 08:10:52,5,15.393701536751049
2024-01-01 08:11:41,5,16.437525609293694
2024-01-01 08:13:20,5,75.30545723224202
2024-01-01 08:14:07,5,53.04562033719189
2024-01-01 08:15:24,5,64.92938187482554
2024-01-01 08:16:27,5,62.167842812743764
2024-01-01 08:16:41,5,51.27689166152093
2024-01-01 08:17:29,5,73.14785082810596
2024-01-01 08:19:18,5,63.89506392825459
2024-01-01 08:20:00,5,71.00576870205562
2024-01-01 08:21:12,5,15.773631836606
2024-01-01 08:21:57,5,44.10775508126737
2024-01-01 08:23:48,5,54.912104778772225
2024-01-01 08:25:30,5,55.45333517661866
2024-01-01 08:26:07,5,53.8320990876702
2024-01-01 08:27:30,5,49.55303712880288
2024-01-01 08:28:15,5,67.90510997627993
2024-01-01 08:29:22,5,42.60303746682466
2024-01-01 08:30:23,5,68.54934387418359
2024-01-01 08:30:38,5,51.86847681147073
2024-01-01 08:30:52,5,65.87180791074994
2024-01-01 08:31:33,5,68.89775295320786
2024-01-01 08:32:50,5,53.41753627558384
2024-01-01 08:33:22,5,38.95861057792369
2024-01-01 08:34:17,5,51.26395362090432
2024-01-01 08:34:40,5,43.299963135601374
2024-01-01 08:34:51,5,61.779632895993345
2024-01-01 08:36:22,5,37.71842680397445
2024-01-01 08:37:49,5,47.562870022133964
2024-01-01 08:39:15,5,65.71543970170632
2024-01-01 08:39:43,5,70.53915415455506
2024-01-01 08:41:11,5,63.32002239578665
2024-01-01 08:41:33,5,70.83802407132544
2024-01-01 08:42:05,5,65.29856845879165
2024-01-01 08:42:25,5,50.858775575399214
2024-01-01 08:42:59,5,47.80719856871306
2024-01-01 08:44:21,5,47.35611619708738
2024-01-01 08:45:11,5,41.65751954916714
2024-01-01 08:46:48,5,71.55793512754431
2024-01-01 08:47:05,5,43.02288932245488
2024-01-01 08:48:35,5,59.18154043225334
2024-01-01 08:49:20,5,61.81784234549846
2024-01-01 08:50:15,5,73.5008148257636
2024-01-01 08:51:28,5,29.646238515850502
2024-01-01 08:52:27,5,8.744947495408129
2024-01-01 08:53:19,5,18.409306705408778
2024-01-01 08:54:46,5,58.259636053279934
2024-01-01 08:55:54,5,72.91700059654988
2024-01-01 08:57:00,5,49.89106780762313
2024-01-01 08:58:50,5,58.37606222472972
2024-01-01 09:00:44,5,54.65691643427541
2024-01-01 09:02:42,5,53.52902015895515
2024-01-01 09:04:02,5,46.42742018042087
2024-01-01 09:05:49,5,42.61034055195163
2024-01-01 09:07:32,5,47.74528290641898
2024-01-01 09:09:10,5,69.7686333836367
2024-01-01 09:09:58,5,41.18623223767843
2024-01-01 09:11:39,5,58.41784971922737
2024-01-01 09:12:41,5,38.39754767279267
2024-01-01 09:14:22,5,62.89878525756814
2024-01-01 09:14:38,5,49.546191787405036
2024-01-01 09:15:50,5,74.25113123936919
2024-01-01 09:16:08,5,62.88894630784487
2024-01-01 09:16:52,5,20.37494538590194
2024-01-01 09:18:06,5,18.908761539110625
2024-01-01 09:19:48,5,23.377500105653183
2024-01-01 09:20:10,5,18.60775041392577
2024-01-01 09:20:54,5,26.995642542619283
2024-01-01 09:22:10,5,19.00321793436008
2024-01-01 09:23:03,5,45.469759565275396
2024-01-01 09:24:02,5,59.49622504428434
2024-01-01 09:24:12,5,75.02529521894004
2024-01-01 09:25:34,5,63.31833365507465
2024-01-01 09:27:33,5,54.152855093658
2024-01-01 09:27:44,5,36.37750326753509
2024-01-01 09:29:18,5,70.73082207521051
2024-01-01 09:29:57,5,53.1076697149271
2024-01-01 09:31:00,5,54.917676354304895
2024-01-01 09:31:19,5,55.57053836825364
2024-01-01 09:33:17,5,47.88689491195154
2024-01-01 09:34:36,5,54.66755259945137
2024-01-01 09:35:59,5,41.52656780840562
2024-01-01 09:37:58,5,58.707055671155835
2024-01-01 09:38:11,5,55.326069827680904
2024-01-01 09:38:58,5,54.015826962918325
2024-01-01 09:40:13,5,63.47637815069427
2024-01-01 09:42:05,5,45.497612788547684
2024-01-01 09:42:39,5,38.60799334835818
2024-01-01 09:43:57,5,21.44612652210292
2024-01-01 09:44:46,5,25.66266545304638
2024-01-01 09:45:28,5,11.204667515556089
2024-01-01 09:47:19,5,25.401853749928364
2024-01-01 09:47:58,5,16.19676071254107
2024-01-01 09:49:49,5,15.82295514690957
2024-01-01 09:51:27,5,16.964880196569844
2024-01-01 09:51:59,5,12.474087208701867
2024-01-01 09:52:39,5,21.14189190195608
2024-01-01 09:54:11,5,17.909633047120952
2024-01-01 09:54:36,5,12.653339075762887
2024-01-01 09:54:59,5,15.426110071921064
2024-01-01 09:56:49,5,17.020954359990505
2024-01-01 09:58:09,5,16.166562294064825
2024-01-01 09:58:41,5,19.54590538491187
2024-01-01 09:59:03,5,19.39046080281782
2024-01-01 10:00:42,5,16.493136226298052
2024-01-01 10:01:05,5,13.358010942130893
2024-01-01 10:01:43,5,19.650024758350746
2024-01-01 10:01:56,5,53.533216863954536
2024-01-01 10:03:29,5,66.03597635393378
2024-01-01 10:04:17,5,63.80263205600717
2024-01-01 10:06:16,5,54.20432951013863
2024-01-01 10:07:19,5,51.35901280115061
2024-01-01 10:08:33,5,56.01745791722319
2024-01-01 10:10:09,5,42.91648050504401
2024-01-01 10:11:03,5,48.35719025525679
2024-01-01 10:11:29,5,49.78074421147126
2024-01-01 10:13:26,5,48.20508062167831
2024-01-01 10:14:09,5,63.91578456695117
2024-01-01 10:14:20,5,37.400480739278706
2024-01-01 10:16:19,5,65.12875131655528
2024-01-01 10:16:56,5,52.01210726827401
2024-01-01 10:17:40,5,57.07121277070873
2024-01-01 10:17:56,5,56.86047712151212
2024-01-01 10:18:42,5,55.630987858141246
2024-01-01 10:19:32,5,67.28477403663044
2024-01-01 10:21:02,5,55.95119968985593
2024-01-01 10:22:05,5,53.805015418460385
2024-01-01 10:22:16,5,50.275878558916574
2024-01-01 10:24:02,5,20.443932368911995
2024-01-01 10:25:06,5,12.421076443072575
2024-01-01 10:27:02,5,18.123129942783986
2024-01-01 10:28:54,5,21.839544836858067
2024-01-01 10:30:02,5,20.23339814025336
2024-01-01 10:30:39,5,60.242553569382366
2024-01-01 10:31:24,5,69.88129469122316
2024-01-01 10:32:44,5,51.71414092134041
2024-01-01 10:34:15,5,70.88528434696752
2024-01-01 10:34:28,5,47.387242424186546
2024-01-01 10:35:27,5,58.1724778206829
2024-01-01 10:36:15,5,65.66086730214775
2024-01-01 10:37:08,5,61.895122999192715
2024-01-01 10:38:04,5,49.10909741734971
2024-01-01 10:39:27,5,44.66339769408641
2024-01-01 10:40:19,5,40.87416817455939
2024-01-01 10:41:36,5,58.030162924749625
2024-01-01 10:42:54,5,61.70041009129881
2024-01-01 10:44:27,5,60.64961222435811
2024-01-01 10:44:42,5,58.69094313447553
2024-01-01 10:46:31,5,50.79445404040169
2024-01-01 10:48:10,5,50.852477892642426
2024-01-01 10:49:43,5,59.176549558473745
2024-01-01 10:51:13,5,36.867520352442725
2024-01-01 10:52:13,5,64.10727559608846
2024-01-01 10:53:15,5,64.2341526328085
2024-01-01 10:54:00,5,57.11070502531503
2024-01-01 10:54:44,5,65.09853494079043
2024-01-01 10:56:15,5,24.5519115080972
2024-01-01 10:56:45,5,17.5430822133505
2024-01-01 10:58:21,5,19.38356062347229
2024-01-01 10:59:26,5,18.704554391934735
2024-01-01 11:01:05,5,15.896903287719892
2024-01-01 11:03:03,5,19.960589577770936
2024-01-01 11:04:35,5,22.405396631264956
2024-01-01 11:04:49,5,10.405024183713987
2024-01-01 11:06:21,5,12.613055180505317
2024-01-01 11:07:34,5,18.411021681568524
2024-01-01 11:07:52,5,8.289938767336379
2024-01-01 11:08:04,5,19.114319981051466
2024-01-01 11:09:54,5,20.57953115157014
2024-01-01 11:11:00,5,21.47537554030523
2024-01-01 11:12:05,5,18.874086749572776
2024-01-01 11:12:39,5,21.462094217860844
2024-01-01 11:13:29,5,18.787379483698622
2024-01-01 11:13:59,5,15.682695567531148
2024-01-01 11:15:54,5,5.2680890191506045
2024-01-01 11:17:34,5,17.17435592916214
2024-01-01 11:17:51,5,14.763565937834143
2024-01-01 11:18:33,5,10.75822041020848
2024-01-01 11:20:13,5,16.538123234531568
2024-01-01 11:22:05,5,21.084302175400442
2024-01-01 11:23:10,5,23.2792145527506
2024-01-01 11:24:51,5,54.51231379804499
2024-01-01 11:25:33,5,54.80600083440608
2024-01-01 11:25:48,5,51.69795168922707
2024-01-01 11:26:42,5,53.96643485281304
2024-01-01 11:28:23,5,50.39860111546246
2024-01-01 11:28:56,5,61.441181173247344
2024-01-01 11:29:50,5,48.93461703905852
2024-01-01 11:30:29,5,65.8895601946278
2024-01-01 11:31:43,5,51.220235000788556
2024-01-01 11:33:15,5,53.15163122218033
2024-01-01 11:34:58,5,44.039274909087354
2024-01-01 11:36:34,5,53.131861834482216
2024-01-01 11:38:14,5,22.356464537956597
2024-01-01 11:39:17,5,22.04051848120342
2024-01-01 11:40:49,5,15.33264127405495
2024-01-01 11:41:43,5,21.906456977651814
2024-01-01 11:42:10,5,15.315220434661853
2024-01-01 11:42:40,5,16.84586209366166
2024-01-01 11:44:22,5,18.89330416364787
2024-01-01 11:46:07,5,12.464035223973454
2024-01-01 11:47:02,5,16.20904749726482
2024-01-01 11:47:54,5,17.07219335432497
2024-01-01 11:48:41,5,22.478506499256167
2024-01-01 11:49:29,5,15.4680941003506
2024-01-01 11:51:16,5,19.927635634208897
2024-01-01 11:52:47,5,16.64994006274399
2024-01-01 11:54:40,5,24.242937396082517
2024-01-01 11:55:32,5,21.676877774772425
2024-01-01 11:56:53,5,20.52326720267056
2024-01-01 11:57:46,5,18.987976911299995
2024-01-01 11:58:49,5,12.324199351570874
2024-01-01 11:59:23,5,16.44580425862501
2024-01-01 11:59:58,5,19.342857541962665
2024-01-01 12:01:25,5,20.526800904278705
2024-01-01 12:02:54,5,23.615318834587427
2024-01-01 12:03:20,5,20.1157593648978
2024-01-01 12:03:42,5,24.21417001271747
2024-01-01 12:04:48,5,10.931331763697127
2024-01-01 12:06:15,5,16.96970710968736
2024-01-01 12:07:06,5,30.935643096668628
2024-01-01 12:07:32,5,18.605046215994058
2024-01-01 12:08:54,5,19.818363239194912
2024-01-01 12:09:39,5,8.809534735403663
2024-01-01 12:10:45,5,25.02108080837569
2024-01-01 12:11:40,5,26.16792416204529
2024-01-01 12:13:23,5,12.793104557392379
2024-01-01 12:14:26,5,4.6495001048331925
2024-01-01 12:15:45,5,23.49837404697108
2024-01-01 12:17:30,5,21.975158968925175
2024-01-01 12:19:28,5,23.590847074476034
2024-01-01 12:20:37,5,18.368194464701197
2024-01-01 12:22:15,5,14.077790406293769
2024-01-01 12:24:03,5,16.481678628150146
2024-01-01 12:25:10,5,21.011142174744386
2024-01-01 12:25:50,5,20.4968480596901
2024-01-01 12:26:29,5,11.269414852414936
2024-01-01 12:28:20,5,14.931573165617634
2024-01-01 12:29:11,5,12.843089174703064
2024-01-01 12:30:50,5,62.25717630062169
2024-01-01 12:32:44,5,51.185653239648765
2024-01-01 12:33:46,5,52.062009246900026
2024-01-01 12:35:44,5,56.56520467968478
2024-01-01 12:37:42,5,69.49413768996868
2024-01-01 12:39:24,5,53.21780987432144
2024-01-01 12:40:18,5,59.60197165015118
2024-01-01 12:42:09,5,64.8941265698277
2024-01-01 12:44:03,5,60.3169873398986
2024-01-01 12:45:42,5,55.18073473423664
2024-01-01 12:46:52,5,78.58290940866138
2024-01-01 12:48:08,5,54.911985090953216
2024-01-01 12:49:31,5,49.70887332725494
2024-01-01 12:50:11,5,52.822869587825096
2024-01-01 12:50:34,5,50.89977358335607
2024-01-01 12:50:45,5,54.41839303496916
2024-01-01 12:52:33,5,45.3208167997595
2024-01-01 12:54:09,5,38.876423690746265
2024-01-01 12:55:21,5,62.57128139408174
2024-01-01 12:55:58,5,20.500470315676836
2024-01-01 12:57:09,5,57.81143252691561
2024-01-01 12:58:44,5,45.10419596270855
2024-01-01 13:00:24,5,52.73511779970821
2024-01-01 13:02:16,5,44.2339164625697
2024-01-01 13:02:57,5,53.98740311543489
2024-01-01 13:04:16,5,53.38730499402021
2024-01-01 13:05:18,5,55.9657718195084
2024-01-01 13:06:22,5,49.93486603903511
2024-01-01 13:08:13,5,13.222406157903812
2024-01-01 13:09:26,5,16.817397422971318
2024-01-01 13:11:02,5,19.69012748625247
2024-01-01 13:12:02,5,12.060247357121396
2024-01-01 13:12:18,5,64.99175679969761
2024-01-01 13:12:54,5,59.18354463489318
2024-01-01 13:14:09,5,51.20790470073442
2024-01-01 13:15:25,5,53.32164567619569
2024-01-01 13:15:48,5,56.85798625806622
2024-01-01 13:17:33,5,57.613552334962684
2024-01-01 13:17:45,5,67.29670326389756
2024-01-01 13:19:07,5,50.87299758300042
2024-01-01 13:20:32,5,50.50938749976922
2024-01-01 13:21:34,5,46.82621017611453
2024-01-01 13:22:58,5,54.98246345118258
2024-01-01 13:23:51,5,47.51171374299111
2024-01-01 13:24:20,5,63.032321026246784
2024-01-01 13:24:40,5,49.369966116203074
2024-01-01 13:25:36,5,35.2874629089352
2024-01-01 13:26:30,5,51.00328540741674
2024-01-01 13:27:26,5,72.606679093652
2024-01-01 13:29:04,5,55.034276234497455
2024-01-01 13:29:36,5,60.83757588226055
2024-01-01 13:30:32,5,12.394570206194981
2024-01-01 13:32:30,5,21.79976209189688
2024-01-01 13:33:28,5,15.365578324097878
2024-01-01 13:34:20,5,10.650587811255011
2024-01-01 13:35:51,5,17.299193672256333
2024-01-01 13:37:50,5,19.002079561024082
2024-01-01 13:39:48,5,17.629216543589393
2024-01-01 13:41:23,5,18.003174264420075
2024-01-01 13:41:52,5,8.670832004363385
2024-01-01 13:43:00,5,24.09309672415746
2024-01-01 13:43:57,5,26.518503191918946
2024-01-01 13:44:42,5,14.52474608291217
2024-01-01 13:45:43,5,14.463761098683594
2024-01-01 13:47:40,5,17.225358981763222
2024-01-01 13:48:24,5,16.49224978982507
2024-01-01 13:49:52,5,20.595745824702057
2024-01-01 13:50:17,5,17.363741092246322
2024-01-01 13:51:19,5,20.96388181760586
2024-01-01 13:52:43,5,26.041080232044774
2024-01-01 13:54:13,5,14.257328074986535
2024-01-01 13:55:25,5,15.993938626936842
2024-01-01 13:57:04,5,13.700444021293954
2024-01-01 13:58:35,5,23.888023388086363
2024-01-01 13:58:56,5,22.1180219075778
2024-01-01 14:00:00,5,21.908273339803113
2024-01-01 14:00:26,5,13.89688248355218
2024-01-01 14:02:00,5,17.2232797681641
2024-01-01 14:02:18,5,19.97677467841322
2024-01-01 14:04:16,5,22.863926519649603
2024-01-01 14:05:50,5,18.865314745452693
2024-01-01 14:07:07,5,14.629737423421066
2024-01-01 14:08:37,5,22.917256951441736
2024-01-01 14:09:52,5,56.36479823788142
2024-01-01 14:10:12,5,45.512984653368335
2024-01-01 14:10:41,5,38.11098331436271
2024-01-01 14:10:55,5,80.89646348335546
2024-01-01 14:12:42,5,65.4089164391144
2024-01-01 14:12:57,5,63.45271029445867
2024-01-01 14:13:19,5,54.972916731516506
2024-01-01 14:14:49,5,63.21550173180236
2024-01-01 14:16:28,5,36.473396760276465
2024-01-01 14:17:22,5,60.0981790844696
2024-01-01 14:17:34,5,78.90648134335848
2024-01-01 14:18:48,5,32.157906907137324
2024-01-01 14:19:57,5,58.68326998654644
2024-01-01 14:20:43,5,58.17372509704399
2024-01-01 14:22:36,5,66.45777257265148
2024-01-01 14:24:24,5,46.37333642111468
2024-01-01 14:25:21,5,56.09843093133811
2024-01-01 14:25:56,5,67.74165280593297
2024-01-01 14:27:09,5,21.17945199866468
2024-01-01 14:27:53,5,13.466305183481818
2024-01-01 14:28:19,5,19.87341975714578
2024-01-01 14:28:39,5,20.17679063524074
2024-01-01 14:30:02,5,20.751518370045453
2024-01-01 14:31:25,5,20.01319748909006
2024-01-01 14:31:35,5,18.081310173445573
2024-01-01 14:32:33,5,16.550890455658017
2024-01-01 14:32:51,5,20.854457931841527
2024-01-01 14:33:56,5,22.737137861569227
2024-01-01 14:35:14,5,15.368801628164816
2024-01-01 14:36:36,5,36.05675031407834
2024-01-01 14:37:50,5,23.99286835433126
2024-01-01 14:38:05,5,21.72701134801608
2024-01-01 14:39:31,5,23.124919433991074
2024-01-01 14:40:30,5,23.15712843822074
2024-01-01 14:41:59,5,15.986345605431396
2024-01-01 14:43:51,5,18.151737623580118
2024-01-01 14:44:29,5,15.403283132071374
2024-01-01 14:46:19,5,17.8433135503643
2024-01-01 14:47:30,5,17.10368732164762
2024-01-01 14:47:44,5,18.681557935810552
2024-01-01 14:49:25,5,25.085535454475483
2024-01-01 14:49:56,5,14.99647932349654
2024-01-01 14:50:51,5,16.094686234194914
2024-01-01 14:51:52,5,16.407982129729536
2024-01-01 14:53:26,5,21.636396879685798
2024-01-01 14:54:12,5,13.225915552861302
2024-01-01 14:54:36,5,16.36492398368587
2024-01-01 14:54:48,5,15.286717154096964
2024-01-01 14:56:02,5,21.62502041870905
2024-01-01 14:57:11,5,20.14957820211552
2024-01-01 14:58:24,5,11.068978370791816
2024-01-01 14:59:03,5,25.117657643275756
2024-01-01 14:59:26,5,20.448292192947847
2024-01-01 15:00:43,5,8.451011651705366
2024-01-01 15:02:30,5,13.990312624681426
2024-01-01 15:02:44,5,22.23459446093914
2024-01-01 15:04:16,5,16.4504299237654
2024-01-01 15:05:29,5,14.533350476990591
2024-01-01 15:06:53,5,6.77909228915939
2024-01-01 15:07:27,5,15.539535181839017
2024-01-01 15:09:13,5,18.12120886257774
2024-01-01 15:10:20,5,26.782466408376596
2024-01-01 15:11:58,5,20.43933416848005
2024-01-01 15:13:44,5,19.45364374481869
2024-01-01 15:14:08,5,15.481097755276048
2024-01-01 15:15:19,5,23.29052808998018
2024-01-01 15:16:21,5,19.774200777851487
2024-01-01 15:17:46,5,11.934060816056803
2024-01-01 15:18:05,5,27.286420940638877
2024-01-01 15:18:35,5,18.294913607786878
2024-01-01 15:19:47,5,16.822855741806002
2024-01-01 15:20:05,5,16.096546554487947
2024-01-01 15:21:27,5,18.128524410139537
2024-01-01 15:22:46,5,17.039573820784764
2024-01-01 15:24:28,5,20.259401207574413
2024-01-01 15:24:58,5,22.92925889500753
2024-01-01 15:26:57,5,10.935412002925638
2024-01-01 15:28:25,5,11.04053634952318
2024-01-01 15:28:42,5,15.610530829916014
2024-01-01 15:30:30,5,27.16912364499987
2024-01-01 15:31:13,5,20.497503984844517
2024-01-01 15:31:50,5,17.138496419469814
2024-01-01 15:32:04,5,24.125166808896207
2024-01-01 15:33:12,5,15.475108824963506
2024-01-01 15:34:24,5,12.405767409343131
2024-01-01 15:35:12,5,25.000900237840952
2024-01-01 15:36:04,5,16.513009127431733
2024-01-01 15:36:18,5,17.127332044634183
2024-01-01 15:36:31,5,20.05465622214464
2024-01-01 15:37:59,5,14.818923008242228
2024-01-01 15:38:46,5,8.657068789861011
2024-01-01 15:39:34,5,12.164463113079169
2024-01-01 15:41:23,5,21.34093799868451
2024-01-01 15:42:40,5,14.666101010643443
2024-01-01 15:43:44,5,10.824549360761079
2024-01-01 15:44:58,5,14.068512973125708
2024-01-01 15:45:54,5,18.126228145408163
2024-01-01 15:46:06,5,15.528964755699725
2024-01-01 15:46:33,5,22.7900759186635
2024-01-01 15:47:25,5,12.660147861007786
2024-01-01 15:48:18,5,11.906337924771396
2024-01-01 15:49:46,5,10.670316871880669
2024-01-01 15:50:22,5,15.286105102562907
2024-01-01 15:51:45,5,12.512752117867912
2024-01-01 15:52:50,5,24.487723189824326
2024-01-01 15:54:46,5,11.344597855253234
2024-01-01 15:56:24,5,25.587804772610642
2024-01-01 15:57:12,5,17.136613314853353
2024-01-01 15:58:11,5,21.42102203565333
2024-01-01 15:58:24,5,14.070422185952458
2024-01-01 16:00:22,5,12.300343640320522
2024-01-01 16:01:42,5,12.09252872214391
2024-01-01 16:02:14,5,12.466589875874709
2024-01-01 16:02:55,5,20.2880059438614
2024-01-01 16:04:10,5,11.99878340587377
2024-01-01 16:04:44,5,13.789605226956034
2024-01-01 16:05:17,5,13.151928539911165
2024-01-01 16:06:45,5,18.6380960904807
2024-01-01 16:07:02,5,28.296709533522684
2024-01-01 16:07:26,5,16.14121966244636
2024-01-01 16:08:17,5,23.491900702545053
2024-01-01 16:09:35,5,24.279167841187284
2024-01-01 16:10:48,5,19.778054747617713
2024-01-01 16:11:55,5,14.880428990775435
2024-01-01 16:13:14,5,13.88998739942546
2024-01-01 16:13:26,5,12.07901101681701
2024-01-01 16:13:57,5,66.94406323420924
2024-01-01 16:15:44,5,71.0470015153923
2024-01-01 16:17:09,5,56.98573671793403
2024-01-01 16:17:21,5,50.54120663773172
2024-01-01 16:18:04,5,51.320618730597005
2024-01-01 16:18:35,5,55.86885139877812
2024-01-01 16:18:58,5,66.2583217901175
2024-01-01 16:20:41,5,57.58710160558127
2024-01-01 16:21:29,5,51.99346068676278
2024-01-01 16:22:19,5,54.16089101215997
2024-01-01 16:22:58,5,54.697872732157165
2024-01-01 16:24:44,5,77.39185565056697
2024-01-01 16:25:50,5,53.660261753487134
2024-01-01 16:26:42,5,43.23618145484487
2024-01-01 16:28:32,5,48.45779738672241
2024-01-01 16:28:43,5,45.062093886624545
2024-01-01 16:29:46,5,68.95361071783296
2024-01-01 16:31:13,5,57.77842809471848
2024-01-01 16:32:40,5,78.44419387763796
2024-01-01 16:33:42,5,55.15482514549813
2024-01-01 16:35:25,5,68.00742004345744
2024-01-01 16:37:23,5,58.62296803646554
2024-01-01 16:38:54,5,51.17304858917196
2024-01-01 16:40:38,5,57.58469563272636
2024-01-01 16:41:25,5,47.925599197774524
2024-01-01 16:41:37,5,70.16744797533818
2024-01-01 16:42:55,5,61.57912631592761
2024-01-01 16:44:03,5,25.815990766285182
2024-01-01 16:45:57,5,19.844427507750908
2024-01-01 16:47:52,5,22.619871670837977
2024-01-01 16:48:30,5,20.72805331690414
2024-01-01 16:49:06,5,15.363807138418077
2024-01-01 16:49:38,5,19.282016365771838
2024-01-01 16:51:33,5,9.974147787792337
2024-01-01 16:52:25,5,13.440300265941678
2024-01-01 16:53:07,5,17.889473534463068
2024-01-01 16:53:21,5,16.04016790161322
2024-01-01 16:54:27,5,20.09213343737448
2024-01-01 16:56:06,5,20.69588595357096
2024-01-01 16:57:24,5,16.50518866891405
2024-01-01 16:59:10,5,16.544387316463183
2024-01-01 16:59:54,5,18.892496004259034
2024-01-01 17:00:48,5,19.671177436384085
2024-01-01 17:02:07,5,24.433275702739238
2024-01-01 17:03:02,5,12.404190828467762
2024-01-01 17:04:12,5,24.74736552630812
2024-01-01 17:05:15,5,13.21766428130195
2024-01-01 17:06:30,5,51.45677659750901
2024-01-01 17:07:56,5,77.09628652190862
2024-01-01 17:09:34,5,56.91122859751604
2024-01-01 17:09:55,5,57.52188658292433
2024-01-01 17:10:09,5,49.64653930041844
2024-01-01 17:11:36,5,61.910714744381146
2024-01-01 17:12:56,5,55.165764381883115
2024-01-01 17:13:46,5,56.196230207951196
2024-01-01 17:14:28,5,51.215726242651286
2024-01-01 17:15:41,5,50.749135637302146
2024-01-01 17:17:26,5,53.389806477435165
2024-01-01 17:18:37,5,45.42544562006058
2024-01-01 17:18:48,5,47.08019141601406
2024-01-01 17:19:36,5,71.70393105107865
2024-01-01 17:20:51,5,50.130282349599106
2024-01-01 17:21:13,5,49.876514195767086
2024-01-01 17:22:55,5,50.52483819523043
2024-01-01 17:23:47,5,44.39610182615212
2024-01-01 17:24:04,5,49.135720283863165
2024-01-01 17:24:41,5,64.26187064895618
2024-01-01 17:26:27,5,49.47841989450629
2024-01-01 17:27:02,5,67.98288803426287
2024-01-01 17:27:43,5,43.50740418075678
2024-01-01 17:28:14,5,69.98311991006317
2024-01-01 17:28:26,5,54.596684564021736
2024-01-01 17:29:14,5,54.68445000049337
2024-01-01 17:30:39,5,67.0336198355819
2024-01-01 17:32:13,5,36.0301268950098
2024-01-01 17:33:49,5,10.760493451958656
2024-01-01 17:35:26,5,8.844482982874432
2024-01-01 17:37:17,5,61.26244266063318
2024-01-01 17:38:32,5,45.0528272596408
2024-01-01 17:40:03,5,58.011729428874865
2024-01-01 17:41:06,5,54.43054185361608
2024-01-01 17:42:34,5,36.765072649504134
2024-01-01 17:44:22,5,42.495714549594055
2024-01-01 17:45:23,5,52.533171343549704
2024-01-01 17:45:50,5,36.8744085718173
2024-01-01 17:46:54,5,66.53768539088567
2024-01-01 17:47:52,5,55.68651457074284
2024-01-01 17:48:09,5,55.632770199101316
2024-01-01 17:50:03,5,53.94620255522843
2024-01-01 17:51:25,5,58.6926553465619
2024-01-01 17:51:46,5,43.14403992225541
2024-01-01 17:52:37,5,50.37902331011299
2024-01-01 17:53:17,5,53.94470641268076
2024-01-01 17:54:43,5,45.75444780530684
2024-01-01 17:55:32,5,64.34328746725997
2024-01-01 17:56:54,5,54.68520718290667
2024-01-01 17:57:33,5,54.07509948486938
2024-01-01 17:57:44,5,40.37282664572701
2024-01-01 17:59:21,5,55.863330187871625
2024-01-01 18:01:12,5,61.79016076043826
2024-01-01 18:01:53,5,9.507537091558937
2024-01-01 18:02:29,5,20.75276473957681
2024-01-01 18:03:13,5,11.946644695579494
2024-01-01 18:04:17,5,57.88131904611463
2024-01-01 18:05:30,5,68.27450179720941
2024-01-01 18:06:09,5,59.01282416177205
2024-01-01 18:07:50,5,56.36973089598668
2024-01-01 18:09:35,5,61.82716080929142
2024-01-01 18:11:26,5,62.75360502220585
2024-01-01 18:13:21,5,51.859895788596454
2024-01-01 18:13:40,5,62.32325242762986
2024-01-01 18:15:15,5,56.590245413889974
2024-01-01 18:16:13,5,59.76274672377931
2024-01-01 18:18:12,5,60.514796621906505
2024-01-01 18:18:38,5,53.849886744754926
2024-01-01 18:20:22,5,56.757536516880855
2024-01-01 18:21:55,5,42.0654947727013
2024-01-01 18:22:53,5,17.15254014596398
2024-01-01 18:24:10,5,24.424018499356237
2024-01-01 18:25:41,5,15.498920682031214
2024-01-01 18:26:42,5,11.635033338843641
2024-01-01 18:26:56,5,19.517718235014655
2024-01-01 18:27:31,5,15.592278710694753
2024-01-01 18:28:30,5,16.279054740851137
2024-01-01 18:29:23,5,7.372732010279286
2024-01-01 18:31:00,5,15.610967628998933
2024-01-01 18:31:54,5,12.371196300399678
2024-01-01 18:33:13,5,16.21306167668384
2024-01-01 18:34:07,5,21.222663436565234
2024-01-01 18:35:17,5,14.664706379971523
2024-01-01 18:36:28,5,8.224684786392466
2024-01-01 18:37:56,5,14.109955438167233
2024-01-01 18:39:36,5,12.303441639662248
2024-01-01 18:39:52,5,17.557697770738198
2024-01-01 18:41:06,5,25.732235078574632
2024-01-01 18:42:28,5,24.490969558483055
2024-01-01 18:43:51,5,26.09053391523844
2024-01-01 18:45:11,5,71.14729303006885
2024-01-01 18:46:55,5,48.190331640870205
2024-01-01 18:47:45,5,50.54144201166846
2024-01-01 18:48:55,5,50.8373973645035
2024-01-01 18:49:32,5,53.44627011782001
2024-01-01 18:50:37,5,38.98144706115224
2024-01-01 18:52:24,5,71.3447189830733
2024-01-01 18:54:15,5,60.945400074189486
2024-01-01 18:55:06,5,66.8031831698611
2024-01-01 18:56:14,5,58.74313089546498
2024-01-01 18:57:12,5,45.05917005501429
2024-01-01 18:58:44,5,66.84156479322327
2024-01-01 18:59:15,5,54.480226225759594
2024-01-01 18:59:58,5,51.70930606345805
2024-01-01 19:00:34,5,55.488311248084095
2024-01-01 19:01:10,5,45.66578733289733
2024-01-01 19:02:15,5,35.63550244809805
2024-01-01 19:03:47,5,56.066819051782865
2024-01-01 19:05:38,5,47.32066853402952
2024-01-01 19:07:22,5,18.221607593333932
2024-01-01 19:07:41,5,11.05578315885266
2024-01-01 19:09:13,5,22.37607487581693
2024-01-01 19:09:26,5,20.382920734916965
2024-01-01 19:10:47,5,22.536714730305086
2024-01-01 19:11:05,5,9.352281013166186
2024-01-01 19:12:13,5,19.685076893006865
2024-01-01 19:14:05,5,32.05137304469433
2024-01-01 19:14:22,5,62.07906117660145
2024-01-01 19:15:36,5,55.218426304322286
2024-01-01 19:17:34,5,53.44534101386553
2024-01-01 19:19:13,5,65.49644540199048
2024-01-01 19:19:33,5,45.60505555725901
2024-01-01 19:20:16,5,47.7529740646965
2024-01-01 19:20:51,5,59.43099135018467
2024-01-01 19:22:16,5,7.94986188627559
2024-01-01 19:22:30,5,24.350430738400476
2024-01-01 19:23:29,5,13.888509438803226
2024-01-01 19:24:52,5,27.202836875690547
2024-01-01 19:26:03,5,11.174727784647915
2024-01-01 19:26:34,5,27.73628369332141
2024-01-01 19:27:44,5,7.463508526314703
2024-01-01 19:28:57,5,18.64042944104982
2024-01-01 19:29:43,5,11.820389132454036
2024-01-01 19:30:09,5,16.21772106722049
2024-01-01 19:32:06,5,8.769053127714638
2024-01-01 19:33:49,5,37.6565066601118
2024-01-01 19:34:38,5,46.49520615177003
2024-01-01 19:36:12,5,63.61148542464795
2024-01-01 19:36:26,5,61.95672327287113
2024-01-01 19:36:52,5,46.39403250823897
2024-01-01 19:38:42,5,67.43081498522375
2024-01-01 19:39:38,5,62.132552061063905
2024-01-01 19:40:27,5,45.79708349335864
2024-01-01 19:41:16,5,62.88879581124212
2024-01-01 19:41:26,5,69.16540350993144
2024-01-01 19:43:06,5,54.97321912441868
2024-01-01 19:44:02,5,62.76995486597754
2024-01-01 19:44:12,5,49.79720339743124
2024-01-01 19:44:35,5,59.839801619661905
2024-01-01 19:45:29,5,56.24158603847216
2024-01-01 19:46:39,5,53.23441946783735
2024-01-01 19:47:40,5,50.70406875241695
2024-01-01 19:48:57,5,21.66953940932312
2024-01-01 19:50:38,5,12.269540197734523
2024-01-01 19:51:05,5,17.854750237426682
2024-01-01 19:51:29,5,17.193565831628995
2024-01-01 19:52:16,5,15.94396594714592
2024-01-01 19:52:46,5,11.3894102927813
2024-01-01 19:53:57,5,13.767555349875611
2024-01-01 19:54:25,5,18.963586717448667
2024-01-01 19:55:13,5,8.605715431284253
2024-01-01 19:55:49,5,56.769592497398335
2024-01-01 19:56:42,5,51.70768166843028
2024-01-01 19:57:56,5,65.51751699959377
2024-01-01 19:59:25,5,62.62510580763997
2024-01-01 20:00:48,5,49.20659430424185
2024-01-01 20:02:01,5,17.78978116017845
2024-01-01 20:02:11,5,17.91376855844502
2024-01-01 20:02:35,5,16.929711146839914
2024-01-01 20:04:13,5,12.518522051568745
2024-01-01 20:05:20,5,12.798408511273374
2024-01-01 20:05:43,5,47.087585226026235
2024-01-01 20:06:58,5,50.054729155477204
2024-01-01 20:08:07,5,47.12790312214936
2024-01-01 20:10:00,5,34.50768280465472
2024-01-01 20:11:19,5,76.31828467799029
2024-01-01 20:12:28,5,53.609336051022765
2024-01-01 20:13:51,5,24.586366031738727
2024-01-01 20:14:55,5,17.34185906489386
2024-01-01 20:16:11,5,50.397277780156244
2024-01-01 20:16:30,5,59.866359561448114
2024-01-01 20:18:10,5,43.383526143628586
2024-01-01 20:19:31,5,54.03985914823471
2024-01-01 20:21:20,5,60.270832650891975
2024-01-01 20:23:11,5,52.076290092332385
2024-01-01 20:24:34,5,60.27293387379536
2024-01-01 20:24:54,5,53.99830383083836
2024-01-01 20:25:24,5,44.902168364138866
2024-01-01 20:26:10,5,53.300904165686724
2024-01-01 20:27:12,5,35.15167773520176
2024-01-01 20:27:49,5,67.84552589646792
2024-01-01 20:29:11,5,55.00534161242822
2024-01-01 20:30:53,5,68.60839100480106
2024-01-01 20:31:30,5,59.01774953769765
2024-01-01 20:31:49,5,60.2694621903432
2024-01-01 20:33:20,5,43.512713717907
2024-01-01 20:33:35,5,43.34058415472359
2024-01-01 20:34:12,5,70.22561697058441
2024-01-01 20:36:06,5,54.60613635078826
2024-01-01 20:36:51,5,67.62991338062696
2024-01-01 20:37:02,5,45.35822623959825
2024-01-01 20:37:38,5,16.30421333275043
2024-01-01 20:38:02,5,18.361032695688028
2024-01-01 20:38:59,5,22.968349206381436
2024-01-01 20:39:52,5,14.656229407392425
2024-01-01 20:41:46,5,10.969287790085495
2024-01-01 20:43:08,5,15.531233040692173
2024-01-01 20:44:15,5,22.878694723877203
2024-01-01 20:44:35,5,16.096512871916882
2024-01-01 20:45:40,5,17.637974263410513
2024-01-01 20:46:48,5,65.35599066921606
2024-01-01 20:48:30,5,70.6446490286277
2024-01-01 20:49:55,5,61.507221140974714
2024-01-01 20:51:41,5,59.149359101739904
2024-01-01 20:52:59,5,47.825806503985724
2024-01-01 20:54:55,5,62.37028972055683
2024-01-01 20:55:25,5,60.92121135556694
2024-01-01 20:57:20,5,76.31640191606701
2024-01-01 20:59:12,5,13.631085564458381
2024-01-01 21:00:26,5,16.11469591408978
2024-01-01 21:00:40,5,16.761811225878404
2024-01-01 21:02:18,5,16.959344587277478
2024-01-01 21:02:42,5,13.916295669385441
2024-01-01 21:04:08,5,9.852303500173914
2024-01-01 21:04:42,5,19.112679205697447
2024-01-01 21:05:13,5,21.29413622396601
2024-01-01 21:05:46,5,18.82319265724869
2024-01-01 21:07:19,5,20.370209782808292
2024-01-01 21:07:55,5,8.904061384786251
2024-01-01 21:08:11,5,18.436731133209367
2024-01-01 21:09:36,5,24.959075818538643
2024-01-01 21:10:08,5,20.1231203509277
2024-01-01 21:11:10,5,17.520849039602528
2024-01-01 21:11:54,5,8.028406003995201
2024-01-01 21:12:12,5,15.724726839997928
2024-01-01 21:13:12,5,19.717246829835734
2024-01-01 21:13:45,5,22.73026785065727
2024-01-01 21:14:39,5,24.039790879774092
2024-01-01 21:15:38,5,15.201471942538461
2024-01-01 21:16:35,5,16.915104712173907
2024-01-01 21:17:15,5,18.879986260636976
2024-01-01 21:18:47,5,18.100006610754622
2024-01-01 21:20:19,5,9.223900127995229
2024-01-01 21:21:40,5,20.703056019809765
2024-01-01 21:22:37,5,19.179843702643602
2024-01-01 21:23:44,5,17.253580301898833
2024-01-01 21:24:45,5,19.788178015628873
2024-01-01 21:25:42,5,22.376446303106704
2024-01-01 21:27:05,5,8.688886650505742
2024-01-01 21:28:22,5,19.126052426283636
2024-01-01 21:29:56,5,23.457806365078294
2024-01-01 21:31:17,5,15.104622464320602
2024-01-01 21:32:22,5,25.562278629236072
2024-01-01 21:33:32,5,14.133619574444012
2024-01-01 21:34:31,5,18.89233783728531
2024-01-01 21:35:20,5,22.738981394164515
2024-01-01 21:37:03,5,15.709347327908965
2024-01-01 21:37:57,5,13.401552278896508
2024-01-01 21:38:48,5,12.679333684472606
2024-01-01 21:39:38,5,11.410647194537423
2024-01-01 21:40:44,5,19.45672230557078
2024-01-01 21:42:28,5,12.255534659699052
2024-01-01 21:44:13,5,9.895199752731799
2024-01-01 21:45:07,5,23.108254175288387
2024-01-01 21:47:06,5,16.139995297424505
2024-01-01 21:47:29,5,10.899230989532136
2024-01-01 21:49:10,5,26.800218825674285
2024-01-01 21:49:36,5,18.32584170541601
2024-01-01 21:50:18,5,17.295182323437494
2024-01-01 21:51:52,5,11.497547980498906
2024-01-01 21:52:05,5,15.65740035369974
2024-01-01 21:52:18,5,14.031477102488807
2024-01-01 21:52:35,5,30.382031156926317
2024-01-01 21:53:25,5,12.115593397842222
2024-01-01 21:54:00,5,14.143113868301953
2024-01-01 21:55:37,5,19.60492984635708
2024-01-01 21:56:55,5,12.404768108755789
2024-01-01 21:58:50,5,19.44934646771282
2024-01-01 22:00:15,5,15.93603077823854
2024-01-01 22:01:50,5,16.51062938356918
2024-01-01 22:02:57,5,17.892189410556497
2024-01-01 22:03:12,5,25.196011321597144
2024-01-01 22:04:07,5,15.384281267792367
2024-01-01 22:05:19,5,14.144818429294887
2024-01-01 22:06:28,5,28.33863569650498
2024-01-01 22:07:01,5,18.98084499233107
2024-01-01 22:07:43,5,18.557571121269405
2024-01-01 22:07:53,5,12.9549488445757
2024-01-01 22:09:07,5,23.742715075116017
2024-01-01 22:10:36,5,14.116824200290035
2024-01-01 22:12:33,5,18.070168669409256
2024-01-01 22:13:34,5,14.502086517513415
2024-01-01 22:14:20,5,6.584821888523869
2024-01-01 22:15:55,5,16.56889076070137
2024-01-01 22:17:30,5,19.306828710567867
2024-01-01 22:18:16,5,23.38936538282401
2024-01-01 22:18:30,5,21.15100105259789
2024-01-01 22:20:17,5,15.158530675097118
2024-01-01 22:22:06,5,18.707500685961374
2024-01-01 22:22:20,5,14.734024286644349
2024-01-01 22:22:56,5,19.79273856939614
2024-01-01 22:24:45,5,55.34661432057185
2024-01-01 22:25:17,5,53.20125112330736
2024-01-01 22:26:43,5,39.82843791299992
2024-01-01 22:27:41,5,48.153295548517036
2024-01-01 22:29:06,5,44.667043693399734
2024-01-01 22:29:55,5,48.68135395185328
2024-01-01 22:31:36,5,63.44439948252887
2024-01-01 22:32:53,5,51.91606598865648
2024-01-01 22:33:24,5,66.85385844182932
2024-01-01 22:34:36,5,61.827698796224595
2024-01-01 22:35:10,5,42.80441898824335
2024-01-01 22:36:09,5,72.14830168925766
2024-01-01 22:36:55,5,67.73012998900705
2024-01-01 22:37:26,5,65.43674365651492
2024-01-01 22:37:57,5,52.20456553752506
2024-01-01 22:38:59,5,44.70407139743541
2024-01-01 22:40:32,5,67.22726010085263
2024-01-01 22:42:09,5,41.91156157997001
2024-01-01 22:43:30,5,54.49082269660782
2024-01-01 22:44:32,5,60.397365045821275
2024-01-01 22:46:05,5,12.12128517715301
2024-01-01 22:47:27,5,21.936875691119965
2024-01-01 22:49:11,5,14.115043941532278
2024-01-01 22:50:46,5,14.893082766261323
2024-01-01 22:52:15,5,22.245771520401032
2024-01-01 22:53:34,5,14.076377045059598
2024-01-01 22:53:55,5,24.925560007916403
2024-01-01 22:55:35,5,25.836618463492385
2024-01-01 22:56:12,5,16.576486047348546
2024-01-01 22:57:35,5,20.495593240636182
2024-01-01 22:58:29,5,21.367265541579737
2024-01-01 23:00:10,5,22.7513964174414
2024-01-01 23:02:02,5,19.610236021628467
2024-01-01 23:02:35,5,23.892642680043537
2024-01-01 23:03:59,5,16.743439148797542
2024-01-01 23:04:09,5,28.83508536242293
2024-01-01 23:04:34,5,22.954078887453527
2024-01-01 23:06:33,5,20.384855522432566
2024-01-01 23:06:44,5,15.767351836205862
2024-01-01 23:08:22,5,12.660163606915367
2024-01-01 23:08:47,5,8.48492797982452
2024-01-01 23:10:16,5,15.65368927462771
2024-01-01 23:10:56,5,20.335277827379027
2024-01-01 23:11:07,5,17.94432678821405
2024-01-01 23:11:59,5,17.819708133412174
2024-01-01 23:12:48,5,23.29014456572178
2024-01-01 23:13:41,5,20.855274171698625
2024-01-01 23:14:04,5,15.375625917705673
2024-01-01 23:14:25,5,13.126416467020972
2024-01-01 23:16:19,5,9.510853596885976
2024-01-01 23:17:47,5,18.744979459127094
2024-01-01 23:19:04,5,27.038788050599994
2024-01-01 23:20:04,5,21.29112190671502
2024-01-01 23:20:37,5,16.406473777848706
2024-01-01 23:21:06,5,16.001101936922954
2024-01-01 23:21:42,5,21.448395287561127
2024-01-01 23:23:31,5,18.424857990406434
2024-01-01 23:25:27,5,26.70607903599057
2024-01-01 23:25:56,5,16.44623025940516
2024-01-01 23:26:48,5,15.346262664755923
2024-01-01 23:27:33,5,19.15373457148401
2024-01-01 23:27:51,5,17.0619542767786
2024-01-01 23:29:37,5,12.915527428811995
2024-01-01 23:31:17,5,21.4728403029449
2024-01-01 23:31:58,5,15.681758513847676
2024-01-01 23:32:39,5,48.92632381876625
2024-01-01 23:33:14,5,43.25772070217637
2024-01-01 23:34:57,5,55.39578284986978
2024-01-01 23:35:37,5,51.692494064717565
2024-01-01 23:36:49,5,56.007032140339774
2024-01-01 23:37:34,5,31.961550305119783
2024-01-01 23:38:23,5,56.74263784921265
2024-01-01 23:39:06,5,54.65891334431906
2024-01-01 23:40:41,5,67.285397903569
2024-01-01 23:41:32,5,36.47253470769752
2024-01-01 23:42:05,5,70.70885872178428
2024-01-01 23:43:31,5,84.15063434862583
2024-01-01 23:45:15,5,49.090755566098856
2024-01-01 23:47:09,5,52.304941691411514
2024-01-01 23:48:43,5,10.66858592837914
2024-01-01 23:50:17,5,28.641832209735398
2024-01-01 23:50:37,5,16.284428663809344
2024-01-01 23:51:36,5,61.987023932035676
2024-01-01 23:53:28,5,52.14576479044784
2024-01-01 23:54:24,5,49.810429173565225
2024-01-01 23:54:41,5,63.90451661362562
2024-01-01 23:56:34,5,64.47363124946571
2024-01-01 23:57:28,5,48.64759002216547
2024-01-01 23:57:58,5,41.96525134320025
2024-01-01 23:59:17,5,17.472594200487872
2024-01-02 00:00:24,5,20.650980305523905
2024-01-02 00:01:54,5,22.20901553393361
2024-01-02 00:02:28,5,13.11044424805031
2024-01-02 00:04:18,5,17.24678387312846
2024-01-02 00:05:44,5,19.913071749194337
2024-01-02 00:06:05,5,16.39541379134369
2024-01-02 00:07:08,5,15.105798399589604
2024-01-02 00:08:50,5,15.530684195539557
2024-01-02 00:09:16,5,14.477945363132928
2024-01-02 00:10:32,5,20.037993823903232
2024-01-02 00:11:39,5,18.3125844876802
2024-01-02 00:12:35,5,16.823968057732245
2024-01-02 00:13:17,5,21.833556412163148
2024-01-02 00:13:55,5,21.734980191776735
2024-01-02 00:14:25,5,16.93844276009792
2024-01-02 00:16:17,5,21.76780012530866
2024-01-02 00:17:09,5,27.516565407121234
2024-01-02 00:17:47,5,14.80968495341935
2024-01-02 00:18:55,5,24.47598088450384
2024-01-02 00:19:43,5,15.341182761707255
2024-01-02 00:19:58,5,26.166269106028018
2024-01-02 00:20:48,5,24.202355440956964
2024-01-02 00:21:51,5,13.313436990499177
2024-01-02 00:22:48,5,26.633239773541913
2024-01-02 00:24:14,5,25.71578871788539
2024-01-02 00:25:37,5,30.063607630158653
2024-01-02 00:26:51,5,23.38116764767885
2024-01-02 00:27:53,5,16.666213308059604
2024-01-02 00:28:41,5,20.015039011909053
2024-01-02 00:30:37,5,17.45948817327807
2024-01-02 00:32:35,5,14.760668803987492
2024-01-02 00:33:49,5,20.92584372104594
2024-01-02 00:34:04,5,17.31387411720732
2024-01-02 00:34:52,5,13.041787599030233
2024-01-02 00:36:29,5,22.550983948792037
2024-01-02 00:37:09,5,26.56972680265276
2024-01-02 00:39:03,5,22.254893445782486
2024-01-02 00:39:22,5,13.22007973612307
2024-01-02 00:40:19,5,15.58357294783345
2024-01-02 00:41:40,5,15.717647870466177
2024-01-02 00:43:00,5,14.258423413222427
2024-01-02 00:44:08,5,10.624367413574317
2024-01-02 00:44:47,5,19.247943158600698
2024-01-02 00:45:44,5,19.519369805348603
2024-01-02 00:47:31,5,20.122340053399743
2024-01-02 00:48:33,5,19.93840990634327
2024-01-02 00:49:31,5,22.105105624783043
2024-01-02 00:50:27,5,5.918439451632269
2024-01-02 00:50:53,5,15.643962208859037
2024-01-02 00:51:26,5,58.92041680682498
2024-01-02 00:53:22,5,59.85907830245425
2024-01-02 00:55:09,5,45.22686011523729
2024-01-02 00:56:36,5,76.41746387950533
2024-01-02 00:58:20,5,69.00646686857405
2024-01-02 00:58:38,5,57.197529551275494
2024-01-02 00:58:53,5,54.95618056646787
2024-01-02 01:00:18,5,70.63083124674692
2024-01-02 01:01:12,5,52.37771862766168
2024-01-02 01:02:24,5,43.67021905308732
2024-01-02 01:03:52,5,47.678829944415234
2024-01-02 01:04:57,5,83.10617924246237
2024-01-02 01:06:00,5,42.54233835886377
2024-01-02 01:07:38,5,55.71777826237693
2024-01-02 01:08:03,5,65.189320177836
2024-01-02 01:09:49,5,44.76896393584884
2024-01-02 01:10:05,5,81.61318651757836
2024-01-02 01:12:04,5,47.60370951531412
2024-01-02 01:12:18,5,48.92701125224793
2024-01-02 01:12:35,5,52.08893422405124
2024-01-02 01:14:05,5,43.61825375848731
2024-01-02 01:15:45,5,62.30853827566904
2024-01-02 01:16:25,5,63.886659810489455
2024-01-02 01:17:55,5,21.340096122884635
2024-01-02 01:18:58,5,23.61294390118759
2024-01-02 01:20:23,5,17.117119842802143
2024-01-02 01:21:33,5,28.355193337874965
2024-01-02 01:21:46,5,23.362103284961957
2024-01-02 01:22:33,5,20.673164537726137
2024-01-02 01:23:33,5,19.891896293726255
2024-01-02 01:24:01,5,18.753429289419305
2024-01-02 01:24:47,5,14.5124171468194
2024-01-02 01:26:05,5,16.509697696429
2024-01-02 01:26:56,5,17.727779545259878
2024-01-02 01:28:45,5,18.87752594639698
2024-01-02 01:28:58,5,23.86343623917255
2024-01-02 01:30:02,5,19.477403099967535
2024-01-02 01:30:14,5,17.64221301781201
2024-01-02 01:31:49,5,21.800115274379813
2024-01-02 01:32:49,5,8.278178288181463
2024-01-02 01:33:41,5,12.255758659166615
2024-01-02 01:35:19,5,20.506683135904314
2024-01-02 01:36:42,5,20.045900819044107
2024-01-02 01:37:03,5,15.16542465238919
2024-01-02 01:37:31,5,7.650758883239449
2024-01-02 01:38:36,5,17.713098952919875
2024-01-02 01:39:13,5,13.62517491659915
2024-01-02 01:39:30,5,21.438833650056136
2024-01-02 01:41:22,5,22.71815408908449
2024-01-02 01:43:03,5,29.05999099767068
2024-01-02 01:44:19,5,21.22225578956691
2024-01-02 01:46:05,5,23.863605899115562
2024-01-02 01:47:36,5,43.24020196232891
2024-01-02 01:49:02,5,48.12476168095033
2024-01-02 01:49:55,5,48.14532426063327
2024-01-02 01:51:20,5,68.32597318877907
2024-01-02 01:52:55,5,57.64918337225861
2024-01-02 01:54:53,5,11.561530930672948
2024-01-02 01:55:26,5,17.027342929023924
2024-01-02 01:56:03,5,24.867940546687116
2024-01-02 01:57:05,5,16.069017020602885
2024-01-02 01:58:44,5,13.26674759420613
2024-01-02 02:00:20,5,12.105386430924959
2024-01-02 02:02:15,5,20.9527606466571
2024-01-02 02:02:27,5,29.006152340344563
2024-01-02 02:03:42,5,22.923290715367777
2024-01-02 02:05:29,5,21.698612432437137
2024-01-02 02:05:43,5,7.10109404017874
2024-01-02 02:06:20,5,17.446223004738876
2024-01-02 02:07:40,5,20.778669923357587
2024-01-02 02:09:02,5,16.651607278907246
2024-01-02 02:09:52,5,10.723023976520604
2024-01-02 02:10:18,5,13.89409175365583
2024-01-02 02:10:31,5,12.493819769884622
2024-01-02 02:11:47,5,20.863400297003466
2024-01-02 02:12:44,5,22.07455269683079
2024-01-02 02:13:18,5,18.912463819654196
2024-01-02 02:13:47,5,18.85679092410622
2024-01-02 02:14:07,5,43.11572791041188
2024-01-02 02:15:28,5,59.7875910592481
2024-01-02 02:16:42,5,46.34789399646266
2024-01-02 02:17:48,5,63.72878949918787
2024-01-02 02:19:03,5,61.055129202358394
2024-01-02 02:20:30,5,53.41583765331782
2024-01-02 02:21:48,5,68.78262205091876
2024-01-02 02:23:46,5,74.67132180141547
2024-01-02 02:24:29,5,55.915460739954035
2024-01-02 02:24:53,5,47.51046968692475
2024-01-02 02:25:57,5,39.41745962770921
2024-01-02 02:26:55,5,49.61635909557986
2024-01-02 02:27:25,5,63.825908260792254
2024-01-02 02:29:09,5,58.31671100858596
2024-01-02 02:29:58,5,54.048501834011695
2024-01-02 02:30:55,5,67.38283210855647
2024-01-02 02:32:43,5,55.414082674733095
2024-01-02 02:34:04,5,62.90470731834924
2024-01-02 02:35:37,5,39.089056998811806
2024-01-02 02:36:00,5,37.32034394187983
2024-01-02 02:36:51,5,54.97264443908887
2024-01-02 02:38:44,5,16.02700266630443
2024-01-02 02:40:23,5,17.574119538644993
2024-01-02 02:41:32,5,13.683936202694593
2024-01-02 02:42:24,5,9.993659367572175
2024-01-02 02:43:25,5,21.26290910444632
2024-01-02 02:44:24,5,9.774129495629897
2024-01-02 02:44:40,5,14.748065850530882
2024-01-02 02:45:54,5,10.08342014234943
2024-01-02 02:46:34,5,16.300355190906878
2024-01-02 02:47:52,5,14.014172466403837
2024-01-02 02:49:32,5,11.352416103770802
2024-01-02 02:51:12,5,28.214724305675155
2024-01-02 02:52:32,5,16.262061885275898
2024-01-02 02:54:18,5,13.611363681566004
2024-01-02 02:54:51,5,6.157827821439842
2024-01-02 02:55:56,5,16.521671939572858
2024-01-02 02:57:01,5,19.917835658535324
2024-01-02 02:57:22,5,15.31934417996839
2024-01-02 02:59:03,5,20.5472448370535
2024-01-02 03:00:23,5,23.11840424581303
2024-01-02 03:00:49,5,12.380586139338977
2024-01-02 03:01:51,5,17.539849832053285
2024-01-02 03:02:16,5,16.924745212936777
2024-01-02 03:02:34,5,17.806914332256426
2024-01-02 03:04:05,5,14.576595537436729
2024-01-02 03:04:41,5,20.657718722521466
2024-01-02 03:06:04,5,7.460957391837701
2024-01-02 03:07:59,5,17.741872879454153
2024-01-02 03:09:16,5,15.8509403858431
2024-01-02 03:10:39,5,18.31673963822556
2024-01-02 03:12:06,5,11.838282038346144
2024-01-02 03:12:28,5,12.026861984019055
2024-01-02 03:12:52,5,18.014115997665485
2024-01-02 03:13:06,5,19.667701529568316
2024-01-02 03:14:01,5,15.382895688784252
2024-01-02 03:15:50,5,17.678789107776606
2024-01-02 03:16:50,5,21.87245611891592
2024-01-02 03:17:18,5,19.424910461498737
2024-01-02 03:18:12,5,18.449442787463767
2024-01-02 03:19:32,5,17.459549140537042
2024-01-02 03:20:02,5,19.048855250482415
2024-01-02 03:21:12,5,16.83615653494948
2024-01-02 03:22:54,5,22.273502174431343
2024-01-02 03:23:17,5,25.93784762886583
2024-01-02 03:24:20,5,21.704638460782355
2024-01-02 03:25:42,5,21.234949724436497
2024-01-02 03:27:41,5,15.924646958561283
2024-01-02 03:28:45,5,15.5369856444884
2024-01-02 03:29:14,5,23.512634782280074
2024-01-02 03:30:15,5,23.862952665486574
2024-01-02 03:31:47,5,20.273997278369016
2024-01-02 03:33:32,5,17.317214453984324
2024-01-02 03:34:58,5,54.76196291904267
2024-01-02 03:35:21,5,47.24902606204617
2024-01-02 03:36:20,5,41.67759454555178
2024-01-02 03:38:00,5,39.453965123044796
2024-01-02 03:38:12,5,58.136676975980826
2024-01-02 03:39:23,5,50.95081309296501
2024-01-02 03:40:42,5,60.19130646949429
2024-01-02 03:41:47,5,55.01439172123947
2024-01-02 03:42:40,5,47.906978851391194
2024-01-02 03:43:46,5,62.539917300711075
2024-01-02 03:44:51,5,69.24785328988631
2024-01-02 03:46:03,5,41.549912443845
2024-01-02 03:46:26,5,42.27507864632051
2024-01-02 03:48:05,5,50.55656858679711
2024-01-02 03:49:42,5,19.489516831619675
2024-01-02 03:50:48,5,11.43346460690664
2024-01-02 03:52:33,5,14.419620490038914
2024-01-02 03:52:45,5,8.194475319887687
2024-01-02 03:53:12,5,9.567158967686083
2024-01-02 03:55:00,5,15.544919317254015
2024-01-02 03:55:45,5,12.18591498669501
2024-01-02 03:56:38,5,16.465116249315706
2024-01-02 03:56:52,5,23.637191911980864
2024-01-02 03:58:19,5,16.91962355607031
2024-01-02 03:58:34,5,16.03865618845358
2024-01-02 03:59:09,5,12.951043271448121
2024-01-02 03:59:23,5,20.774653840221298
2024-01-02 04:01:07,5,21.438391797381406
2024-01-02 04:02:20,5,18.126167822608767
2024-01-02 04:03:10,5,17.554997316957646
2024-01-02 04:03:51,5,49.42107740096344
2024-01-02 04:05:49,5,64.58310416525673
2024-01-02 04:07:48,5,57.45582290485782
2024-01-02 04:09:12,5,57.99191215908384
2024-01-02 04:09:43,5,60.93207355962442
2024-01-02 04:10:01,5,59.001388997132096
2024-01-02 04:10:23,5,63.756242197871615
2024-01-02 04:11:28,5,52.317700646602134
2024-01-02 04:12:10,5,84.98734105502464
2024-01-02 04:12:44,5,58.17202237155846
2024-01-02 04:13:56,5,72.89630696639719
2024-01-02 04:14:13,5,47.23287909140589
2024-01-02 04:15:19,5,44.30090856833791
2024-01-02 04:16:43,5,32.290347208723645
2024-01-02 04:17:45,5,41.092193965667335
2024-01-02 04:19:19,5,58.881822927241515
2024-01-02 04:20:14,5,29.116408364485515
2024-01-02 04:20:41,5,41.82713036347584
2024-01-02 04:21:42,5,53.89872320618752
2024-01-02 04:23:41,5,43.00920812869591
2024-01-02 04:24:52,5,52.187383756632826
2024-01-02 04:26:43,5,76.08375473832034
2024-01-02 04:28:01,5,70.58600044033457
2024-01-02 04:29:41,5,60.13801942117096
2024-01-02 04:31:10,5,22.07892209745952
2024-01-02 04:32:12,5,20.049218589417624
2024-01-02 04:32:41,5,23.220756619741575
2024-01-02 04:34:02,5,20.643548169761857
2024-01-02 04:34:48,5,13.462800216602693
2024-01-02 04:35:52,5,16.513083000758073
2024-01-02 04:36:19,5,44.52788012440895
2024-01-02 04:37:17,5,56.99490998624091
2024-01-02 04:37:52,5,60.56454502757143
2024-01-02 04:38:24,5,37.50837198141918
2024-01-02 04:39:39,5,62.89498759650043
2024-01-02 04:41:31,5,34.79405467460141
2024-01-02 04:43:10,5,39.35948006619426
2024-01-02 04:44:31,5,47.77840838478304
2024-01-02 04:46:08,5,66.34538331008075
2024-01-02 04:46:53,5,54.584934059299066
2024-01-02 04:48:50,5,52.31302576967174
2024-01-02 04:49:43,5,45.4383193974933
2024-01-02 04:50:40,5,46.173211778394034
2024-01-02 04:52:14,5,44.9768873219502
2024-01-02 04:53:02,5,62.5845614270285
2024-01-02 04:53:20,5,44.97136785441771
2024-01-02 04:54:43,5,68.80992992859362
2024-01-02 04:56:20,5,53.88887285927284
2024-01-02 04:57:53,5,51.848416936847265
2024-01-02 04:59:06,5,69.40355945157368
2024-01-02 05:00:25,5,23.524091164799767
2024-01-02 05:01:32,5,23.468775310435163
2024-01-02 05:02:16,5,11.269658689344448
2024-01-02 05:03:40,5,20.490998901370446
2024-01-02 05:05:01,5,23.16521623137534
2024-01-02 05:06:34,5,16.192617342306445
2024-01-02 05:07:32,5,18.723256957702247
2024-01-02 05:08:59,5,11.396032981902504
2024-01-02 05:10:04,5,27.690952353885194
2024-01-02 05:11:54,5,12.906678516955456
2024-01-02 05:12:27,5,14.960198968995233
2024-01-02 05:14:26,5,11.591079024426948
2024-01-02 05:16:05,5,18.30273910182105
2024-01-02 05:17:51,5,17.488696064652885
2024-01-02 05:18:49,5,26.395998324685422
2024-01-02 05:19:34,5,67.13772278630826
2024-01-02 05:20:56,5,60.42447846721296
2024-01-02 05:22:37,5,52.49754297012119
2024-01-02 05:23:16,5,57.7725612442916
2024-01-02 05:25:04,5,54.13754681861204
2024-01-02 05:25:18,5,61.798484135769904
2024-01-02 05:26:32,5,22.612101796826465
2024-01-02 05:28:14,5,13.61336395473823
2024-01-02 05:29:19,5,13.729515584136204
2024-01-02 05:30:59,5,21.428295053507842
2024-01-02 05:31:46,5,20.743915207937317
2024-01-02 05:33:23,5,23.17914391985901
2024-01-02 05:34:21,5,17.923597726849508
2024-01-02 05:34:41,5,20.592621619744783
2024-01-02 05:36:24,5,21.614448767836596
2024-01-02 05:37:52,5,15.201048494739918
2024-01-02 05:38:34,5,18.994285728913116
2024-01-02 05:39:22,5,30.72931186797285
2024-01-02 05:41:09,5,54.62400847138046
2024-01-02 05:42:06,5,58.96028944241277
2024-01-02 05:42:18,5,62.63522667904823
2024-01-02 05:43:28,5,64.5987546128489
2024-01-02 05:43:57,5,57.978660058140576
2024-01-02 05:45:56,5,48.33276316091242
2024-01-02 05:46:33,5,40.74933224855674
2024-01-02 05:47:42,5,41.29862257240107
2024-01-02 05:49:40,5,54.12133932053959
2024-01-02 05:51:18,5,62.0169983397828
2024-01-02 05:52:08,5,55.02132733797947
2024-01-02 05:53:09,5,58.06090790215276
2024-01-02 05:54:05,5,49.08473553476058
2024-01-02 05:55:11,5,64.07540207993134
2024-01-02 05:55:24,5,56.26695822028917
2024-01-02 05:56:00,5,54.64301672657242
2024-01-02 05:56:38,5,57.33022917385294
2024-01-02 05:57:34,5,16.36193150392242
2024-01-02 05:59:12,5,15.405550650906436
2024-01-02 05:59:43,5,23.21968085211358
2024-01-02 06:01:37,5,15.093720250122322
2024-01-02 06:03:22,5,20.117766980177354
2024-01-02 06:04:01,5,17.04412324198712
2024-01-02 06:05:08,5,26.08954250943601
2024-01-02 06:06:42,5,20.72953564161377
2024-01-02 06:07:09,5,16.931972547806566
2024-01-02 06:08:15,5,11.437518241874912
2024-01-02 06:10:04,5,12.068888692444787
2024-01-02 06:11:26,5,6.422778372202767
2024-01-02 06:11:42,5,22.96425540921134
2024-01-02 06:12:28,5,8.507367948887138
2024-01-02 06:14:18,5,24.17347639597131
2024-01-02 06:14:31,5,24.018943283324795
2024-01-02 06:14:56,5,21.3224974227428
2024-01-02 06:15:18,5,14.19290516061289
2024-01-02 06:15:45,5,15.607473098380396
2024-01-02 06:15:56,5,25.60861449754283
2024-01-02 06:16:21,5,15.119407928043316
2024-01-02 06:17:31,5,17.329159887720696
2024-01-02 06:17:55,5,25.362877650954946
2024-01-02 06:18:11,5,17.05485954444227
2024-01-02 06:19:53,5,16.931783801809505
2024-01-02 06:21:18,5,19.923549247035453
2024-01-02 06:21:49,5,18.815366429020866
2024-01-02 06:22:52,5,20.604115929929947
2024-01-02 06:23:25,5,24.11091058252577
2024-01-02 06:24:25,5,15.340540323312966
2024-01-02 06:25:43,5,21.78453860996597
2024-01-02 06:26:17,5,18.49714229114517
2024-01-02 06:27:28,5,24.084183957122196
2024-01-02 06:28:36,5,26.271421272326165
2024-01-02 06:29:39,5,26.947017821532626
2024-01-02 06:31:03,5,27.07336723856394
2024-01-02 06:32:31,5,18.436149462097102
2024-01-02 06:33:38,5,13.200431574802236
2024-01-02 06:33:58,5,22.436979159614445
2024-01-02 06:35:01,5,19.25199348639653
2024-01-02 06:36:07,5,22.13064316911476
2024-01-02 06:37:10,5,22.676749096373662
2024-01-02 06:38:53,5,17.793896283159413
2024-01-02 06:39:49,5,17.77855282186418
2024-01-02 06:40:18,5,9.098982893627262
2024-01-02 06:41:23,5,22.43610704735148
2024-01-02 06:42:09,5,24.2822545203885
2024-01-02 06:42:32,5,22.94468940644633
2024-01-02 06:43:22,5,16.05801264146818
2024-01-02 06:44:36,5,20.857782855193808
2024-01-02 06:45:05,5,21.07522300988013
2024-01-02 06:46:52,5,13.591674359588225
2024-01-02 06:48:21,5,16.12413137582222
2024-01-02 06:48:50,5,21.162183948443587
2024-01-02 06:50:35,5,12.530401037583879
2024-01-02 06:52:16,5,19.534231196434263
2024-01-02 06:54:02,5,17.130102943619384
2024-01-02 06:55:21,5,49.71278367163184
2024-01-02 06:55:57,5,60.87114397070983
2024-01-02 06:56:59,5,69.0908783354991
2024-01-02 06:57:52,5,59.57398637836209
2024-01-02 06:58:48,5,54.30666291850698
2024-01-02 06:59:58,5,61.94545551958183
2024-01-02 07:01:42,5,62.529450525303034
2024-01-02 07:02:22,5,58.76853884915812
2024-01-02 07:04:13,5,72.41660663972287
2024-01-02 07:05:30,5,20.568006169873478
2024-01-02 07:06:18,5,17.81359390990205
2024-01-02 07:07:37,5,6.25999432797828
2024-01-02 07:07:47,5,18.957275555624143
2024-01-02 07:09:24,5,25.96388107185696
2024-01-02 07:10:46,5,18.103543418427016
2024-01-02 07:11:13,5,44.31273045793674
2024-01-02 07:12:16,5,48.40935798260695
2024-01-02 07:12:26,5,53.108797512467916
2024-01-02 07:13:16,5,60.007255806783235
2024-01-02 07:14:05,5,46.707765802940685
2024-01-02 07:14:25,5,59.68625555470413
2024-01-02 07:15:00,5,37.25473809027465
2024-01-02 07:16:53,5,60.69193923525706
2024-01-02 07:18:26,5,55.17158108265024
2024-01-02 07:20:21,5,52.927566395971624
2024-01-02 07:21:44,5,61.85429428408196
2024-01-02 07:22:45,5,47.25649012940692
2024-01-02 07:24:43,5,16.069186325461086
2024-01-02 07:25:42,5,17.590070355725892
2024-01-02 07:26:31,5,17.32160282295794
2024-01-02 07:27:14,5,20.41339204047968
2024-01-02 07:27:41,5,16.319316303752927
2024-01-02 07:28:32,5,9.10088412338283
2024-01-02 07:30:17,5,19.071761041384978
2024-01-02 07:30:47,5,17.790988761241852
2024-01-02 07:31:04,5,18.386881638097353
2024-01-02 07:32:37,5,14.505485589878477
2024-01-02 07:34:31,5,13.004140785770028
2024-01-02 07:35:23,5,20.77835251428756
2024-01-02 07:35:36,5,2.6294500319220226
2024-01-02 07:37:17,5,14.511685769934703
2024-01-02 07:38:04,5,17.96520058543821
2024-01-02 07:38:42,5,13.367186990092618
2024-01-02 07:39:26,5,16.706555239725468
2024-01-02 07:41:22,5,17.123628935532572
2024-01-02 07:41:35,5,21.942418660876243
2024-01-02 07:43:02,5,14.381056054430598
2024-01-02 07:44:51,5,47.59418459795097
2024-01-02 07:46:13,5,50.4053960962479
2024-01-02 07:47:22,5,52.16524008445688
2024-01-02 07:48:58,5,53.3630923689092
2024-01-02 07:49:36,5,44.28126479026687
2024-01-02 07:50:12,5,58.939632237346046
2024-01-02 07:50:40,5,55.4494895702071
2024-01-02 07:52:26,5,48.554130628330256
2024-01-02 07:53:43,5,67.23932348866126
2024-01-02 07:54:24,5,55.45513362847902
2024-01-02 07:55:58,5,18.57241855131708
2024-01-02 07:56:38,5,20.539316536059726
2024-01-02 07:57:42,5,17.926440200514005
2024-01-02 07:58:13,5,24.165251892827712
2024-01-02 07:59:11,5,9.354869129945989
2024-01-02 07:59:55,5,17.961863605412702
2024-01-02 08:00:18,5,13.91626677130007
2024-01-02 08:02:13,5,20.066468389504067
2024-01-02 08:02:37,5,17.529676423859097
2024-01-02 08:02:57,5,19.685953524955863
2024-01-02 08:04:32,5,12.48903843071287
2024-01-02 08:05:59,5,16.9296864263381
2024-01-02 08:06:36,5,30.014218283223016
2024-01-02 08:08:22,5,15.090898755814901
2024-01-02 08:09:58,5,17.037984307121626
2024-01-02 08:10:08,5,17.39896132602144
2024-01-02 08:10:41,5,22.014828419037556
2024-01-02 08:12:34,5,19.083509955547704
2024-01-02 08:14:09,5,20.873614705376312
2024-01-02 08:14:31,5,12.13539189877119
2024-01-02 08:15:13,5,21.772743623909893
2024-01-02 08:15:28,5,24.685642307185944
2024-01-02 08:16:48,5,13.774453650591228
2024-01-02 08:17:48,5,17.216148722202533
2024-01-02 08:19:36,5,41.49461731076153
2024-01-02 08:20:57,5,60.668169320620606
2024-01-02 08:21:14,5,42.507644804273674
2024-01-02 08:22:50,5,42.391370723169025
2024-01-02 08:23:04,5,65.57686736851555
2024-01-02 08:24:15,5,52.3050601670354
2024-01-02 08:24:44,5,67.62534138498506
2024-01-02 08:25:15,5,47.70798711146864
2024-01-02 08:25:42,5,53.43417931795256
2024-01-02 08:26:54,5,61.933714922085805
2024-01-02 08:27:50,5,53.46304896150422
2024-01-02 08:28:08,5,59.68887874620502
2024-01-02 08:30:02,5,63.921886467599506
2024-01-02 08:31:22,5,65.28640610073082
2024-01-02 08:31:37,5,51.76624154095528
2024-01-02 08:33:36,5,58.386251576366
2024-01-02 08:35:29,5,12.570318397980786
2024-01-02 08:37:09,5,23.69835781168026
2024-01-02 08:38:27,5,19.99014456961105
2024-01-02 08:39:45,5,16.902548252099017
2024-01-02 08:40:49,5,14.345087482084205
2024-01-02 08:42:14,5,14.846538371612121
2024-01-02 08:42:29,5,28.701543899182806
2024-01-02 08:43:55,5,22.415231612314955
2024-01-02 08:45:43,5,20.71520272086278
2024-01-02 08:46:44,5,22.63986768710022
2024-01-02 08:47:34,5,17.243271326753597
2024-01-02 08:48:01,5,19.475314318661777
2024-01-02 08:49:23,5,14.368215426549291
2024-01-02 08:50:13,5,27.10443295779703
2024-01-02 08:50:38,5,14.388729638018516
2024-01-02 08:51:18,5,14.42147583639249
2024-01-02 08:52:21,5,23.444188826992306
2024-01-02 08:53:21,5,18.392172535988
2024-01-02 08:54:00,5,19.396188771376757
2024-01-02 08:54:55,5,17.808140328528356
2024-01-02 08:56:18,5,15.449403074795052
2024-01-02 08:58:16,5,23.877203224779326
2024-01-02 09:00:04,5,10.876270453269099
2024-01-02 09:01:30,5,16.857654713388275
2024-01-02 09:02:42,5,21.507045973376485
2024-01-02 09:04:21,5,24.641659031921762
2024-01-02 09:05:41,5,19.73705238847551
2024-01-02 09:06:27,5,21.08447639080555
2024-01-02 09:07:44,5,15.029098812636853
2024-01-02 09:08:28,5,16.200232482990042
2024-01-02 09:08:51,5,13.096125399241764
2024-01-02 09:10:46,5,9.867846205417115
2024-01-02 09:11:48,5,20.07835987048288
2024-01-02 09:12:44,5,54.37626713244721
2024-01-02 09:14:12,5,76.82024548474946
2024-01-02 09:15:59,5,56.44184449050515
2024-01-02 09:17:32,5,66.1287933444595
2024-01-02 09:19:10,5,18.403813086710922
2024-01-02 09:20:44,5,59.80416306484669
2024-01-02 09:21:00,5,42.07740908031919
2024-01-02 09:22:26,5,65.75567937999995
2024-01-02 09:23:33,5,46.96807704872944
2024-01-02 09:24:24,5,62.72622985968033
2024-01-02 09:25:27,5,50.81884325400479
2024-01-02 09:26:22,5,30.304461718291954
2024-01-02 09:28:05,5,49.32411645015251
2024-01-02 09:29:12,5,57.43339565264162
2024-01-02 09:29:40,5,51.564742241176226
2024-01-02 09:30:04,5,51.0084694446895
2024-01-02 09:31:25,5,41.72715962121853
2024-01-02 09:31:38,5,43.229796119773056
2024-01-02 09:32:43,5,60.62074006244983
2024-01-02 09:34:40,5,61.68238608239461
2024-01-02 09:36:38,5,62.422939189433926
2024-01-02 09:38:29,5,58.194230755873036
2024-01-02 09:38:43,5,47.95213530081081
2024-01-02 09:39:45,5,60.24788397089378
2024-01-02 09:41:30,5,53.67905023043752
2024-01-02 09:42:20,5,58.39507768372794
2024-01-02 09:44:14,5,57.60043102938463
2024-01-02 09:45:15,5,57.426510106392875
2024-01-02 09:47:02,5,59.591516799966925
2024-01-02 09:47:23,5,61.361797256336814
2024-01-02 09:48:42,5,72.93502509531636
2024-01-02 09:50:27,5,26.28929516948238
2024-01-02 09:51:58,5,17.122586155029058
2024-01-02 09:52:25,5,9.64239711566211
2024-01-02 09:52:44,5,20.84567740350295
2024-01-02 09:53:19,5,12.899606621900094
2024-01-02 09:55:13,5,9.557821704125129
2024-01-02 09:57:06,5,14.34182513143864
2024-01-02 09:58:06,5,9.183745340040321
2024-01-02 09:58:34,5,13.4390336439694
2024-01-02 09:59:14,5,13.452785266555603
2024-01-02 10:01:04,5,17.579038044808094
2024-01-02 10:02:54,5,11.203554742899177
2024-01-02 10:03:52,5,26.252604515439867
2024-01-02 10:04:08,5,10.243203895517109
2024-01-02 10:06:05,5,24.515113150521206
2024-01-02 10:07:01,5,23.509589153206914
2024-01-02 10:08:10,5,20.575559772158897
2024-01-02 10:09:21,5,19.01942035879827
2024-01-02 10:10:17,5,18.679471820934356
2024-01-02 10:10:58,5,22.7224992681208
2024-01-02 10:11:43,5,20.14227340780164
2024-01-02 10:12:27,5,14.427639968070258
2024-01-02 10:14:10,5,10.005363170289453
2024-01-02 10:15:24,5,71.84560975899333
2024-01-02 10:15:43,5,41.1037175783795
2024-01-02 10:17:19,5,48.36779142283267
2024-01-02 10:18:43,5,44.079874090809355
2024-01-02 10:18:56,5,76.31589112731753
2024-01-02 10:19:10,5,62.60499910037187
2024-01-02 10:19:37,5,58.19127343069039
2024-01-02 10:20:26,5,72.61402549936115
2024-01-02 10:22:02,5,86.16348033018019
2024-01-02 10:22:32,5,60.54971529100137
2024-01-02 10:23:33,5,42.87284924201149
2024-01-02 10:24:32,5,64.00864440548995
2024-01-02 10:25:20,5,54.92211489901773
2024-01-02 10:26:08,5,52.800806023774285
2024-01-02 10:27:28,5,58.75346050142423
2024-01-02 10:27:47,5,55.843980109200686
2024-01-02 10:29:12,5,67.08744413567085
2024-01-02 10:29:52,5,55.942986912878254
2024-01-02 10:30:28,5,74.82958238553708
2024-01-02 10:30:46,5,58.4532305626243
2024-01-02 10:31:01,5,53.402449726329955
2024-01-02 10:31:29,5,48.83507065099208
2024-01-02 10:31:54,5,73.59561189381051
2024-01-02 10:33:17,5,46.726239340472105
2024-01-02 10:35:16,5,53.62265374301872
2024-01-02 10:36:16,5,57.64542266643441
2024-01-02 10:37:55,5,51.08973671849071
2024-01-02 10:38:36,5,35.67325266192651
2024-01-02 10:39:30,5,50.890245944351065
2024-01-02 10:39:54,5,55.85854943006753
2024-01-02 10:40:11,5,39.08005013707123
2024-01-02 10:41:47,5,52.39575612972268
2024-01-02 10:42:12,5,39.04884277632475
2024-01-02 10:43:48,5,63.987646687396634
2024-01-02 10:44:54,5,19.009821349573684
2024-01-02 10:45:40,5,12.185021603988073
2024-01-02 10:46:17,5,14.251256736663349
2024-01-02 10:47:39,5,10.954758900584398
2024-01-02 10:49:03,5,18.528870891261434
2024-01-02 10:49:50,5,22.10525200101418
2024-01-02 10:50:08,5,16.021419445624286
2024-01-02 10:51:14,5,20.023754294981806
2024-01-02 10:52:48,5,13.984520813822595
2024-01-02 10:54:27,5,15.56141155937013
2024-01-02 10:56:00,5,17.70869465310241
2024-01-02 10:57:48,5,18.591822851472024
2024-01-02 10:59:00,5,13.703069344646245
2024-01-02 11:00:54,5,44.1994252469826
2024-01-02 11:02:40,5,49.981251987254524
2024-01-02 11:04:19,5,39.552579246790636
2024-01-02 11:05:32,5,66.33440663365911
2024-01-02 11:07:28,5,61.730179275778326
2024-01-02 11:08:11,5,45.54137793967967
2024-01-02 11:08:52,5,41.03173191097079
2024-01-02 11:09:57,5,16.172911394498893
2024-01-02 11:11:34,5,9.98480257782261
2024-01-02 11:12:56,5,16.216260043810614
2024-01-02 11:14:28,5,27.076050280187694
2024-01-02 11:15:26,5,21.92523511456406
2024-01-02 11:16:58,5,18.544768586354035
2024-01-02 11:18:53,5,30.9656050884808
2024-01-02 11:19:28,5,27.56735779353162
2024-01-02 11:21:05,5,21.45308761072809
2024-01-02 11:22:48,5,23.44752229781528
2024-01-02 11:24:11,5,21.438313118975078
2024-01-02 11:25:34,5,45.72096334240932
2024-01-02 11:26:59,5,62.392681797424096
2024-01-02 11:28:57,5,51.91748834933084
2024-01-02 11:30:03,5,62.800036624261665
2024-01-02 11:30:57,5,65.83293149010954
2024-01-02 11:31:29,5,58.00293696935819
2024-01-02 11:32:29,5,71.43817250569982
2024-01-02 11:32:47,5,66.99140110608178
2024-01-02 11:33:41,5,52.72588786942423
2024-01-02 11:34:42,5,43.53283406516056
2024-01-02 11:34:53,5,50.60644702264465
2024-01-02 11:35:51,5,52.32537872785583
2024-01-02 11:36:59,5,54.95088193984445
2024-01-02 11:37:22,5,49.98549119834412
2024-01-02 11:38:52,5,52.348189804178986
2024-01-02 11:40:42,5,22.75972158228172
2024-01-02 11:41:21,5,24.755727537615694
2024-01-02 11:42:10,5,20.02476424051544
2024-01-02 11:43:50,5,22.26257083007761
2024-01-02 11:44:23,5,19.028273329648588
2024-01-02 11:45:34,5,20.69114655915208
2024-01-02 11:46:34,5,14.532339293357085
2024-01-02 11:47:16,5,12.166856650356948
2024-01-02 11:47:38,5,51.502423276919366
2024-01-02 11:49:19,5,65.51343735261752
2024-01-02 11:51:09,5,60.90516920339096
2024-01-02 11:51:50,5,55.8811234740321
2024-01-02 11:52:48,5,64.56444504074005
2024-01-02 11:54:47,5,60.64139625985929
2024-01-02 11:55:43,5,66.59098581861673
2024-01-02 11:57:14,5,59.14914855716203
2024-01-02 11:58:48,5,51.658667611566386
2024-01-02 12:00:12,5,56.525692487409344
2024-01-02 12:01:41,5,48.720329418747035
2024-01-02 12:03:25,5,60.92747284507833
2024-01-02 12:04:23,5,51.95114622403146
2024-01-02 12:05:41,5,62.09487873671332
2024-01-02 12:06:47,5,46.916062559961624
2024-01-02 12:08:00,5,76.79843567878082
2024-01-02 12:09:57,5,62.902534437381306
2024-01-02 12:11:26,5,54.855745153150586
2024-01-02 12:12:03,5,60.15336192666128
2024-01-02 12:12:20,5,61.57334357054218
2024-01-02 12:12:56,5,23.97913885792137
2024-01-02 12:13:08,5,14.947547402107762
2024-01-02 12:13:51,5,21.001588519280393
2024-01-02 12:15:12,5,17.071943196821927
2024-01-02 12:15:40,5,16.805999822649785
2024-01-02 12:16:04,5,16.851823019987517
2024-01-02 12:17:12,5,16.551314565738195
2024-01-02 12:17:22,5,17.007093383040882
2024-01-02 12:19:18,5,12.204089469846409
2024-01-02 12:21:09,5,12.08782110115354
2024-01-02 12:22:05,5,18.008674679369367
2024-01-02 12:23:24,5,20.548336377317987
2024-01-02 12:23:42,5,17.465294859793183
2024-01-02 12:24:32,5,24.41285994614788
2024-01-02 12:26:25,5,20.463919869617637
2024-01-02 12:27:19,5,14.748423025634626
2024-01-02 12:27:34,5,24.18434590805064
2024-01-02 12:28:53,5,16.92126947166714
2024-01-02 12:29:30,5,14.421438070174116
2024-01-02 12:31:00,5,22.217527509065672
2024-01-02 12:32:03,5,22.134955812472167
2024-01-02 12:32:55,5,13.891001836730872
2024-01-02 12:34:44,5,13.423714758924358
2024-01-02 12:35:42,5,14.63420715667059
2024-01-02 12:36:58,5,17.874231498034238
2024-01-02 12:38:53,5,6.801900417837093
2024-01-02 12:39:14,5,16.44869748498833
2024-01-02 12:40:08,5,21.841972122685725
2024-01-02 12:41:07,5,43.70024129215584
2024-01-02 12:42:49,5,58.796728556844045
2024-01-02 12:43:06,5,38.838594381573465
2024-01-02 12:43:21,5,60.26849355707303
2024-01-02 12:45:03,5,52.618304576240284
2024-01-02 12:45:16,5,41.13620927784216
2024-01-02 12:46:23,5,63.6657362382332
2024-01-02 12:46:45,5,58.2734151362705
2024-01-02 12:48:00,5,50.865971017098886
2024-01-02 12:48:41,5,66.16682832742248
2024-01-02 12:49:42,5,54.36221436371902
2024-01-02 12:51:39,5,61.80895538960813
2024-01-02 12:52:37,5,70.96106515312923
2024-01-02 12:54:24,5,57.45437622578789
2024-01-02 12:54:41,5,53.87772230317366
2024-01-02 12:55:16,5,12.140194716552202
2024-01-02 12:56:28,5,17.023358546004296
2024-01-02 12:57:03,5,23.903634716688426
2024-01-02 12:57:58,5,22.21351882239644
2024-01-02 12:58:55,5,17.07406601010251
2024-01-02 12:59:23,5,17.176348856205184
2024-01-02 13:00:30,5,18.422953168737678
2024-01-02 13:01:36,5,15.113024008748493
2024-01-02 13:03:25,5,12.220012231090834
2024-01-02 13:03:48,5,28.74255064568345
2024-01-02 13:05:29,5,23.58761243590997
2024-01-02 13:05:55,5,17.885450580858855
2024-01-02 13:06:46,5,25.077128980096084
2024-01-02 13:07:15,5,59.769034255848844
2024-01-02 13:07:28,5,59.888080744033495
2024-01-02 13:08:06,5,67.20570292345089
2024-01-02 13:09:46,5,58.01788830797184
2024-01-02 13:10:34,5,54.749436000876564
2024-01-02 13:11:08,5,48.523796659880674
2024-01-02 13:12:27,5,54.600562250278074
2024-01-02 13:14:01,5,49.15583854779269
2024-01-02 13:14:16,5,57.00463436471923
2024-01-02 13:15:32,5,60.44992807797497
2024-01-02 13:15:43,5,45.9262014441224
2024-01-02 13:17:14,5,47.62671948980215
2024-01-02 13:17:58,5,40.07248824093975
2024-01-02 13:19:33,5,65.31798754599401
2024-01-02 13:20:24,5,49.32042168545516
2024-01-02 13:21:54,5,67.36747786054332
2024-01-02 13:22:44,5,55.68039513741637
2024-01-02 13:24:08,5,62.54824025217844
2024-01-02 13:24:34,5,38.66562588601391
2024-01-02 13:25:46,5,64.83906155332923
2024-01-02 13:27:07,5,21.564865135642446
2024-01-02 13:28:28,5,26.222090486949387
2024-01-02 13:29:49,5,26.07148929094907
2024-01-02 13:30:28,5,23.97542444816991
2024-01-02 13:31:33,5,18.73852910381504
2024-01-02 13:31:44,5,13.834311099052197
2024-01-02 13:32:35,5,15.970841113396327
2024-01-02 13:33:14,5,11.288084842691916
2024-01-02 13:34:40,5,20.967694931991577
2024-01-02 13:36:19,5,19.30074288389221
2024-01-02 13:36:34,5,13.9891657251907
2024-01-02 13:37:27,5,44.17780260322678
2024-01-02 13:39:20,5,60.99132101374892
2024-01-02 13:40:13,5,40.74988016577649
2024-01-02 13:41:32,5,28.328104120948176
2024-01-02 13:43:27,5,61.33631828124144
2024-01-02 13:43:53,5,50.73591033342045
2024-01-02 13:44:59,5,57.73916525691986
2024-01-02 13:46:23,5,55.041457421031716
2024-01-02 13:47:54,5,74.55584327027087
2024-01-02 13:48:51,5,61.997039071375625
2024-01-02 13:49:04,5,61.105875957787255
2024-01-02 13:50:31,5,44.06351966639488
2024-01-02 13:52:11,5,51.41965457243235
2024-01-02 13:53:53,5,46.34677673952197
2024-01-02 13:55:36,5,64.32278354826374
2024-01-02 13:57:15,5,64.77686653623311
2024-01-02 13:58:44,5,20.02025570572653
2024-01-02 14:00:42,5,27.26771505995926
2024-01-02 14:01:04,5,27.8133204895457
2024-01-02 14:02:42,5,11.88760387341221
2024-01-02 14:02:57,5,20.638482516500616
2024-01-02 14:04:44,5,20.690271882174255
2024-01-02 14:06:20,5,17.36354895129455
2024-01-02 14:07:53,5,25.254881614749923
2024-01-02 14:09:50,5,16.022704516477354
2024-01-02 14:11:05,5,10.498793041586705
2024-01-02 14:11:58,5,19.32469697451121
2024-01-02 14:12:42,5,14.058496324773465
2024-01-02 14:13:10,5,11.08447935635884
2024-01-02 14:13:37,5,20.6989536668555
2024-01-02 14:14:20,5,49.86725863205323
2024-01-02 14:16:09,5,47.187177831904
2024-01-02 14:16:59,5,62.89841814550901
2024-01-02 14:17:46,5,49.817484870280154
2024-01-02 14:18:17,5,52.39081015914685
2024-01-02 14:18:55,5,47.2693293729057
2024-01-02 14:20:52,5,57.143039399555995
2024-01-02 14:22:09,5,78.09216875452509
2024-01-02 14:23:22,5,19.334084970422296
2024-01-02 14:24:38,5,46.45533493732968
2024-01-02 14:26:22,5,54.51600949371421
2024-01-02 14:28:09,5,61.357275351312516
2024-01-02 14:28:20,5,44.93421567046764
2024-01-02 14:30:00,5,53.437656061469596
2024-01-02 14:31:29,5,61.178554137565534
2024-01-02 14:32:43,5,54.530656741643945
2024-01-02 14:33:40,5,39.488829414008705
2024-01-02 14:34:21,5,43.9417663400136
2024-01-02 14:35:25,5,69.52536389323816
2024-01-02 14:36:49,5,76.75954161835486
2024-01-02 14:37:55,5,35.2193585813116
2024-01-02 14:39:30,5,68.3314190222052
2024-01-02 14:41:28,5,65.3663915849819
2024-01-02 14:41:57,5,52.170945519043414
2024-01-02 14:42:43,5,45.92471587490134
2024-01-02 14:43:30,5,59.96642593577052
2024-01-02 14:45:15,5,20.08709989123487
2024-01-02 14:45:37,5,24.035099267498182
2024-01-02 14:46:04,5,14.388199027695936
2024-01-02 14:47:06,5,17.607955152827486
2024-01-02 14:48:22,5,61.13984378739078
2024-01-02 14:49:45,5,69.29654230620953
2024-01-02 14:51:25,5,40.765382896370625
2024-01-02 14:51:36,5,64.60204917696802
2024-01-02 14:53:33,5,51.88718702877188
2024-01-02 14:54:10,5,55.214259621824894
2024-01-02 14:55:28,5,48.15155031781548
2024-01-02 14:56:33,5,35.26403268380081
2024-01-02 14:58:18,5,61.192761899380926
2024-01-02 14:59:04,5,21.25191845697921
2024-01-02 14:59:24,5,12.43095557492903
2024-01-02 15:00:31,5,10.329549150245326
2024-01-02 15:02:21,5,13.646904312241897
2024-01-02 15:04:00,5,18.7357090964935
2024-01-02 15:05:54,5,20.147956516570453
2024-01-02 15:06:30,5,23.24682798508823
2024-01-02 15:08:19,5,15.218725179283885
2024-01-02 15:09:07,5,15.493069554613546
2024-01-02 15:10:28,5,19.41316928129946
2024-01-02 15:12:03,5,18.8577163536954
2024-01-02 15:13:55,5,13.453076540064888
2024-01-02 15:14:12,5,12.031464140932101
2024-01-02 15:16:01,5,25.676275746930557
2024-01-02 15:17:56,5,10.707117960770088
2024-01-02 15:18:20,5,56.19392250394199
2024-01-02 15:19:08,5,41.8952875835671
2024-01-02 15:20:05,5,41.60113967996952
2024-01-02 15:21:32,5,73.59403566969473
2024-01-02 15:22:16,5,50.11491662227515
2024-01-02 15:22:52,5,43.919454427040975
2024-01-02 15:24:12,5,42.05100109489927
2024-01-02 15:25:33,5,36.51062122628745
2024-01-02 15:26:11,5,63.83971842678526
2024-01-02 15:26:51,5,60.41800827317001
2024-01-02 15:28:08,5,70.44674680116238
2024-01-02 15:28:42,5,38.27329615275999
2024-01-02 15:29:31,5,55.58040302064241
2024-01-02 15:30:52,5,54.58357581798819
2024-01-02 15:31:02,5,70.86044856789394
2024-01-02 15:31:58,5,49.72754980949537
2024-01-02 15:33:17,5,22.059420813055723
2024-01-02 15:34:08,5,18.292907906689734
2024-01-02 15:36:07,5,26.561046280520852
2024-01-02 15:36:41,5,14.618500443826484
2024-01-02 15:37:57,5,5.415022238942413
2024-01-02 15:38:32,5,19.17142573051078
2024-01-02 15:38:52,5,19.23794241385278
2024-01-02 15:40:48,5,18.81998747883413
2024-01-02 15:41:17,5,13.425419215931854
2024-01-02 15:42:23,5,24.184882641992345
2024-01-02 15:43:30,5,20.488013174106158
2024-01-02 15:45:14,5,7.195477044081979
2024-01-02 15:45:57,5,20.70455928830726
2024-01-02 15:46:11,5,25.78328283827289
2024-01-02 15:47:17,5,18.758979744362502
2024-01-02 15:48:31,5,27.13989124577785
2024-01-02 15:49:35,5,16.217767395879243
2024-01-02 15:50:57,5,17.122359687014757
2024-01-02 15:51:12,5,34.03085820774821
2024-01-02 15:51:58,5,50.65214071183822
2024-01-02 15:53:11,5,45.00980685113854
2024-01-02 15:54:03,5,57.42872928701996
2024-01-02 15:55:12,5,55.095602537513024
2024-01-02 15:56:23,5,59.43399178507923
2024-01-02 15:56:34,5,39.842602672522034
2024-01-02 15:58:01,5,54.73101432806908
2024-01-02 15:58:46,5,56.62034096250518
2024-01-02 16:00:04,5,60.59461318091229
2024-01-02 16:00:19,5,56.913684450393426
2024-01-02 16:00:47,5,73.19053840037493
2024-01-02 16:01:24,5,64.6655227072645
2024-01-02 16:01:59,5,52.162232349802736
2024-01-02 16:03:03,5,59.85374014828262
2024-01-02 16:04:31,5,55.10051572234199
2024-01-02 16:05:34,5,54.874510553838554
2024-01-02 16:06:25,5,45.435514107648245
2024-01-02 16:07:10,5,51.105340746022975
2024-01-02 16:07:29,5,47.6326901248311
2024-01-02 16:08:08,5,63.520537818100244
2024-01-02 16:09:21,5,59.5082098762308
2024-01-02 16:10:04,5,46.17439789262581
2024-01-02 16:11:33,5,67.16293885097282
2024-01-02 16:12:31,5,49.09219422625773
2024-01-02 16:13:24,5,65.99228345390348
2024-01-02 16:13:59,5,64.17298496609313
2024-01-02 16:15:51,5,52.2412604418346
2024-01-02 16:16:12,5,53.18244189219807
2024-01-02 16:17:06,5,45.86683605528519
2024-01-02 16:17:39,5,37.38492602218676
2024-01-02 16:18:14,5,19.007182719586428
2024-01-02 16:18:50,5,18.818884355964272
2024-01-02 16:20:08,5,20.384875093323405
2024-01-02 16:21:16,5,3.8093525858519683
2024-01-02 16:21:45,5,13.855495904142568
2024-01-02 16:23:05,5,11.488121256774372
2024-01-02 16:24:49,5,9.783233879898585
2024-01-02 16:26:17,5,44.91440531389351
2024-01-02 16:27:23,5,39.76733973054162
2024-01-02 16:28:41,5,62.31223031995432
2024-01-02 16:29:51,5,59.30529611677034
2024-01-02 16:31:25,5,51.416490676444475
2024-01-02 16:33:03,5,68.07809329358055
2024-01-02 16:33:23,5,40.65881602447122
2024-01-02 16:34:20,5,51.593435067155475
2024-01-02 16:36:01,5,48.44065951423501
2024-01-02 16:37:09,5,36.83055742915729
2024-01-02 16:38:41,5,63.15922295267418
2024-01-02 16:39:07,5,53.11962485160398
2024-01-02 16:40:48,5,62.95276810039004
2024-01-02 16:41:08,5,72.45607938312318
2024-01-02 16:42:37,5,52.31392819472709
2024-01-02 16:43:14,5,60.513676992826404
2024-01-02 16:45:06,5,67.07776491775596
2024-01-02 16:47:01,5,44.12832734283681
2024-01-02 16:48:49,5,60.750853104396334
2024-01-02 16:50:17,5,30.936245677022438
2024-01-02 16:51:50,5,24.65940152137677
2024-01-02 16:52:08,5,14.129375155242393
2024-01-02 16:53:29,5,15.583929547085758
2024-01-02 16:54:01,5,19.42743471599583
2024-01-02 16:55:35,5,10.354924877926054
2024-01-02 16:56:27,5,22.019517402147763
2024-01-02 16:57:28,5,23.16341051021535
2024-01-02 16:58:49,5,17.78294813494052
2024-01-02 16:59:54,5,28.07296914883849
2024-01-02 17:00:42,5,14.836042899734874
2024-01-02 17:00:59,5,19.902077712554462
2024-01-02 17:02:49,5,9.557997088322804
2024-01-02 17:04:18,5,23.76961316471599
2024-01-02 17:05:41,5,20.749438409510084
2024-01-02 17:06:49,5,14.721013442651039
2024-01-02 17:07:09,5,9.691380261830878
2024-01-02 17:08:45,5,14.962012428478229
2024-01-02 17:10:07,5,16.071637014390653
2024-01-02 17:10:42,5,20.08794190821395
2024-01-02 17:12:36,5,23.407196481330015
2024-01-02 17:13:43,5,11.420481147718192
2024-01-02 17:14:20,5,15.848843772997437
2024-01-02 17:14:43,5,22.92294769689939
2024-01-02 17:15:26,5,20.392654154541987
2024-01-02 17:15:55,5,16.15757543211649
2024-01-02 17:16:49,5,14.218891562944828
2024-01-02 17:18:10,5,23.319317320389423
2024-01-02 17:18:37,5,23.950022865571718
2024-01-02 17:20:08,5,70.91308811184675
2024-01-02 17:21:16,5,53.43442993250448
2024-01-02 17:21:46,5,63.41227506731941
2024-01-02 17:23:05,5,59.45322093606019
2024-01-02 17:24:30,5,70.36933866803125
2024-01-02 17:25:23,5,65.43776525387234
2024-01-02 17:26:50,5,52.48950598976388
2024-01-02 17:27:40,5,48.69145711499966
2024-01-02 17:27:51,5,57.81708003999498
2024-01-02 17:29:35,5,54.02928179851446
2024-01-02 17:31:10,5,56.14379760702636
2024-01-02 17:31:20,5,56.79478054540928
2024-01-02 17:32:28,5,42.80120037888403
2024-01-02 17:34:04,5,58.04537398515958
2024-01-02 17:34:40,5,47.454064309665995
2024-01-02 17:36:16,5,9.186465049791979
2024-01-02 17:36:27,5,17.32364729647868
2024-01-02 17:37:42,5,18.132330448078378
2024-01-02 17:39:01,5,17.46235096095957
2024-01-02 17:40:14,5,21.928421247863653
2024-01-02 17:42:01,5,49.7301873167616
2024-01-02 17:43:19,5,62.22872117767302
2024-01-02 17:43:40,5,58.30826795434867
2024-01-02 17:43:59,5,47.17666600150454
2024-01-02 17:44:17,5,52.53081163825938
2024-01-02 17:44:44,5,40.03904508605555
2024-01-02 17:44:57,5,20.049547775113943
2024-01-02 17:45:47,5,46.43539089412822
2024-01-02 17:46:38,5,61.4845649595877
2024-01-02 17:46:57,5,54.41130144757679
2024-01-02 17:48:00,5,52.218314264461284
2024-01-02 17:48:25,5,66.42784992985989
2024-01-02 17:49:38,5,51.578028657787414
2024-01-02 17:51:05,5,44.53333941368311
2024-01-02 17:51:32,5,58.161044531064
2024-01-02 17:52:42,5,59.53172848346344
2024-01-02 17:54:38,5,66.21487032581122
2024-01-02 17:55:00,5,59.29349670492029
2024-01-02 17:56:06,5,58.66834868832147
2024-01-02 17:57:00,5,39.27430427392042
2024-01-02 17:58:03,5,68.64342493450268
2024-01-02 17:58:48,5,47.11375411320917
2024-01-02 18:00:16,5,55.24347717723631
2024-01-02 18:00:36,5,49.461362718144855
2024-01-02 18:02:12,5,59.55744222486379
2024-01-02 18:03:59,5,66.74148947221076
2024-01-02 18:05:13,5,64.2268621697857
2024-01-02 18:06:33,5,38.735651180992825
2024-01-02 18:08:02,5,40.18513690303925
2024-01-02 18:08:55,5,62.01611929666894
2024-01-02 18:10:34,5,24.402611825265616
2024-01-02 18:12:14,5,19.039797694973448
2024-01-02 18:14:00,5,25.89316811100075
2024-01-02 18:15:34,5,12.63724391535104
2024-01-02 18:16:56,5,16.24147526725598
2024-01-02 18:17:36,5,19.74403471127673
2024-01-02 18:17:59,5,27.281297798833833
2024-01-02 18:18:20,5,17.335171457333793
2024-01-02 18:19:11,5,24.621024572381824
2024-01-02 18:20:37,5,20.983828361011078
2024-01-02 18:21:25,5,22.764331218080773
2024-01-02 18:21:42,5,17.106145308425035
2024-01-02 18:22:43,5,71.02833607661283
2024-01-02 18:24:28,5,50.48063306735074
2024-01-02 18:25:43,5,44.354073295574366
2024-01-02 18:26:51,5,58.93952008993935
2024-01-02 18:27:42,5,46.36992861997008
2024-01-02 18:28:52,5,45.99236053227938
2024-01-02 18:30:33,5,48.194599863361496
2024-01-02 18:32:17,5,18.206945946185616
2024-01-02 18:33:29,5,10.581735530400815
2024-01-02 18:34:17,5,8.60942254533929
2024-01-02 18:35:53,5,13.568840671269488
2024-01-02 18:36:24,5,25.383315424405044
2024-01-02 18:37:02,5,23.28884176324034
2024-01-02 18:38:02,5,19.587996395369995
2024-01-02 18:39:54,5,12.994898174552972
2024-01-02 18:41:42,5,21.642195984729184
2024-01-02 18:42:26,5,21.706683513254223
2024-01-02 18:43:46,5,16.37650814613984
2024-01-02 18:45:26,5,54.23472081441876
2024-01-02 18:46:38,5,59.10234241387503
2024-01-02 18:48:10,5,44.19072339389214
2024-01-02 18:49:57,5,62.49174430076065
2024-01-02 18:51:52,5,58.03600873557206
2024-01-02 18:52:54,5,49.74575960720888
2024-01-02 18:54:19,5,67.1267581292107
2024-01-02 18:55:35,5,14.874789326999668
2024-01-02 18:56:46,5,8.743206460050402
2024-01-02 18:57:03,5,17.6457041828478
2024-01-02 18:57:53,5,22.676307824877156
2024-01-02 18:58:04,5,24.559632876656256
2024-01-02 18:59:49,5,21.745439291500475
2024-01-02 19:00:51,5,16.749033076630184
2024-01-02 19:02:08,5,12.44056701763062
2024-01-02 19:03:01,5,14.89912188242622
2024-01-02 19:04:58,5,17.050824359682686
2024-01-02 19:06:02,5,17.062069402194332
2024-01-02 19:07:57,5,65.04588952332509
2024-01-02 19:09:11,5,62.68858006097982
2024-01-02 19:09:34,5,41.18278443637374
2024-01-02 19:10:38,5,63.54406224083803
2024-01-02 19:10:53,5,67.04000352353859
2024-01-02 19:12:46,5,45.80051542154057
2024-01-02 19:13:28,5,20.88547013919465
2024-01-02 19:14:35,5,23.26443753039337
2024-01-02 19:16:26,5,13.637054925382335
2024-01-02 19:17:57,5,23.014013671600416
2024-01-02 19:18:48,5,14.37024049850376
2024-01-02 19:19:25,5,14.188238141639918
2024-01-02 19:20:13,5,19.64555724836615
2024-01-02 19:21:22,5,18.06572394279884
2024-01-02 19:22:55,5,13.98611162565702
2024-01-02 19:23:40,5,22.53044621089253
2024-01-02 19:25:12,5,20.686832644332522
2024-01-02 19:25:32,5,18.928347795222436
2024-01-02 19:26:47,5,17.80319687594925
2024-01-02 19:27:19,5,15.19854761506609
2024-01-02 19:27:43,5,22.48428582119154
2024-01-02 19:29:21,5,51.6217611964471
2024-01-02 19:30:28,5,68.26440565216899
2024-01-02 19:30:48,5,51.88663346552812
2024-01-02 19:31:39,5,54.95651513372816
2024-01-02 19:33:31,5,67.59617989168893
2024-01-02 19:34:42,5,17.95841918489805
2024-01-02 19:35:25,5,15.208269958547266
2024-01-02 19:36:12,5,11.042118841013675
2024-01-02 19:37:42,5,19.277126471030407
2024-01-02 19:38:57,5,24.93832979730695
2024-01-02 19:40:08,5,22.84213862778094
2024-01-02 19:41:49,5,13.105654511647217
2024-01-02 19:43:00,5,17.871623698227566
2024-01-02 19:43:12,5,11.610434467217647
2024-01-02 19:44:52,5,16.959070798464328
2024-01-02 19:46:00,5,8.620172519670763
2024-01-02 19:47:40,5,22.969935784526648
2024-01-02 19:48:54,5,23.95503274875346
2024-01-02 19:50:18,5,17.605427287641653
2024-01-02 19:51:26,5,22.925439540414004
2024-01-02 19:52:38,5,13.735358388520805
2024-01-02 19:53:01,5,23.540989482129426
2024-01-02 19:54:08,5,47.462225414423884
2024-01-02 19:55:01,5,70.53279187692493
2024-01-02 19:56:46,5,57.85523158319643
2024-01-02 19:57:52,5,53.06546567657216
2024-01-02 19:59:45,5,17.594943172753542
2024-01-02 20:00:41,5,15.572483081368292
2024-01-02 20:01:16,5,11.285215764063317
2024-01-02 20:02:04,5,22.644622143394656
2024-01-02 20:02:49,5,12.515359541692447
2024-01-02 20:04:13,5,22.035302811042595
2024-01-02 20:05:48,5,21.217266559500317
2024-01-02 20:07:21,5,25.86887791169027
2024-01-02 20:08:04,5,21.021521398507925
2024-01-02 20:08:27,5,11.431403276034196
2024-01-02 20:09:47,5,17.639789988217938
2024-01-02 20:11:26,5,24.870276771630046
2024-01-02 20:12:48,5,19.265950035554802
2024-01-02 20:14:27,5,61.81270428521769
2024-01-02 20:15:15,5,56.079925471612825
2024-01-02 20:16:40,5,48.96963403588833
2024-01-02 20:17:50,5,65.22272280055235
2024-01-02 20:18:22,5,51.39861197742103
2024-01-02 20:19:49,5,50.915623987273406
2024-01-02 20:21:23,5,54.77214365162223
2024-01-02 20:22:10,5,54.07145682890895
2024-01-02 20:23:45,5,44.99719117461383
2024-01-02 20:24:14,5,47.864688637857014
2024-01-02 20:25:28,5,71.43825930089093
2024-01-02 20:27:00,5,58.6445229645516
2024-01-02 20:27:45,5,46.244105174349805
2024-01-02 20:28:00,5,56.91765633102492
2024-01-02 20:29:22,5,64.38610769693985
2024-01-02 20:31:18,5,50.431590827677965
2024-01-02 20:32:17,5,45.04200478600415
2024-01-02 20:33:18,5,69.16583823344692
2024-01-02 20:35:15,5,58.03392375197781
2024-01-02 20:36:43,5,4.77652052895294
2024-01-02 20:37:03,5,6.730888961708024
2024-01-02 20:38:10,5,28.370699953408472
2024-01-02 20:39:38,5,20.81923615616665
2024-01-02 20:41:11,5,16.275253423927627
2024-01-02 20:41:26,5,8.865448480170091
2024-01-02 20:42:50,5,15.70660872647547
2024-01-02 20:43:35,5,14.81913003382725
2024-01-02 20:45:07,5,18.099135768826837
2024-01-02 20:46:32,5,23.845054629319076
2024-01-02 20:47:16,5,27.79745278380056
2024-01-02 20:48:10,5,19.248806041407097
2024-01-02 20:48:56,5,21.804993057608037
2024-01-02 20:49:11,5,18.509698253918557
2024-01-02 20:49:30,5,12.782855886352973
2024-01-02 20:50:35,5,13.5608433966806
2024-01-02 20:52:27,5,14.881984699135533
2024-01-02 20:53:01,5,20.787912521754766
2024-01-02 20:53:21,5,19.710555189750007
2024-01-02 20:54:47,5,15.200568623409254
2024-01-02 20:55:51,5,16.938499497148594
2024-01-02 20:56:27,5,15.723680971322537
2024-01-02 20:56:57,5,22.796591729884174
2024-01-02 20:58:45,5,18.78404266048551
2024-01-02 20:59:56,5,17.597163023116508
2024-01-02 21:00:14,5,21.04961666621107
2024-01-02 21:00:30,5,9.313359687179037
2024-01-02 21:00:44,5,16.152914143568175
2024-01-02 21:01:51,5,20.586196933403443
2024-01-02 21:03:32,5,11.41635630473763
2024-01-02 21:04:09,5,21.302680480480298
2024-01-02 21:04:49,5,22.880978279228813
2024-01-02 21:05:53,5,16.229393821613247
2024-01-02 21:06:24,5,19.53016641181755
2024-01-02 21:07:16,5,12.320672938282632
2024-01-02 21:07:42,5,11.986543084882825
2024-01-02 21:09:13,5,26.553293362954925
2024-01-02 21:09:27,5,14.673320982832793
2024-01-02 21:10:35,5,18.098926818410888
2024-01-02 21:10:50,5,20.99148873345787
2024-01-02 21:12:34,5,20.604813015640286
2024-01-02 21:13:11,5,21.485079199373097
2024-01-02 21:14:12,5,20.63074412561673
2024-01-02 21:16:09,5,14.971658091207438
2024-01-02 21:16:40,5,18.240042442415024
2024-01-02 21:18:12,5,21.065762518118508
2024-01-02 21:19:51,5,15.844224667913178
2024-01-02 21:21:19,5,17.987366695761065
2024-01-02 21:22:34,5,12.986450728748004
2024-01-02 21:24:29,5,20.93111337427881
2024-01-02 21:25:08,5,15.178434725298853
2024-01-02 21:26:29,5,15.896544307498903
2024-01-02 21:28:10,5,16.00447635727047
2024-01-02 21:28:47,5,21.98475091117045
2024-01-02 21:29:17,5,16.17779498447237
2024-01-02 21:29:36,5,19.807814342780937
2024-01-02 21:31:13,5,19.512851674678917
2024-01-02 21:31:26,5,18.065023819916547
2024-01-02 21:32:45,5,23.405507858145068
2024-01-02 21:34:31,5,48.9963864204629
2024-01-02 21:35:32,5,48.359902222775204
2024-01-02 21:37:07,5,40.94271855581955
2024-01-02 21:38:12,5,49.205097062458634
2024-01-02 21:39:29,5,52.21593011712227
2024-01-02 21:40:37,5,63.88052854045257
2024-01-02 21:41:48,5,49.42929806377681
2024-01-02 21:43:31,5,46.27981129993923
2024-01-02 21:44:01,5,65.02160952791999
2024-01-02 21:45:54,5,42.681157544495036
2024-01-02 21:47:20,5,52.31046932100556
2024-01-02 21:48:50,5,57.6353593325652
2024-01-02 21:50:01,5,42.397419542863155
2024-01-02 21:50:40,5,59.865333027793646
2024-01-02 21:52:01,5,53.629411845862975
2024-01-02 21:52:41,5,45.87561395917733
2024-01-02 21:54:12,5,54.028457953674405
2024-01-02 21:55:16,5,53.64168165074007
2024-01-02 21:55:26,5,68.64770097692417
2024-01-02 21:56:17,5,62.627353124405694
2024-01-02 21:58:05,5,63.67803870459061
2024-01-02 21:59:53,5,54.66914398620893
2024-01-02 22:00:24,5,54.16196942059201
2024-01-02 22:01:16,5,50.88043580252078
2024-01-02 22:02:19,5,72.75291658386521
2024-01-02 22:03:02,5,47.58515274539966
2024-01-02 22:03:31,5,71.17959684380905
2024-01-02 22:04:29,5,19.111095566992258
2024-01-02 22:05:23,5,19.934209097667342
2024-01-02 22:06:07,5,47.703861811790276
2024-01-02 22:07:59,5,47.078322047447955
2024-01-02 22:09:33,5,48.48919727537674
2024-01-02 22:09:59,5,57.81574716132599
2024-01-02 22:11:38,5,52.02555245355767
2024-01-02 22:12:36,5,75.84071273652489
2024-01-02 22:14:06,5,44.70979151625187
2024-01-02 22:14:24,5,62.85517645344334
2024-01-02 22:14:53,5,65.46848787339246
2024-01-02 22:16:51,5,63.06302616065025
2024-01-02 22:18:08,5,56.86011445105714
2024-01-02 22:19:30,5,32.208578187667925
2024-01-02 22:20:58,5,55.35981490563089
2024-01-02 22:21:12,5,26.818673115518777
2024-01-02 22:22:30,5,13.751000141866388
2024-01-02 22:23:13,5,16.866480160275646
2024-01-02 22:24:40,5,8.461021818978086
2024-01-02 22:25:35,5,19.416235175971536
2024-01-02 22:26:27,5,10.70159860040274
2024-01-02 22:27:08,5,23.093620357127875
2024-01-02 22:27:58,5,21.499049922548792
2024-01-02 22:28:45,5,18.664554618727227
2024-01-02 22:29:48,5,55.238537026633374
2024-01-02 22:30:58,5,59.90028253317602
2024-01-02 22:31:59,5,64.60561353483229
2024-01-02 22:32:16,5,49.67512903900206
2024-01-02 22:32:48,5,64.06838768369951
2024-01-02 22:34:47,5,62.30804829938171
2024-01-02 22:35:14,5,53.01881763890692
2024-01-02 22:35:46,5,49.961361087036295
2024-01-02 22:37:22,5,54.02239768549371
2024-01-02 22:39:20,5,69.56083156105196
2024-01-02 22:40:01,5,52.012274974956455
2024-01-02 22:40:53,5,54.52523008607424
2024-01-02 22:41:15,5,55.44670869655831
2024-01-02 22:42:21,5,45.60582201214422
2024-01-02 22:43:18,5,62.224080067382694
2024-01-02 22:43:59,5,58.07104576425052
2024-01-02 22:45:21,5,53.86265195762483
2024-01-02 22:46:27,5,56.158069670017156
2024-01-02 22:48:22,5,57.27015736955906
2024-01-02 22:49:56,5,49.09573045940248
2024-01-02 22:51:14,5,56.944612158837636
2024-01-02 22:52:05,5,56.135186536025145
2024-01-02 22:52:46,5,62.71803000274179
2024-01-02 22:53:43,5,53.41785189182292
2024-01-02 22:54:46,5,55.46846072395046
2024-01-02 22:56:00,5,62.472760838722074
2024-01-02 22:56:12,5,35.62026685511647
2024-01-02 22:57:18,5,49.4090542789506
2024-01-02 22:59:15,5,12.281332302517727
2024-01-02 23:00:27,5,32.456059249194915
2024-01-02 23:02:24,5,24.63564277750185
2024-01-02 23:03:42,5,17.616204936186353
2024-01-02 23:05:33,5,50.95550317530889
2024-01-02 23:06:07,5,57.68461899866732
2024-01-02 23:06:54,5,42.899119231295714
2024-01-02 23:08:27,5,60.195878000182184
2024-01-02 23:09:26,5,47.19140580845002
2024-01-02 23:11:09,5,56.012511777977885
2024-01-02 23:12:10,5,53.15093382983012
2024-01-02 23:12:31,5,50.39444426845385
2024-01-02 23:12:54,5,42.20676430118054
2024-01-02 23:13:26,5,54.26121748683396
2024-01-02 23:14:43,5,46.65134487852624
2024-01-02 23:15:50,5,49.757794587314976
2024-01-02 23:16:47,5,45.73476233659065
2024-01-02 23:17:42,5,58.69248443350957
2024-01-02 23:18:06,5,57.96535831958767
2024-01-02 23:19:27,5,20.98310258190889
2024-01-02 23:21:08,5,17.05045646464325
2024-01-02 23:21:21,5,20.666328774896243
2024-01-02 23:21:55,5,19.19849897363667
2024-01-02 23:23:39,5,14.548239624725447
2024-01-02 23:25:30,5,16.566784768356218
2024-01-02 23:25:41,5,19.85349255430524
2024-01-02 23:27:28,5,25.54443622507928
2024-01-02 23:27:54,5,15.90711384740608
2024-01-02 23:28:17,5,18.449170610642277
2024-01-02 23:29:32,5,13.958055813853658
2024-01-02 23:31:25,5,13.685923770636926
2024-01-02 23:33:09,5,21.509781668799054
2024-01-02 23:34:28,5,19.647308739114926
2024-01-02 23:35:32,5,64.94266135783994
2024-01-02 23:37:13,5,61.51448050871107
2024-01-02 23:38:10,5,39.049677830437844
2024-01-02 23:38:32,5,56.67760318471177
2024-01-02 23:40:28,5,45.37089598568032
2024-01-02 23:41:01,5,69.53884488548135
2024-01-02 23:42:28,5,75.61934956003614
2024-01-02 23:43:01,5,17.183999212065153
2024-01-02 23:44:37,5,12.861408219749507
2024-01-02 23:46:02,5,18.206718960967407
2024-01-02 23:47:32,5,28.953971547210486
2024-01-02 23:48:02,5,14.425229968082224
2024-01-02 23:48:29,5,12.203584564912733
2024-01-02 23:49:23,5,13.49265674538417
2024-01-02 23:50:36,5,22.1185067876022
2024-01-02 23:52:34,5,18.335347500068064
2024-01-02 23:53:43,5,18.28142009760645
2024-01-02 23:55:25,5,20.73937618497351
2024-01-02 23:56:54,5,23.088964936020446
2024-01-02 23:58:30,5,25.202338697006383
2024-01-02 23:59:46,5,12.736464136485804
2024-01-03 00:01:37,5,26.22190142850622
